image,c1,c2,c3,c4,c5,c6,c7,c8,c9,c10,c11,c12,c13,c14,c15,c16,c17,c18,c19,c20,c21,c22,c23,c24,c25,c26,c27,c28,c29,c30,c31,c32,c33,c34,c35,c36,c37,c38,c39,c40,c41,c42,c43,c44,c45,c46,c47,c48,c49,c50,c51,c52,c53,c54,c55,c56,c57,c58,c59,c60,c61,c62,c63,c64
abk_csk_vs_mi_1.jpg,0,0,0,0,0,0,0,0,0,0,1,0,6,6,6,0,0,1,1,0,6,6,0,0,0,1,1,6,6,6,0,0,0,1,1,6,6,6,0,0,0,1,1,1,6,6,0,0,0,1,0,6,6,6,0,0,0,0,0,0,0,0,0,0
abk_csk_vs_mi_2.jpg,0,0,0,0,0,0,0,0,0,0,0,0,0,0,0,0,0,0,0,0,0,0,0,0,0,0,0,1,0,0,0,0,0,0,0,1,0,6,6,0,0,0,0,1,0,6,0,0,0,0,0,1,1,6,0,0,0,0,0,1,0,6,0,0
abk_csk_vs_mi_3.jpg,0,0,0,0,0,0,0,0,0,0,0,0,0,6,0,0,0,1,1,0,0,6,0,0,0,1,1,1,0,6,6,0,1,1,1,1,0,6,6,0,1,1,1,1,0,6,6,0,1,0,1,1,0,6,6,0,0,0,0,0,0,0,0,0
abk_csk_vs_mi_4.jpg,0,0,0,0,0,0,0,0,0,0,0,0,0,0,1,0,0,6,0,0,1,0,0,0,0,6,0,0,1,1,6,6,0,6,6,0,1,1,6,6,6,6,6,0,1,1,1,6,6,0,6,0,1,0,1,0,0,0,0,0,0,0,0,0
abk_DCvsRR_image_0.jpg,0,0,0,0,0,0,0,0,0,0,8,8,0,0,0,0,0,8,8,0,0,0,0,0,0,0,0,0,0,0,0,0,0,0,8,0,0,0,0,0,0,8,8,0,0,0,0,0,0,8,8,0,0,0,0,0,0,0,0,0,0,0,0,0
abk_DCvsRR_image_1.jpg,0,0,0,0,0,0,0,0,0,0,0,0,0,0,0,0,0,0,0,0,0,0,0,0,0,0,0,0,0,0,0,0,8,0,0,0,0,0,0,0,8,8,0,0,0,0,0,0,0,0,0,0,0,0,0,0,0,0,0,0,0,0,0,0
abk_DCvsRR_image_10.jpg,0,0,0,0,0,0,0,0,0,0,0,0,8,0,0,0,0,0,0,8,8,0,0,0,0,0,0,8,8,0,0,0,0,0,0,0,0,0,0,0,0,0,0,0,0,0,0,0,0,0,0,0,0,0,0,0,0,0,0,0,0,0,0,0
abk_DCvsRR_image_100.jpg,0,0,0,0,0,0,0,0,0,0,0,0,0,0,0,0,0,0,0,0,0,2,0,0,0,0,0,0,2,2,0,0,2,2,2,2,2,2,2,2,2,2,2,2,2,2,2,2,2,2,2,2,2,2,2,2,2,2,2,2,2,2,2,2
abk_DCvsRR_image_101.jpg,0,0,0,0,0,0,0,0,0,0,0,0,0,0,0,0,0,0,0,0,8,8,0,0,0,0,8,0,8,8,0,0,0,0,8,8,8,8,0,0,0,8,0,0,8,0,8,0,0,8,0,0,0,0,0,0,0,0,0,0,0,0,0,0
abk_GTvsPBKS_image_99.jpg,0,0,0,0,0,0,0,0,0,0,0,0,0,0,0,0,0,0,0,0,0,0,0,0,0,0,0,0,0,0,0,0,0,0,0,0,3,0,0,0,0,0,0,0,3,0,0,0,0,0,0,0,0,0,0,0,0,0,0,0,2,0,0,0
abk_DCvsRR_image_102.jpg,0,0,0,0,0,0,0,0,0,0,8,2,2,0,0,0,0,0,8,2,2,2,2,0,0,0,8,2,2,2,2,0,0,0,8,2,2,2,0,0,0,0,8,2,2,2,2,0,0,0,8,2,2,2,2,0,0,0,0,0,0,0,0,0
abk_DCvsRR_image_103.jpg,0,0,0,0,0,0,0,0,0,0,0,0,0,0,0,0,0,0,0,0,0,0,0,0,0,0,0,0,0,0,0,0,0,0,0,0,0,0,0,0,0,0,0,0,0,0,0,0,0,0,0,0,0,0,0,0,0,0,0,0,0,0,0,0
abk_DCvsRR_image_104.jpg,0,0,0,0,2,0,0,0,0,0,0,0,2,0,0,0,0,0,0,0,2,0,0,0,0,0,0,0,2,0,0,0,0,0,0,2,2,0,0,0,0,0,0,2,2,0,0,0,0,0,0,0,2,0,0,0,0,0,0,0,0,0,0,0
abk_DCvsRR_image_105.jpg,0,0,0,0,0,0,0,0,0,0,0,0,0,0,0,0,0,0,0,0,2,0,0,0,0,8,0,0,2,2,0,0,0,8,0,0,2,2,0,0,0,0,0,0,2,2,0,0,0,8,0,0,2,0,0,0,0,0,0,0,0,0,0,0
abk_DCvsRR_image_106.jpg,2,2,2,0,2,2,2,0,2,2,0,0,0,2,2,0,2,2,0,0,0,0,0,2,2,2,0,0,0,0,0,2,2,2,2,0,0,0,0,2,2,2,2,2,2,2,2,2,2,2,2,2,2,2,2,2,0,2,2,2,2,0,2,2
abk_DCvsRR_image_107.jpg,0,0,2,0,0,0,0,0,0,0,2,0,0,0,0,0,0,0,2,8,8,0,0,0,0,0,2,8,8,0,0,0,0,0,2,8,8,0,0,0,0,0,0,8,8,0,0,0,0,0,0,8,8,0,0,0,0,0,0,0,0,0,0,0
abk_DCvsRR_image_108.jpg,0,0,0,0,0,0,0,0,0,0,0,2,0,2,0,0,0,0,2,2,0,2,0,0,0,0,0,2,0,2,0,0,0,0,0,2,0,2,0,0,0,0,2,2,0,2,0,0,0,0,2,2,0,2,0,0,0,0,0,0,0,0,0,0
abk_DCvsRR_image_109.jpg,0,0,0,0,0,0,0,0,0,0,8,0,0,2,0,0,0,0,8,0,0,2,0,0,0,8,8,0,2,2,0,0,0,0,0,0,2,0,0,0,0,8,0,8,2,0,0,0,0,8,8,0,2,2,0,0,0,0,0,0,2,0,0,0
abk_DCvsRR_image_11.jpg,0,0,0,0,0,0,0,0,0,0,0,2,0,0,0,0,0,0,0,2,0,0,0,0,0,0,0,2,0,0,0,0,0,0,0,2,2,0,0,0,0,0,0,0,0,0,0,0,0,0,0,0,0,0,0,0,0,0,0,0,0,0,0,0
abk_DCvsRR_image_110.jpg,0,0,0,0,0,0,0,0,0,0,0,0,0,0,0,0,0,0,0,2,0,0,0,0,0,0,0,2,0,0,0,0,0,0,0,2,0,0,0,0,0,0,2,2,0,0,0,0,0,0,0,0,2,0,0,0,0,0,0,0,0,0,0,0
abk_DCvsRR_image_111.jpg,0,0,0,0,0,0,0,0,0,0,0,0,0,0,0,0,0,0,0,0,2,0,0,0,0,0,0,0,2,0,0,0,0,0,0,8,2,0,0,0,0,0,8,0,2,0,0,0,0,0,8,0,2,0,0,0,0,0,0,0,0,0,0,0
abk_DCvsRR_image_112.jpg,0,0,0,0,0,0,8,0,0,0,0,0,0,0,8,0,0,0,8,0,0,0,8,0,0,0,8,2,0,0,0,0,0,0,8,2,0,0,0,0,0,0,8,2,0,0,8,0,0,0,0,2,0,0,8,0,0,0,0,0,2,0,8,0
abk_DCvsRR_image_113.jpg,0,0,0,0,0,0,0,0,0,0,0,0,0,0,0,0,0,0,0,0,0,0,0,0,0,0,0,0,0,0,0,0,0,0,0,0,0,0,0,0,0,0,0,0,0,0,0,0,0,0,0,0,0,0,0,0,0,0,0,0,0,0,0,0
abk_DCvsRR_image_114.jpg,0,0,0,0,0,0,0,0,0,0,0,0,2,0,0,0,0,0,0,2,2,0,0,0,0,0,0,2,0,0,0,0,0,0,0,2,2,0,0,0,0,0,2,0,0,0,0,0,0,0,0,0,0,0,0,0,0,0,0,0,0,0,0,0
abk_DCvsRR_image_115.jpg,0,0,2,2,0,0,0,0,0,0,2,0,0,0,0,0,0,0,2,0,0,0,0,0,0,0,2,0,0,0,0,0,0,0,2,0,2,0,0,0,0,0,2,2,2,0,0,0,0,0,2,2,2,0,0,0,0,0,2,2,0,0,0,0
abk_DCvsRR_image_116.jpg,0,0,0,0,0,0,0,0,0,0,0,0,0,0,0,0,0,0,0,0,0,0,0,0,0,0,0,0,0,0,0,0,0,2,2,2,2,0,0,0,2,2,2,2,0,0,0,0,2,2,2,2,0,0,0,0,2,2,2,2,0,0,0,0
IPL-2026-CSK-DC-1-KSK.jpg,0,0,0,0,0,0,0,0,0,0,0,0,0,0,0,0,0,0,1,0,0,0,2,0,0,1,1,0,0,0,2,0,0,1,1,0,0,0,2,0,0,1,1,0,0,2,2,0,0,1,1,0,0,0,2,0,0,0,0,0,0,0,0,0
IPL-2026-CSK-DC-10-KSK.jpg,0,0,0,0,0,0,0,0,0,0,0,0,0,0,0,0,0,0,0,1,0,0,0,0,0,0,0,0,1,0,0,0,0,0,0,0,1,0,0,0,0,0,0,0,1,0,0,0,0,0,0,0,0,0,0,0,0,0,0,0,0,0,0,0
IPL-2026-CSK-DC-11-KSK.jpg,0,0,0,0,0,0,0,0,0,0,0,0,0,0,0,0,0,0,0,1,1,0,0,0,0,2,2,1,1,0,0,0,0,2,2,1,1,0,0,0,0,2,2,1,1,0,0,0,0,2,2,1,1,0,0,0,0,0,0,0,0,0,0,0
IPL-2026-CSK-DC-12-KSK.jpg,0,0,0,0,0,0,0,0,0,0,0,0,1,1,0,0,0,0,0,0,1,0,0,0,0,0,0,0,1,0,0,0,0,0,0,0,2,0,0,0,0,0,0,0,2,0,0,0,0,0,0,0,2,0,0,0,0,0,0,0,0,0,0,0
IPL-2026-CSK-DC-13-KSK.jpg,0,0,0,0,0,0,0,0,0,0,0,0,0,0,0,0,0,0,0,1,0,0,0,0,0,0,0,1,0,0,0,0,0,0,0,1,0,0,0,0,0,0,0,1,0,0,0,0,0,0,0,1,0,0,0,0,0,0,0,0,0,0,0,0
IPL-2026-CSK-DC-14-KSK.jpg,0,0,0,0,0,0,0,0,0,0,0,0,0,0,0,0,0,0,0,0,1,0,0,0,0,0,0,1,1,1,0,0,0,0,0,1,1,1,0,0,0,0,0,1,1,1,0,0,0,0,0,1,1,1,0,0,0,0,0,0,0,0,0,0
IPL-2026-CSK-DC-15-KSK.jpg,0,0,0,0,0,0,0,0,0,0,0,0,2,0,0,0,0,0,0,0,0,0,0,0,0,0,0,0,2,0,0,0,0,0,0,0,2,0,0,0,0,0,0,0,2,0,0,0,0,0,0,0,0,0,0,0,0,0,0,0,0,0,0,0
IPL-2026-CSK-DC-16-KSK.jpg,0,0,0,0,0,0,0,0,0,0,1,0,0,0,0,0,0,0,1,0,1,1,0,0,0,0,1,1,1,1,0,0,0,0,1,1,1,1,0,0,0,0,1,1,0,1,0,0,0,0,0,1,0,1,0,0,0,0,0,0,0,0,0,0
IPL-2026-CSK-DC-17-KSK.jpg,0,0,0,0,0,0,0,0,0,0,0,0,0,0,0,0,0,0,0,0,1,0,0,0,0,0,0,1,1,1,0,0,0,0,0,1,1,1,0,0,0,0,0,1,1,1,0,0,0,0,0,1,1,1,0,0,0,0,0,0,0,0,0,0
IPL-2026-CSK-DC-18-KSK.jpg,0,0,0,0,0,0,0,0,0,0,0,2,2,0,0,0,0,0,0,2,2,0,1,0,0,0,0,2,0,0,1,0,0,0,0,2,0,0,1,0,0,0,0,0,0,0,1,0,0,0,0,0,0,0,0,0,0,0,0,0,0,0,0,0
IPL-2026-CSK-DC-19-KSK.jpg,0,0,0,0,0,0,0,0,0,0,0,0,0,0,0,0,0,0,1,0,0,0,0,0,0,0,1,0,1,1,0,0,0,0,1,0,1,1,0,0,0,0,1,1,1,1,0,0,0,0,0,1,0,0,0,0,0,0,0,0,0,0,0,0
IPL-2026-CSK-DC-2-KSK.jpg,0,0,0,0,0,0,0,0,0,0,1,1,1,1,1,0,0,0,1,1,1,1,1,0,0,0,1,1,1,1,1,0,0,0,1,1,1,1,1,0,0,0,1,1,1,1,1,0,0,0,1,1,1,1,1,0,0,0,0,0,0,0,0,0
IPL-2026-CSK-DC-20-KSK.jpg,0,0,0,2,0,0,0,0,0,0,0,2,0,0,0,0,0,0,0,2,0,0,0,0,0,0,0,0,0,0,0,0,0,0,0,1,1,0,0,0,0,0,1,1,1,0,0,0,0,0,1,1,0,0,0,0,0,0,0,0,0,0,0,0
IPL-2026-CSK-DC-21-KSK.jpg,0,0,0,0,0,0,0,0,0,0,1,0,0,0,0,0,0,0,1,1,2,0,0,0,0,0,1,1,0,2,0,0,0,0,1,0,0,2,0,0,0,0,0,0,0,2,0,0,0,0,0,0,0,0,0,0,0,0,0,0,0,0,0,0
IPL-2026-CSK-DC-22-KSK.jpg,0,0,0,0,0,0,0,0,0,0,0,0,0,0,0,0,0,0,0,0,0,0,0,0,0,2,0,1,1,0,0,0,0,2,0,1,1,0,0,0,0,2,0,1,1,0,0,0,0,2,0,0,0,0,0,0,0,0,0,0,0,0,0,0
IPL-2026-CSK-DC-23-KSK.jpg,0,0,0,0,0,0,0,0,0,0,0,0,1,0,0,0,0,0,0,0,1,0,0,0,0,0,0,0,0,0,0,0,0,0,0,0,1,0,0,0,0,0,0,0,0,0,0,0,0,0,0,0,0,0,0,0,0,0,0,0,0,0,0,0
IPL-2026-CSK-DC-24-KSK.jpg,0,0,0,0,0,0,0,0,0,0,0,0,0,0,0,0,0,0,0,1,1,0,0,0,0,2,2,1,0,0,0,0,0,0,2,1,0,0,0,0,0,2,2,1,1,0,0,0,0,0,2,1,1,0,0,0,0,0,0,0,0,0,0,0
IPL-2026-CSK-DC-25-KSK.jpg,0,0,0,0,0,0,0,0,0,0,0,0,0,0,0,0,0,1,1,0,0,1,0,0,0,1,1,1,0,1,2,0,0,1,1,1,0,1,2,0,0,1,1,1,0,1,2,0,0,0,0,0,0,0,0,0,0,0,0,0,0,0,0,0
IPL-2026-CSK-DC-26-KSK.jpg,0,0,0,0,0,0,0,0,0,0,0,0,0,2,0,0,0,0,1,0,0,2,2,0,0,0,1,0,0,2,2,0,0,1,0,0,0,2,2,0,0,1,1,0,0,2,2,0,0,1,0,0,0,0,0,0,0,0,0,0,0,0,0,0
IPL-2026-CSK-DC-27-KSK.jpg,0,0,0,0,0,0,0,0,0,0,0,0,0,0,0,0,0,0,0,0,1,0,0,0,0,0,0,0,1,0,0,0,0,0,0,0,1,0,0,0,0,0,0,0,1,0,0,0,0,0,0,0,0,0,0,0,0,0,0,0,0,0,0,0
IPL-2026-CSK-DC-28-KSK.jpg,0,0,0,0,0,0,0,0,0,0,0,0,0,0,0,0,0,0,0,0,0,0,0,0,0,0,0,1,0,0,0,0,0,0,0,1,1,0,0,0,0,0,0,1,1,0,0,0,0,0,0,1,0,1,0,0,0,0,0,0,0,0,0,0
IPL-2026-CSK-DC-29-KSK.jpg,0,0,0,0,0,0,0,0,0,0,0,0,0,0,0,0,0,0,0,0,0,1,0,0,0,0,1,0,0,1,0,0,0,0,1,1,0,1,0,0,0,0,1,1,0,1,0,0,0,0,1,0,0,0,0,0,0,0,0,0,0,0,0,0
IPL-2026-CSK-DC-3-KSK.jpg,0,0,0,0,0,0,0,0,0,0,0,0,0,0,0,0,0,0,0,2,0,0,0,0,0,0,0,2,0,0,0,0,0,0,0,2,2,0,0,0,0,0,0,2,2,0,0,0,0,0,0,0,2,0,0,0,0,0,0,0,0,0,0,0
IPL-2026-CSK-DC-30-KSK.jpg,0,0,0,0,0,0,0,0,0,0,0,0,0,0,0,0,0,0,0,0,0,0,0,0,0,0,2,2,0,0,0,0,0,0,2,2,0,0,0,0,0,0,2,2,0,0,0,0,0,0,0,0,0,0,0,0,0,0,0,0,0,0,0,0
IPL-2026-CSK-DC-31-KSK.jpg,0,0,0,0,0,0,0,0,0,0,0,0,0,1,0,0,0,0,0,0,0,1,0,0,0,0,0,1,1,1,0,0,0,0,0,1,0,0,0,0,0,0,0,1,0,0,0,0,0,0,0,0,0,0,0,0,0,0,0,2,0,0,0,0
IPL-2026-CSK-DC-32-KSK.jpg,0,0,0,0,0,0,0,0,0,0,0,0,0,0,0,0,0,0,0,0,0,0,0,0,0,0,0,1,0,2,0,1,0,1,1,1,1,2,0,1,0,1,1,1,1,2,0,1,0,1,1,1,1,2,0,1,0,0,0,0,0,0,0,0
IPL-2026-CSK-DC-33-KSK.jpg,0,0,0,0,0,0,0,0,0,0,0,0,1,0,0,0,0,0,0,0,1,0,0,0,0,0,0,0,1,0,0,0,0,0,0,1,1,0,0,0,0,0,0,1,1,0,0,0,0,0,0,0,1,0,0,0,0,0,0,0,0,0,0,0
IPL-2026-CSK-DC-34-KSK.jpg,0,0,0,0,0,0,0,0,0,0,1,0,0,0,0,0,1,1,1,1,1,0,1,1,1,0,1,1,1,0,1,1,1,0,0,1,1,0,1,1,1,1,1,1,1,1,1,1,1,1,1,1,1,1,1,1,0,0,0,0,0,0,0,0
IPL-2026-CSK-DC-35-KSK.jpg,0,0,0,0,0,0,0,0,0,0,0,0,1,0,0,0,0,0,0,1,1,0,0,0,0,0,0,1,1,0,0,0,0,0,0,1,1,0,0,0,0,0,0,1,0,0,0,0,0,0,0,0,0,0,0,0,0,0,0,0,0,0,0,0
IPL-2026-CSK-DC-36-KSK.jpg,0,0,0,0,0,1,0,0,0,0,0,0,1,1,0,0,0,0,0,1,1,1,0,0,0,0,0,1,1,1,0,0,0,0,0,1,0,1,0,0,0,0,0,1,0,0,0,0,0,0,0,0,0,0,0,0,0,0,0,0,0,0,0,0
IPL-2026-CSK-DC-37-KSK.jpg,0,0,0,0,0,0,0,0,0,0,0,0,0,0,0,0,0,0,0,1,0,0,0,0,0,0,0,1,1,0,0,0,0,0,0,1,1,0,0,0,0,0,0,1,1,0,0,0,0,0,0,1,0,0,0,0,0,0,0,0,0,0,0,0
IPL-2026-CSK-DC-38-KSK.jpg,0,0,0,0,0,0,0,0,0,0,0,1,0,0,0,0,0,0,0,0,0,0,0,0,0,0,0,0,1,0,0,0,0,0,0,1,1,0,0,0,0,0,0,1,1,1,0,0,0,0,0,0,1,0,0,0,0,0,0,0,0,0,0,0
IPL-2026-CSK-DC-39-KSK.jpg,0,0,0,0,0,0,0,0,0,0,0,0,0,0,0,0,0,0,0,0,0,0,0,0,0,0,0,0,0,0,2,0,0,1,1,0,0,2,2,0,0,0,1,1,0,2,2,0,0,0,1,0,0,2,2,0,0,0,1,1,0,2,2,0
abk_DCvsRR_image_117.jpg,0,0,0,0,0,0,0,0,0,2,0,0,0,0,0,0,0,2,0,0,8,8,0,0,0,2,0,0,8,0,0,0,0,2,0,0,8,0,0,0,0,2,2,0,8,0,0,0,0,2,0,0,8,0,0,0,0,0,0,0,0,0,0,0
abk_DCvsRR_image_118.jpg,0,0,0,0,0,0,0,0,0,0,0,0,0,0,0,0,0,0,0,0,0,0,0,0,0,0,0,0,0,0,0,0,0,0,0,0,0,0,0,0,0,0,0,0,0,0,0,0,0,0,0,0,0,0,0,0,0,0,0,0,0,0,0,0
abk_DCvsRR_image_119.jpg,0,0,0,0,0,0,0,0,0,0,0,0,0,2,0,0,0,0,0,0,0,2,0,0,0,0,0,0,2,2,0,0,0,0,0,0,2,0,0,0,0,0,0,0,2,0,0,0,0,0,0,0,2,0,0,0,0,0,0,0,0,0,0,0
abk_DCvsRR_image_12.jpg,0,0,0,0,0,0,0,0,0,0,0,2,0,0,0,0,0,0,2,0,0,0,0,0,0,0,2,0,0,0,0,0,0,0,2,0,0,0,0,0,0,0,2,0,0,0,0,0,0,0,2,0,0,0,0,0,0,0,0,0,0,0,0,0
abk_DCvsRR_image_120.jpg,0,0,0,0,0,0,0,0,0,0,0,0,0,0,0,0,0,0,0,0,0,0,0,0,0,0,0,0,0,0,0,0,0,0,0,0,0,0,0,0,0,0,0,0,0,0,0,0,0,0,0,0,0,0,0,0,0,0,0,0,0,0,0,0
abk_DCvsRR_image_121.jpg,0,0,0,0,0,0,0,0,0,0,0,0,0,0,0,0,0,0,0,0,2,0,8,0,0,0,0,0,0,0,8,0,0,0,0,0,2,0,0,0,0,0,0,0,2,0,8,0,0,0,0,0,2,0,8,0,0,0,0,0,0,0,0,0
abk_DCvsRR_image_122.jpg,0,0,0,0,0,0,0,0,0,0,0,0,0,0,0,0,0,0,0,0,8,0,0,0,0,0,0,0,0,0,0,0,0,2,2,0,8,8,0,0,0,2,2,0,8,8,0,0,0,2,2,0,8,8,0,0,0,2,2,0,8,8,0,0
abk_DCvsRR_image_123.jpg,0,2,0,0,0,0,0,0,0,2,0,0,0,0,0,0,0,2,2,0,0,0,0,0,0,2,2,0,0,0,0,0,0,0,2,0,0,0,0,0,0,0,2,0,0,0,0,0,0,0,2,0,0,0,0,0,0,0,0,0,0,0,0,0
abk_DCvsRR_image_124.jpg,0,0,0,0,0,0,0,0,0,0,0,0,0,0,0,0,0,0,0,0,0,0,0,0,0,0,0,0,0,0,0,0,0,0,0,0,0,0,0,0,0,0,0,0,0,0,0,0,0,0,0,0,0,0,0,0,0,0,0,0,0,0,0,0
abk_DCvsRR_image_125.jpg,0,0,0,0,0,0,0,0,0,0,0,0,0,0,0,0,0,2,0,2,2,0,0,0,2,2,0,2,2,0,0,0,2,2,0,2,2,0,0,0,0,2,0,2,2,0,0,0,0,0,0,2,2,0,0,0,0,0,0,0,0,0,0,0
abk_DCvsRR_image_126.jpg,0,0,0,0,0,0,0,0,0,0,0,0,0,0,0,0,0,0,0,0,0,2,0,0,0,0,8,0,0,2,0,0,0,8,8,0,0,2,2,0,0,8,8,0,0,2,2,0,0,8,0,0,0,2,2,0,0,0,0,0,0,0,0,0
abk_DCvsRR_image_127.jpg,0,0,0,0,0,0,0,0,0,0,0,0,0,0,0,0,0,0,0,0,0,0,0,0,0,0,0,0,0,0,0,0,0,0,0,0,8,0,0,0,0,0,0,0,0,0,0,0,0,0,0,0,0,0,0,0,0,0,0,0,0,0,0,0
abk_DCvsRR_image_128.jpg,0,0,0,0,0,0,0,0,0,0,0,0,0,0,0,0,0,0,0,8,8,0,0,0,0,0,0,0,0,0,0,0,0,0,0,0,0,0,0,0,0,0,0,0,0,0,0,0,0,0,0,0,0,8,0,0,0,0,0,8,0,0,0,0
abk_DCvsRR_image_129.jpg,0,0,0,0,0,0,0,0,0,0,0,8,0,0,0,0,0,0,8,8,0,0,0,0,0,0,8,8,0,0,0,0,0,0,2,0,0,0,0,0,0,0,2,2,0,0,0,0,0,8,0,2,0,0,0,0,0,0,0,0,0,0,0,0
abk_DCvsRR_image_13.jpg,0,0,0,0,0,0,0,0,0,0,0,0,0,0,0,0,0,0,8,8,0,0,0,0,0,0,8,8,0,0,0,0,0,0,8,8,0,0,0,0,0,0,8,8,0,0,0,0,0,0,8,8,0,0,0,0,0,0,8,8,0,0,0,0
abk_DCvsRR_image_130.jpg,0,0,0,0,0,0,0,0,0,0,0,0,2,2,0,0,0,8,0,0,2,2,0,0,8,8,0,0,0,2,0,8,8,8,0,0,0,2,0,8,8,8,0,0,2,2,0,8,8,8,0,0,2,0,0,0,0,0,0,0,0,0,0,0
abk_DCvsRR_image_131.jpg,0,0,0,0,0,0,0,0,0,0,0,0,0,0,0,0,0,0,0,0,0,0,0,0,0,0,0,0,0,0,0,0,0,0,0,0,0,0,0,0,0,0,0,0,0,0,0,0,0,0,0,0,0,0,0,0,0,0,0,0,0,0,0,0
abk_DCvsRR_image_132.jpg,0,0,0,0,0,0,0,0,0,0,0,0,0,0,0,0,0,0,0,0,2,2,0,0,0,0,0,2,2,2,0,0,0,0,0,2,0,2,0,0,0,0,2,2,0,0,0,0,0,0,0,0,0,0,0,0,0,0,0,0,0,0,0,0
abk_DCvsRR_image_133.jpg,0,0,0,0,0,0,0,0,0,0,0,0,0,0,0,0,0,0,0,0,8,0,0,0,0,0,0,0,8,0,0,0,0,0,0,8,8,8,0,0,0,0,0,8,8,0,0,0,0,0,0,8,8,8,0,0,0,0,0,0,0,0,0,0
abk_DCvsRR_image_134.jpg,0,0,0,0,0,0,0,0,0,0,0,0,0,0,0,0,0,0,2,0,8,0,0,0,0,0,2,0,8,0,2,0,0,2,2,0,8,0,2,0,0,2,0,0,8,0,2,0,0,2,0,2,8,0,0,0,0,0,0,0,0,0,0,0
abk_DCvsRR_image_135.jpg,0,0,0,0,0,0,0,0,0,0,0,8,0,0,0,0,0,0,0,0,0,0,0,0,0,8,8,0,0,0,0,0,0,0,8,0,0,0,0,0,0,0,8,0,0,0,0,0,0,8,8,0,0,0,0,0,0,0,0,0,0,0,0,0
abk_DCvsRR_image_136.jpg,0,0,2,0,0,0,0,0,0,0,0,0,0,0,0,0,0,2,2,0,0,0,2,0,0,2,2,0,0,0,2,2,0,2,2,2,2,0,2,2,0,2,2,2,2,0,0,0,0,2,2,2,2,0,2,2,0,2,2,2,2,0,2,0
abk_DCvsRR_image_137.jpg,0,0,0,8,0,0,0,0,0,0,0,0,0,0,0,0,0,0,0,8,0,0,0,0,0,0,0,8,0,0,0,0,0,0,0,8,0,0,0,0,0,0,0,8,0,0,0,0,0,0,0,8,0,0,0,0,0,0,0,0,0,0,0,0
abk_DCvsRR_image_138.jpg,0,0,0,0,0,0,0,0,0,0,0,0,0,0,0,0,0,0,0,0,0,0,0,0,0,0,0,0,0,0,0,0,0,0,0,0,0,0,0,0,0,0,0,0,0,0,0,0,0,0,0,0,0,0,0,0,0,0,0,0,0,0,0,0
abk_DCvsRR_image_139.jpg,0,0,0,0,0,0,0,0,0,0,0,0,0,0,0,0,0,0,2,0,0,0,0,0,0,0,2,0,0,0,0,0,0,8,2,0,0,0,0,0,0,8,0,2,0,0,0,0,0,0,0,0,0,0,0,0,0,0,0,0,0,0,0,0
abk_DCvsRR_image_14.jpg,0,0,0,0,0,0,0,0,0,0,2,0,2,0,0,0,0,0,2,0,0,0,0,0,0,0,0,0,2,0,0,0,0,0,0,0,2,0,0,0,0,0,2,0,2,0,0,0,0,0,0,0,2,0,0,0,0,0,0,0,0,0,0,0
abk_DCvsRR_image_140.jpg,0,0,0,0,0,0,0,0,0,0,0,0,0,0,0,0,0,0,0,8,0,0,0,0,0,0,0,8,0,0,0,0,0,0,0,8,0,0,0,0,0,0,0,8,0,0,0,0,0,0,0,8,0,0,0,0,0,0,0,0,0,0,0,0
abk_DCvsRR_image_141.jpg,0,0,0,0,0,0,0,0,0,2,0,0,0,0,0,0,0,2,0,0,0,8,0,0,0,0,0,0,8,8,0,0,2,0,0,0,8,0,0,0,2,0,0,0,0,8,0,0,2,0,0,0,0,0,0,0,0,0,0,0,0,0,0,0
abk_DCvsRR_image_142.jpg,0,0,0,0,0,0,0,0,0,0,0,0,0,0,0,0,0,0,0,0,0,0,0,0,0,0,0,0,0,0,0,0,0,0,0,0,0,0,0,0,0,0,0,0,0,0,0,0,0,0,0,0,0,0,0,0,0,0,0,0,0,0,0,0
abk_DCvsRR_image_143.jpg,0,0,0,0,0,0,0,0,0,0,0,0,0,0,0,0,0,0,0,0,0,0,0,0,0,0,0,0,0,0,0,0,0,0,0,0,0,0,0,0,0,0,0,0,0,0,0,0,0,0,0,0,0,0,0,0,0,0,0,0,0,0,0,0
abk_DCvsRR_image_144.jpg,0,0,0,0,0,0,0,0,0,0,0,0,0,0,0,0,0,0,0,0,0,2,0,0,0,0,0,0,0,2,0,0,0,0,0,0,2,2,0,0,0,0,0,0,0,0,0,0,0,0,0,0,0,0,0,0,0,0,0,0,0,0,0,0
abk_DCvsRR_image_145.jpg,0,0,0,0,0,0,0,0,0,0,0,0,0,0,0,0,0,0,0,8,0,0,0,0,0,0,0,0,0,0,0,0,0,0,8,8,8,0,0,0,0,0,0,8,0,0,0,0,0,0,0,8,0,0,0,0,0,0,0,8,0,0,0,0
abk_DCvsRR_image_146.jpg,0,0,0,0,8,0,0,0,0,0,0,0,0,0,0,0,0,0,0,0,8,0,0,0,0,0,0,0,8,0,0,0,0,0,0,0,0,0,0,0,0,0,0,0,0,0,0,0,0,0,0,0,8,0,0,0,0,0,0,0,8,0,0,0
abk_DCvsRR_image_147.jpg,0,0,0,0,0,0,0,0,0,0,0,0,0,0,0,0,0,0,0,0,0,0,0,0,0,0,0,0,0,0,0,0,0,0,0,0,0,0,0,0,0,0,0,0,0,0,0,0,0,0,0,0,0,0,0,0,0,0,0,0,0,0,0,0
abk_DCvsRR_image_148.jpg,0,0,0,0,0,0,0,0,0,0,2,2,0,0,0,0,0,0,2,2,0,0,0,0,0,2,2,0,0,0,0,0,0,2,2,0,0,0,0,0,0,2,2,0,0,0,0,0,0,0,2,2,0,0,0,0,0,2,0,0,0,0,0,0
abk_DCvsRR_image_149.jpg,0,0,0,0,0,0,0,0,0,0,0,0,2,2,0,0,8,8,0,0,2,2,0,0,8,8,0,0,0,0,0,0,8,8,0,0,2,0,0,0,8,0,0,2,0,0,0,0,8,0,0,2,0,0,0,0,0,0,0,0,0,0,0,0
abk_DCvsRR_image_15.jpg,0,0,2,2,0,2,0,0,0,0,0,0,0,0,0,0,0,0,2,0,0,2,0,0,0,0,2,0,0,2,2,0,0,0,0,0,0,2,2,0,0,0,2,0,0,2,0,0,0,0,2,2,0,2,2,0,0,0,2,2,0,2,2,0
abk_DCvsRR_image_150.jpg,0,0,0,0,0,0,0,0,0,0,0,0,0,0,0,0,0,0,0,8,0,0,0,0,0,0,0,8,0,0,0,0,0,0,0,8,8,0,0,0,0,0,0,8,0,0,0,0,0,0,8,8,0,0,0,0,0,0,0,0,0,0,0,0
abk_DCvsRR_image_16.jpg,0,0,0,0,0,0,0,0,0,0,0,0,0,8,0,0,0,0,0,0,8,0,0,0,0,0,0,8,0,0,0,0,0,0,0,8,0,0,0,0,0,0,0,8,8,0,0,0,0,0,0,0,0,0,0,0,0,0,0,0,0,0,0,0
abk_DCvsRR_image_17.jpg,0,0,0,0,0,0,0,0,0,0,0,0,0,0,0,0,0,0,0,0,0,0,0,0,0,0,0,0,0,0,0,0,0,0,0,0,0,0,0,0,0,0,0,0,0,0,0,0,0,0,0,0,0,0,0,0,0,0,0,0,0,0,0,0
abk_DCvsRR_image_18.jpg,0,0,0,0,0,0,0,0,0,0,0,0,0,0,0,0,0,0,0,0,0,0,0,0,0,0,0,8,8,0,0,0,0,0,0,0,8,0,0,0,0,0,0,8,8,0,0,0,0,0,0,8,8,0,0,0,0,0,0,8,8,0,0,0
abk_DCvsRR_image_19.jpg,0,0,0,2,2,0,0,0,0,0,0,0,0,0,0,0,0,0,0,2,0,0,0,0,0,0,0,2,0,0,0,0,0,8,0,0,0,0,0,0,0,8,0,0,2,0,0,0,0,8,0,0,2,0,0,0,0,0,0,0,0,0,0,0
abk_DCvsRR_image_2.jpg,0,0,0,0,2,2,0,0,0,0,0,0,2,0,0,0,0,0,0,0,0,0,0,0,0,0,0,0,2,0,0,0,0,0,0,0,2,2,2,0,0,0,0,0,2,2,2,0,0,0,0,0,0,2,2,0,0,0,0,0,0,2,2,0
abk_DCvsRR_image_20.jpg,0,0,0,0,0,0,0,0,0,0,0,0,0,8,8,0,0,0,0,0,0,0,8,8,0,8,8,8,8,8,8,8,0,0,0,8,0,8,8,8,0,8,0,8,8,8,8,0,0,8,0,8,8,8,8,0,0,0,0,0,0,0,0,0
abk_DCvsRR_image_21.jpg,0,0,0,0,0,0,0,0,0,0,0,0,0,0,0,0,0,0,2,0,0,0,0,0,0,0,2,2,0,0,0,0,0,0,0,2,0,0,0,0,0,0,0,2,0,0,0,0,0,0,2,0,0,0,0,0,0,0,0,0,0,0,0,0
abk_DCvsRR_image_22.jpg,0,0,0,0,0,0,0,0,0,0,0,0,8,8,0,0,0,0,0,0,8,8,0,0,0,0,0,0,0,0,0,0,0,0,0,0,8,8,8,0,0,0,0,0,8,8,0,0,0,0,0,0,8,8,0,0,0,0,0,0,0,0,0,0
abk_DCvsRR_image_23.jpg,0,0,0,0,0,0,0,0,0,0,0,0,0,0,0,0,0,0,8,0,0,0,2,0,0,0,0,0,0,0,0,0,0,0,8,0,0,0,0,0,0,0,8,0,0,0,0,2,0,8,8,0,0,0,2,0,0,0,0,0,0,0,0,0
abk_DCvsRR_image_24.jpg,0,0,0,0,0,0,0,0,0,0,0,0,0,0,0,0,0,0,0,0,0,0,0,0,0,0,8,0,0,0,0,0,0,0,0,0,0,0,0,0,0,0,8,8,0,0,0,0,0,0,8,8,0,0,0,0,0,0,8,8,0,0,0,0
abk_DCvsRR_image_25.jpg,0,0,0,0,0,0,0,0,0,0,0,0,0,0,0,0,0,0,0,0,0,0,0,0,0,0,0,8,8,8,0,0,0,0,0,8,8,0,0,0,8,0,0,8,8,0,0,0,8,0,0,8,8,0,0,0,0,0,0,8,8,0,0,0
abk_DCvsRR_image_26.jpg,0,0,0,0,0,0,0,0,0,0,0,2,2,2,0,0,0,0,0,2,2,2,0,0,0,0,0,0,0,2,0,0,0,0,2,2,0,2,0,0,0,0,2,2,2,2,0,0,0,2,2,2,0,2,2,0,0,0,0,0,0,0,0,0
abk_DCvsRR_image_27.jpg,0,0,0,0,0,0,0,0,0,8,0,0,0,8,8,0,8,8,8,0,8,8,8,8,8,8,8,0,8,8,8,8,8,8,8,0,8,8,0,8,8,8,0,0,8,0,8,8,8,8,8,0,8,8,8,8,0,0,8,0,8,8,8,8
abk_DCvsRR_image_28.jpg,0,0,2,0,2,2,0,0,0,0,0,0,2,0,2,0,0,2,0,2,2,0,0,0,2,2,2,2,2,2,0,0,2,2,2,0,2,2,2,0,0,2,2,0,2,2,2,2,0,2,2,2,2,2,2,2,0,2,2,2,2,2,2,0
abk_DCvsRR_image_29.jpg,0,0,0,0,0,0,0,0,0,0,2,0,2,2,0,0,0,0,2,0,0,2,0,0,0,0,2,0,0,0,0,0,0,0,2,0,0,2,0,0,0,0,2,0,0,0,0,0,0,0,2,0,0,2,0,0,0,0,0,0,0,0,0,0
abk_DCvsRR_image_3.jpg,0,0,0,0,0,0,0,0,0,0,0,0,0,0,0,0,0,0,2,2,8,8,0,0,0,0,2,0,8,8,0,0,0,0,2,0,8,8,0,0,0,0,2,0,0,8,0,0,0,2,0,2,8,8,0,0,0,0,0,0,0,0,0,0
abk_DCvsRR_image_30.jpg,0,0,0,0,0,0,0,0,0,0,0,0,0,0,0,0,0,0,0,2,0,0,0,0,0,0,0,2,0,0,0,0,0,0,0,2,0,0,0,0,0,0,0,2,0,0,0,0,0,0,2,0,0,0,0,0,0,0,0,0,0,0,0,0
abk_DCvsRR_image_31.jpg,0,0,0,0,0,0,0,0,0,0,0,0,0,0,0,0,0,0,8,0,0,2,0,0,0,0,8,0,0,2,0,0,0,0,8,8,0,2,0,0,0,0,8,8,0,2,0,0,0,0,8,8,0,2,0,0,0,0,0,0,0,0,0,0
abk_DCvsRR_image_32.jpg,0,0,0,0,0,0,0,0,0,0,0,0,0,0,0,0,0,0,0,0,0,0,0,0,0,0,2,0,0,0,0,0,0,2,2,0,0,0,0,0,0,2,2,0,0,0,0,0,0,2,2,0,0,0,0,0,0,2,2,0,0,0,0,0
abk_DCvsRR_image_33.jpg,0,0,0,0,0,0,0,0,0,0,0,0,0,0,0,0,0,0,2,0,0,8,0,0,0,2,2,0,0,8,0,0,0,2,0,0,0,0,8,0,0,2,0,0,0,8,8,0,0,2,0,0,0,0,8,0,0,0,0,0,0,0,0,0
abk_DCvsRR_image_34.jpg,0,0,8,8,0,0,0,0,0,0,8,0,8,0,0,0,0,0,8,8,8,0,0,0,0,0,8,8,8,0,0,0,0,0,8,8,8,0,0,0,0,0,8,8,8,0,0,0,0,0,8,8,8,0,0,0,0,0,0,0,0,0,0,0
abk_DCvsRR_image_35.jpg,0,0,0,0,0,0,0,0,0,0,0,0,2,0,0,0,0,0,0,2,0,0,0,0,0,8,2,2,0,0,0,0,0,8,0,2,0,8,0,0,8,8,0,2,0,0,0,0,8,8,0,2,0,0,0,0,0,0,0,0,0,0,0,0
abk_DCvsRR_image_36.jpg,0,0,0,0,0,0,0,0,0,0,0,0,0,0,0,0,0,2,0,2,2,0,0,0,0,2,0,2,2,0,0,0,0,2,2,2,0,0,0,0,0,0,2,2,0,0,0,0,0,0,0,0,0,0,0,0,0,0,0,0,0,0,0,0
abk_DCvsRR_image_37.jpg,0,0,0,0,0,0,0,0,0,0,0,2,2,0,0,0,0,0,0,2,2,0,0,0,0,0,0,0,2,0,0,0,0,0,0,0,2,0,0,0,0,0,2,0,2,2,0,0,0,0,2,0,0,2,0,0,0,0,0,0,0,0,2,0
abk_DCvsRR_image_38.jpg,0,0,0,0,0,0,0,0,0,0,0,8,0,8,0,0,0,0,0,8,0,8,0,0,0,0,0,0,0,0,0,0,0,0,8,8,0,8,8,0,0,8,8,8,8,0,8,0,0,8,0,8,8,0,8,0,0,0,0,0,0,0,0,0
abk_DCvsRR_image_39.jpg,0,0,0,0,0,0,0,0,0,0,0,2,0,0,0,0,0,0,0,2,2,0,0,0,0,0,0,2,2,0,0,0,0,0,0,2,2,0,0,0,0,0,0,2,2,0,0,0,0,0,0,2,2,0,0,0,0,0,0,0,0,0,0,0
abk_DCvsRR_image_4.jpg,0,0,0,0,0,0,0,0,0,0,0,0,0,0,0,0,0,0,0,0,0,0,0,0,0,0,0,0,2,2,0,0,0,0,0,0,2,0,0,0,0,0,0,0,2,0,0,0,0,0,0,2,2,0,0,0,0,0,0,2,2,0,0,0
abk_DCvsRR_image_40.jpg,0,0,0,0,0,0,0,0,0,0,0,8,0,0,0,0,0,0,0,8,0,0,0,0,0,0,0,8,8,0,0,0,0,0,0,8,8,0,0,0,0,0,0,8,0,0,0,0,0,0,0,0,0,0,0,0,0,0,0,0,0,0,0,0
abk_DCvsRR_image_41.jpg,0,0,0,0,0,0,0,0,0,0,0,0,0,0,0,0,0,0,0,0,0,0,0,0,0,0,0,0,0,0,0,0,0,0,0,0,0,0,0,0,0,0,0,0,0,0,0,0,0,0,0,0,0,0,0,0,0,0,0,0,0,0,0,0
abk_DCvsRR_image_42.jpg,0,0,8,8,8,0,0,0,0,0,8,8,8,8,0,0,0,0,8,8,8,8,0,0,0,0,0,0,8,8,0,0,0,0,8,8,0,8,0,0,0,0,8,8,0,8,0,0,0,0,0,8,0,8,0,0,0,0,0,0,0,0,0,0
abk_DCvsRR_image_43.jpg,0,0,2,2,0,0,0,0,0,0,0,2,0,8,0,0,0,0,0,2,0,8,8,0,0,0,0,2,0,8,8,0,0,0,0,2,0,8,8,0,0,0,2,2,0,8,8,0,0,0,2,2,0,8,8,0,0,0,0,0,0,0,0,0
abk_DCvsRR_image_44.jpg,0,0,0,0,0,0,0,0,0,0,0,0,0,0,0,2,0,0,8,8,0,0,2,0,0,0,8,0,0,0,2,0,0,0,0,8,0,0,2,0,0,0,0,8,0,0,2,2,0,0,0,0,0,0,0,2,0,0,0,0,0,0,0,0
abk_DCvsRR_image_45.jpg,0,0,0,0,0,0,0,0,0,0,0,0,0,0,0,0,0,0,0,0,8,0,0,0,0,0,0,8,8,0,0,0,0,0,0,8,0,0,0,0,0,0,0,8,0,0,0,0,0,0,0,8,0,0,0,0,0,0,0,0,0,0,0,0
abk_DCvsRR_image_46.jpg,0,0,0,0,0,0,0,0,0,0,0,0,2,0,0,0,0,0,0,0,2,0,0,0,0,0,0,2,0,0,0,0,0,0,0,2,2,0,0,0,0,0,0,2,2,2,0,0,0,0,2,2,0,2,0,0,0,0,0,0,0,0,0,0
abk_DCvsRR_image_47.jpg,0,0,0,0,0,0,0,0,0,0,0,0,0,0,0,0,0,0,0,0,0,0,0,0,0,0,0,0,0,0,0,0,0,0,0,0,0,0,0,0,0,0,0,0,0,0,0,0,0,0,0,0,0,0,0,0,0,0,0,0,0,0,0,0
abk_DCvsRR_image_48.jpg,0,0,0,0,0,0,0,0,0,0,0,0,0,0,0,0,0,0,0,0,0,0,0,0,0,8,8,0,0,0,0,0,0,8,8,0,0,0,0,0,0,8,8,0,0,0,0,0,0,8,8,8,0,0,0,0,0,0,0,0,0,0,0,0
abk_DCvsRR_image_49.jpg,0,0,8,8,8,8,0,0,0,0,8,8,0,8,0,0,0,0,8,0,0,8,0,0,0,0,8,0,0,8,0,0,0,0,8,0,8,8,0,0,0,0,8,0,8,8,0,0,0,0,8,0,0,0,0,0,0,0,0,0,0,0,0,0
abk_DCvsRR_image_5.jpg,0,0,0,0,0,0,0,0,0,0,8,2,0,0,0,0,0,0,8,2,0,0,0,0,0,0,8,2,0,0,0,0,0,0,8,2,0,0,0,0,0,0,8,2,0,0,0,0,0,0,0,2,0,0,0,0,0,0,0,0,0,0,0,0
abk_DCvsRR_image_50.jpg,0,0,0,0,0,0,0,0,0,0,0,0,0,0,0,0,0,0,0,0,0,0,0,0,0,2,2,0,0,0,0,0,2,0,0,0,0,8,0,0,2,0,2,0,0,0,8,0,0,2,2,0,0,8,8,0,0,2,2,0,0,8,0,0
abk_DCvsRR_image_51.jpg,0,0,0,2,0,0,0,0,0,0,0,0,0,0,0,0,0,0,0,2,0,0,0,0,0,0,0,2,0,0,0,0,0,0,0,2,0,0,0,0,0,8,0,2,0,0,0,0,0,8,0,0,0,0,0,0,0,0,0,0,0,0,0,0
abk_DCvsRR_image_52.jpg,0,0,0,0,0,0,0,0,0,0,0,0,0,0,0,0,0,0,2,0,8,0,0,0,0,0,2,8,8,0,0,0,0,0,0,8,8,0,0,0,0,0,2,8,8,0,0,0,0,0,2,8,8,0,0,0,0,0,0,0,0,0,0,0
abk_DCvsRR_image_53.jpg,0,0,0,0,0,0,0,0,0,0,0,0,0,0,0,0,0,0,0,0,0,8,0,0,0,0,0,0,8,8,0,0,0,0,0,0,8,8,0,0,0,0,0,0,8,8,0,0,0,0,0,0,8,8,0,0,0,0,0,0,8,8,0,0
abk_DCvsRR_image_54.jpg,0,0,0,0,0,0,0,0,0,0,0,0,0,0,0,0,0,0,0,0,0,0,0,0,0,0,0,8,8,0,0,0,0,0,0,8,0,0,0,0,0,0,0,8,8,0,0,0,0,0,0,8,0,0,0,0,0,0,0,0,0,0,0,0
abk_DCvsRR_image_55.jpg,0,0,0,0,0,0,0,0,0,0,2,0,0,2,0,0,0,0,2,0,2,2,0,0,0,0,2,0,0,0,0,0,0,0,2,0,2,0,0,0,0,0,0,0,0,0,0,0,0,0,0,0,0,0,0,0,0,0,0,0,0,0,0,0
abk_DCvsRR_image_56.jpg,0,0,0,0,8,0,0,0,0,0,0,0,8,0,0,0,0,0,0,0,8,8,0,0,0,0,0,0,8,0,0,0,0,0,0,0,8,0,0,0,0,0,0,0,8,0,0,0,0,0,0,0,8,0,0,0,0,0,0,0,0,0,0,0
abk_DCvsRR_image_57.jpg,0,0,0,0,0,0,0,0,0,0,0,0,0,2,0,0,0,0,0,0,0,2,0,0,0,0,8,9,2,2,0,0,0,8,8,0,2,2,0,0,0,8,8,0,2,2,0,0,8,8,0,0,0,2,0,0,0,0,0,0,0,0,0,0
abk_DCvsRR_image_58.jpg,0,0,0,0,0,0,0,0,0,0,0,0,0,0,0,0,0,0,0,0,2,2,0,0,0,0,0,0,0,0,0,0,0,0,0,2,2,0,0,0,0,0,0,2,2,0,0,0,0,0,0,2,2,0,0,0,0,0,0,0,0,0,0,0
abk_DCvsRR_image_59.jpg,0,0,0,0,0,0,0,0,0,0,0,0,0,0,0,0,0,0,0,2,0,0,0,0,0,0,0,2,0,0,0,0,0,0,0,2,0,0,0,0,0,0,0,2,2,0,0,0,0,0,2,0,0,0,0,0,0,0,0,0,0,0,0,0
abk_DCvsRR_image_6.jpg,0,0,0,0,0,0,0,0,0,0,0,0,0,0,0,0,0,0,0,0,0,0,0,0,0,0,0,0,0,0,0,0,0,0,0,0,0,0,0,0,0,0,0,0,0,8,0,0,0,0,0,2,0,8,0,0,0,0,0,0,0,0,0,0
abk_DCvsRR_image_60.jpg,0,0,0,0,0,0,0,0,0,0,0,0,0,0,0,0,0,0,0,0,0,0,0,0,0,0,0,0,0,0,0,0,0,0,0,8,0,0,0,0,0,0,0,8,0,0,0,0,0,0,8,8,0,0,0,0,0,0,0,8,0,0,0,0
abk_DCvsRR_image_61.jpg,0,0,0,2,0,0,0,0,0,0,0,2,0,0,0,0,0,0,2,2,0,0,0,0,0,0,0,2,0,0,0,0,0,0,2,2,0,0,0,0,0,0,0,2,0,0,0,0,0,0,0,2,0,0,0,0,0,0,0,0,0,0,0,0
abk_DCvsRR_image_62.jpg,0,0,0,0,0,0,0,0,0,0,0,0,0,0,0,0,0,0,2,0,0,0,0,0,0,0,2,2,0,0,0,0,0,0,2,2,0,0,0,0,0,0,2,2,0,0,0,0,0,0,2,2,0,0,0,0,0,0,0,0,0,0,0,0
abk_DCvsRR_image_63.jpg,0,0,0,0,0,0,0,0,0,0,0,0,0,0,0,0,0,0,0,0,0,0,0,0,0,0,0,0,0,0,0,0,0,0,0,0,0,0,0,0,0,0,0,0,0,0,0,0,0,0,0,0,0,0,0,0,0,0,0,0,0,0,0,0
abk_DCvsRR_image_64.jpg,0,0,0,0,0,0,0,0,0,0,0,0,0,0,0,0,0,0,0,0,0,0,0,0,0,0,0,0,0,0,0,0,0,0,0,0,2,2,0,0,0,0,0,2,2,2,2,2,0,8,8,0,2,2,2,2,0,8,8,8,2,2,2,2
abk_DCvsRR_image_65.jpg,0,0,0,0,0,0,0,0,0,0,0,2,0,0,0,0,0,0,0,2,0,0,0,0,0,0,0,0,0,2,2,0,0,0,2,0,0,2,0,0,0,0,2,0,0,2,0,0,0,2,2,0,0,0,0,0,0,0,0,0,0,0,0,0
abk_DCvsRR_image_66.jpg,0,0,0,0,0,0,0,0,0,0,0,2,2,0,0,0,0,0,0,0,2,0,0,0,0,0,0,0,0,0,0,0,0,0,0,0,2,2,0,0,0,0,0,0,2,2,0,0,0,0,0,0,2,2,0,0,0,0,0,0,2,2,0,0
abk_DCvsRR_image_67.jpg,0,0,0,0,0,0,0,0,0,0,0,0,0,0,0,0,0,0,2,0,8,8,0,0,0,2,2,0,0,8,0,0,0,2,2,0,2,8,0,0,0,2,2,0,2,8,8,0,0,2,2,0,0,8,8,0,0,0,0,0,0,0,0,0
abk_DCvsRR_image_68.jpg,0,0,0,0,0,0,0,0,0,0,0,0,0,0,0,0,0,0,2,0,2,2,0,0,0,0,2,2,2,2,0,0,0,0,2,2,2,2,0,0,0,0,0,2,2,2,0,0,0,0,0,2,2,2,0,0,0,0,0,2,2,2,0,0
abk_DCvsRR_image_69.jpg,0,0,0,0,0,0,0,0,0,0,0,8,0,0,0,0,0,0,0,8,0,0,0,0,0,2,8,8,0,0,0,0,0,2,0,8,0,0,0,0,0,2,0,8,0,0,0,0,0,2,0,8,0,0,0,0,0,0,0,8,0,0,0,0
abk_DCvsRR_image_7.jpg,0,0,0,0,0,0,0,0,0,0,0,0,0,0,0,0,0,0,0,0,0,0,0,0,0,0,0,0,0,0,0,0,0,0,0,0,0,0,0,0,0,0,0,0,0,0,0,0,0,0,0,0,0,0,0,0,0,0,0,0,0,0,0,0
abk_DCvsRR_image_70.jpg,0,0,0,0,0,0,0,0,0,0,0,0,0,0,0,0,0,0,0,0,8,8,0,0,0,0,0,8,8,0,0,0,0,0,0,8,8,0,0,0,0,0,0,8,8,0,0,0,0,0,0,8,8,0,0,0,0,0,0,8,8,0,0,0
abk_DCvsRR_image_71.jpg,0,0,0,0,0,0,0,0,0,0,0,0,0,0,0,0,0,0,0,0,0,2,0,0,0,0,0,0,0,2,0,0,0,0,0,0,0,2,0,0,0,0,0,0,0,2,0,0,0,0,0,0,0,2,0,0,0,0,0,0,0,2,0,0
abk_DCvsRR_image_72.jpg,0,0,0,8,0,0,0,0,0,8,0,0,0,0,0,0,0,0,0,0,0,0,8,0,0,8,8,0,0,0,8,0,0,8,8,0,0,0,8,0,0,8,8,8,0,8,8,0,0,8,8,8,0,8,8,0,0,0,8,8,0,8,8,0
abk_DCvsRR_image_73.jpg,0,0,0,0,0,0,0,0,0,0,0,0,0,0,0,0,0,0,0,8,0,0,0,0,0,0,0,8,0,0,0,0,0,0,8,8,0,0,0,0,0,0,8,8,0,0,0,0,0,0,0,8,0,0,0,0,0,0,0,0,0,0,0,0
abk_DCvsRR_image_74.jpg,0,2,0,0,0,0,0,0,0,2,0,0,0,0,0,0,0,2,0,0,0,0,0,0,0,2,2,0,8,0,0,0,0,2,2,8,8,0,0,0,0,2,2,8,0,0,0,0,0,0,0,8,0,0,0,0,0,0,0,0,0,0,0,0
abk_DCvsRR_image_75.jpg,0,0,0,0,0,0,0,0,0,0,8,0,0,0,0,0,0,0,8,0,0,0,0,0,0,0,0,8,0,0,0,0,0,0,0,8,0,0,0,0,0,0,0,8,0,0,0,0,0,0,8,8,0,0,0,0,0,0,0,0,0,0,0,0
abk_DCvsRR_image_76.jpg,0,0,0,0,0,0,0,0,0,0,0,0,0,2,2,0,0,0,0,0,0,2,2,0,0,8,0,0,0,0,0,0,8,8,8,8,0,0,2,0,8,8,8,8,0,2,2,0,8,8,8,8,0,2,2,0,0,8,8,0,0,2,2,0
abk_DCvsRR_image_77.jpg,0,0,0,0,0,0,0,0,0,0,0,0,2,2,0,0,0,0,2,2,2,2,0,0,0,0,2,0,2,2,0,0,0,0,2,0,2,2,0,0,0,0,2,0,2,2,0,0,0,0,2,0,2,2,0,0,0,0,2,0,2,2,0,0
abk_DCvsRR_image_78.jpg,0,0,0,0,0,0,0,0,0,0,0,0,0,0,0,0,0,0,0,0,0,0,0,0,0,0,0,0,0,0,0,0,0,0,0,2,0,2,0,0,0,0,0,2,0,2,0,0,0,0,0,2,0,0,0,0,0,0,0,0,0,0,0,0
abk_DCvsRR_image_79.jpg,0,0,0,0,0,0,0,0,0,0,0,2,0,0,0,0,0,0,2,2,0,0,0,0,0,0,2,0,0,0,0,0,0,0,2,2,0,0,0,0,0,0,2,2,0,0,0,0,0,0,2,2,0,0,0,0,0,0,0,0,0,0,0,0
abk_DCvsRR_image_8.jpg,0,0,0,0,0,0,0,0,0,0,0,0,0,2,0,0,0,0,2,2,0,2,0,8,2,2,2,2,0,0,0,8,2,2,2,2,0,0,0,8,2,2,0,2,0,1,0,8,2,2,2,2,2,2,0,8,2,2,0,2,2,2,0,8
abk_DCvsRR_image_80.jpg,0,0,0,0,0,0,0,0,0,0,0,0,0,0,0,0,0,0,2,2,0,0,0,0,0,0,2,2,0,0,0,0,0,0,2,2,0,0,0,0,0,0,2,2,0,0,0,0,0,0,2,2,0,0,0,0,0,0,0,0,0,0,0,0
abk_DCvsRR_image_81.jpg,0,0,0,0,0,0,0,0,0,0,0,0,0,2,0,0,0,0,0,0,0,2,0,0,0,0,0,0,0,0,0,0,0,0,0,0,0,2,2,0,0,0,0,0,0,2,2,0,0,0,0,0,0,2,2,0,0,0,0,0,2,2,2,0
abk_DCvsRR_image_82.jpg,0,0,0,0,0,0,0,0,0,0,0,0,0,0,0,0,0,0,0,0,0,0,0,0,0,2,2,2,2,0,0,0,0,2,2,0,2,0,0,0,0,2,2,0,0,0,0,0,0,0,2,2,2,0,0,0,0,0,2,2,2,0,0,0
abk_DCvsRR_image_83.jpg,0,0,0,0,8,0,0,0,0,0,0,8,8,0,0,0,0,0,0,8,8,0,0,0,0,0,0,0,8,8,0,0,0,0,0,0,0,8,0,0,0,0,0,0,0,0,0,0,0,0,0,0,0,0,0,0,0,0,0,0,0,0,0,0
abk_DCvsRR_image_84.jpg,0,0,0,0,0,0,0,0,0,0,0,0,0,0,0,0,0,0,0,8,0,0,0,0,0,8,8,8,0,8,0,0,0,0,0,0,8,8,0,0,0,0,8,0,8,0,0,0,0,0,8,8,0,0,0,0,0,0,8,8,8,8,0,0
abk_DCvsRR_image_85.jpg,0,0,0,0,0,0,0,0,0,0,0,0,0,0,0,0,0,0,0,0,0,0,0,0,0,0,0,0,0,0,0,0,0,0,0,0,0,0,0,0,0,0,0,0,0,0,0,0,0,0,0,0,0,0,0,0,0,0,0,0,0,0,0,0
abk_DCvsRR_image_86.jpg,0,0,0,0,0,0,0,0,0,2,0,0,0,0,0,0,2,2,0,0,8,8,0,0,2,2,0,8,8,8,0,0,2,0,0,8,8,0,0,0,2,0,2,8,8,0,0,0,0,0,0,8,8,0,0,0,0,0,0,0,0,0,0,0
abk_DCvsRR_image_87.jpg,0,0,0,0,0,0,0,0,0,0,0,0,0,0,0,0,2,2,2,2,2,2,2,0,0,2,2,2,2,2,2,0,0,2,2,2,2,2,2,0,2,2,2,2,2,2,2,0,2,2,2,2,2,2,2,0,0,0,0,0,0,0,0,0
abk_DCvsRR_image_88.jpg,0,0,0,0,0,0,0,0,0,0,0,0,0,0,0,0,0,0,0,8,0,0,0,0,0,0,0,8,0,0,0,0,0,0,0,8,0,0,0,0,0,0,0,8,8,0,0,0,0,0,0,8,8,0,0,0,0,0,0,0,0,0,0,0
abk_DCvsRR_image_89.jpg,0,0,0,0,0,0,0,0,0,0,0,0,0,0,8,0,0,0,0,0,0,0,8,0,0,2,2,0,0,0,8,0,0,0,2,0,0,0,0,0,0,0,2,0,0,0,0,8,0,0,0,0,0,0,0,8,0,0,0,0,0,0,0,0
abk_DCvsRR_image_9.jpg,0,0,0,0,0,0,0,0,0,0,0,0,0,0,0,0,0,0,0,0,0,0,0,0,0,0,0,0,0,0,0,0,0,0,0,0,0,0,0,0,0,0,0,0,0,0,0,0,0,0,0,0,0,0,0,0,0,0,0,0,0,0,0,0
abk_DCvsRR_image_90.jpg,0,0,0,0,0,0,0,0,0,0,0,0,0,0,0,0,0,0,0,0,0,0,0,0,0,0,0,0,0,0,0,0,0,0,0,0,0,0,0,0,0,0,0,0,0,0,0,0,0,0,0,0,0,0,0,0,0,0,0,0,0,0,0,0
abk_DCvsRR_image_91.jpg,0,0,0,0,0,0,0,0,0,0,0,0,0,0,0,0,0,0,0,0,0,0,0,0,0,0,8,0,0,0,0,0,0,8,8,0,0,0,0,0,0,8,8,8,0,0,0,0,0,0,8,8,0,0,0,0,0,8,8,0,0,0,0,0
abk_DCvsRR_image_92.jpg,0,0,0,0,0,0,0,0,0,0,0,0,0,0,0,0,0,0,0,0,0,0,0,0,0,0,0,0,0,0,0,0,0,0,0,0,0,0,0,0,0,0,0,0,0,0,0,0,0,0,0,0,0,0,0,0,0,0,0,0,0,0,0,0
abk_DCvsRR_image_93.jpg,0,0,0,0,0,0,0,0,0,0,0,0,0,0,0,0,0,0,0,0,2,2,0,0,0,0,0,2,2,2,0,0,0,0,0,2,0,2,0,0,0,0,0,2,2,2,0,0,0,0,0,2,2,2,0,0,0,0,0,2,2,2,0,0
abk_DCvsRR_image_94.jpg,0,0,0,0,0,0,0,0,0,0,2,0,0,0,0,0,0,0,2,2,2,2,0,0,0,0,2,2,2,2,0,0,0,0,2,2,2,0,0,0,0,0,2,0,0,2,0,0,0,0,2,0,0,2,0,0,0,0,0,0,0,0,0,0
abk_DCvsRR_image_95.jpg,0,0,0,0,0,0,0,0,0,0,0,0,0,0,0,0,0,0,2,0,0,0,0,0,0,0,2,0,0,0,0,0,0,0,2,2,8,0,0,0,0,0,2,2,8,0,0,0,0,0,2,2,8,0,0,0,0,0,0,0,0,0,0,0
abk_DCvsRR_image_96.jpg,0,0,0,0,0,0,0,0,0,0,0,0,0,0,0,0,0,0,0,0,8,8,0,0,0,0,0,0,8,8,0,0,0,0,0,0,8,8,0,0,0,0,0,0,8,0,0,0,0,0,0,0,0,8,0,0,0,0,0,0,0,0,0,0
abk_DCvsRR_image_97.jpg,0,0,0,0,0,0,0,0,0,0,0,0,0,0,0,0,0,0,2,2,0,8,0,0,0,0,2,0,8,8,0,0,0,0,2,0,8,0,0,0,0,0,0,2,8,0,0,0,0,0,0,2,8,0,0,0,0,0,2,2,8,0,0,0
abk_DCvsRR_image_98.jpg,0,0,0,0,0,0,0,0,0,0,0,0,2,0,0,0,0,0,0,0,2,0,0,0,0,0,0,0,2,0,0,0,0,0,0,0,2,2,0,0,0,0,0,0,2,2,0,0,0,0,0,2,0,2,0,0,0,0,0,0,0,0,0,0
abk_DCvsRR_image_99.jpg,0,0,0,2,2,0,0,0,0,0,0,2,2,0,0,0,0,0,0,0,0,0,0,0,0,0,0,2,2,0,0,0,0,0,0,2,2,0,0,0,0,0,0,2,2,0,0,0,0,0,0,2,2,0,0,0,0,0,0,0,0,0,0,0
abk_GTvsPBKS_image_0.jpg,0,0,0,0,0,0,0,0,0,0,0,0,0,0,0,0,0,0,0,0,0,3,0,0,0,0,0,0,0,0,0,0,0,0,0,0,0,0,3,3,0,0,0,0,0,0,3,3,0,0,0,0,0,0,3,3,0,0,0,0,0,0,0,0
abk_GTvsPBKS_image_1.jpg,0,0,0,0,0,0,0,0,0,0,0,0,0,0,0,0,0,0,0,0,0,0,0,0,0,0,0,0,0,0,0,0,0,0,0,0,0,0,0,0,0,0,0,0,0,0,0,0,0,0,0,0,0,0,0,0,0,0,0,0,0,0,0,0
abk_GTvsPBKS_image_10.jpg,0,0,0,0,0,0,0,0,0,0,0,0,0,0,0,0,0,0,0,0,7,0,0,0,0,0,0,7,7,0,0,0,0,3,0,7,7,0,0,0,0,3,0,7,7,0,0,0,0,0,0,7,0,0,0,0,0,0,0,0,0,0,0,0
abk_GTvsPBKS_image_100.jpg,0,0,0,0,0,0,0,0,0,7,0,0,0,0,0,0,0,7,0,7,0,0,3,0,0,7,0,7,0,0,3,0,0,7,0,7,0,0,3,0,0,7,0,0,0,0,3,0,0,0,0,0,0,0,3,0,0,0,0,0,0,0,0,0
abk_GTvsPBKS_image_101.jpg,0,3,0,0,0,0,0,0,0,3,0,0,0,0,0,0,0,3,0,3,3,0,0,0,0,3,0,3,3,0,0,0,0,3,0,3,3,0,0,0,0,3,0,3,3,0,0,0,0,3,0,3,3,0,0,0,0,0,0,0,0,0,0,0
abk_GTvsPBKS_image_102.jpg,0,0,0,0,0,0,0,0,0,0,0,0,0,0,0,0,0,0,0,0,0,0,0,0,0,0,0,3,0,0,0,0,0,0,3,3,0,0,0,0,0,0,3,3,0,0,0,0,0,0,0,0,0,0,0,0,0,0,0,0,0,0,0,0
abk_GTvsPBKS_image_103.jpg,0,0,0,0,0,0,0,0,0,0,0,0,0,0,0,0,0,0,0,0,0,0,0,0,0,0,0,0,0,0,0,0,0,0,0,0,3,0,0,0,0,0,0,3,0,0,0,0,0,0,0,3,3,0,0,0,0,0,0,0,0,0,0,0
abk_GTvsPBKS_image_104.jpg,0,0,0,0,0,0,0,0,0,0,0,0,0,0,0,0,0,0,3,3,0,0,0,0,0,0,3,3,0,0,0,0,0,0,3,3,0,3,0,0,0,0,3,3,0,0,0,0,0,0,3,3,3,3,0,0,0,0,3,3,3,3,0,0
abk_GTvsPBKS_image_105.jpg,0,0,0,0,0,0,0,0,0,0,0,0,0,0,0,0,0,0,0,0,0,0,0,0,0,0,0,0,0,0,0,0,0,0,0,0,0,0,0,0,0,0,0,0,0,0,0,0,0,0,0,0,0,0,0,0,0,0,0,0,0,0,0,0
abk_GTvsPBKS_image_106.jpg,0,0,0,0,0,0,0,0,0,0,7,0,0,0,0,0,0,0,7,0,0,0,0,0,0,0,7,0,0,0,0,0,0,0,7,0,0,0,0,0,0,0,7,0,0,0,0,0,0,0,7,0,0,0,0,0,0,0,7,0,0,0,0,0
abk_GTvsPBKS_image_107.jpg,0,0,0,0,0,0,0,0,0,0,0,0,0,0,0,0,0,0,0,0,3,0,0,0,0,0,0,7,3,3,0,0,0,0,7,7,3,3,0,0,0,0,7,7,0,0,0,0,0,0,7,7,0,0,3,0,0,0,0,0,0,0,0,0
abk_GTvsPBKS_image_108.jpg,0,0,0,0,0,0,0,0,0,0,0,0,0,0,0,0,0,0,0,0,0,0,0,0,0,0,0,0,0,3,0,0,0,0,0,0,0,3,0,0,0,0,0,0,3,3,0,0,0,0,0,0,3,3,0,0,0,0,0,0,0,0,0,0
abk_GTvsPBKS_image_109.jpg,0,0,0,0,0,0,0,0,0,0,0,0,3,0,0,0,0,0,0,0,0,0,0,0,0,0,0,0,3,0,0,0,0,0,0,3,3,0,0,0,0,0,0,0,3,0,0,0,0,0,0,0,0,0,0,0,0,0,0,0,0,0,0,0
abk_GTvsPBKS_image_98.jpg,0,0,0,0,0,0,0,0,0,0,0,0,0,0,0,0,0,0,7,0,0,0,0,0,0,0,0,7,0,0,0,0,0,0,0,7,0,0,0,0,0,0,0,7,7,0,0,0,0,0,0,7,7,0,0,0,0,0,0,0,0,0,0,0
abk_GTvsPBKS_image_97.jpg,0,3,0,0,0,0,0,0,0,3,0,0,0,0,0,0,0,3,0,0,0,7,0,0,0,3,0,0,0,7,0,0,0,3,0,0,7,7,0,0,0,3,0,0,7,7,0,0,0,3,0,0,0,0,0,0,0,0,0,0,0,0,0,0
abk_GTvsPBKS_image_96.jpg,0,0,0,0,0,0,0,0,0,0,0,0,0,0,0,0,0,0,0,0,0,0,0,0,0,0,0,0,3,0,0,0,0,0,0,0,3,0,0,0,0,0,0,3,0,0,0,0,0,0,0,3,0,0,0,0,0,0,0,0,0,0,0,0
abk_GTvsPBKS_image_95.jpg,0,0,0,0,0,0,0,0,0,0,0,0,3,3,0,0,3,3,3,3,3,3,0,0,0,0,3,3,3,3,0,0,3,3,3,3,3,0,0,0,3,3,0,3,3,0,0,0,3,3,0,3,3,0,0,0,0,0,0,0,0,0,0,0
abk_GTvsPBKS_image_94.jpg,0,0,0,0,0,0,0,0,0,0,0,0,0,0,0,0,0,0,0,0,0,0,0,0,0,0,0,7,0,0,0,0,0,0,0,7,0,0,0,0,0,0,7,7,7,0,0,0,0,0,7,7,0,0,0,0,0,0,0,0,0,0,0,0
abk_GTvsPBKS_image_93.jpg,0,0,3,0,0,0,0,0,0,0,3,0,0,0,0,0,0,0,0,0,0,0,0,0,0,0,3,0,0,0,0,0,0,0,3,0,0,0,0,0,0,0,3,3,0,0,0,0,0,0,3,3,0,0,0,0,0,0,0,0,0,0,0,0
abk_GTvsPBKS_image_92.jpg,0,0,0,3,0,0,0,0,0,0,0,0,0,0,0,0,0,0,0,0,0,0,0,0,0,0,0,0,0,0,0,0,0,0,3,3,0,0,0,0,0,0,3,3,0,0,0,0,0,0,3,3,0,0,0,0,0,0,0,0,0,0,0,0
abk_GTvsPBKS_image_91.jpg,0,0,0,0,0,0,0,0,0,0,0,0,0,0,0,0,0,7,0,0,7,0,7,0,0,7,0,0,7,0,7,0,0,7,0,0,7,0,7,0,0,7,0,0,7,0,7,0,0,7,0,0,7,0,7,0,0,0,0,0,0,0,0,0
abk_GTvsPBKS_image_90.jpg,0,0,0,0,0,0,0,0,3,0,0,0,3,0,0,0,3,3,0,0,0,0,7,0,0,3,0,7,3,0,7,0,0,0,0,7,3,0,7,0,0,0,0,7,0,0,7,0,0,0,0,0,0,0,0,0,0,0,0,0,0,0,0,0
abk_GTvsPBKS_image_9.jpg,0,0,0,0,0,0,0,0,0,0,0,0,0,0,0,0,0,0,3,0,0,7,0,0,0,0,3,0,0,7,0,0,0,0,3,0,0,7,0,0,0,0,3,0,0,0,0,0,0,0,3,0,0,0,0,0,0,0,0,0,0,0,0,0
abk_GTvsPBKS_image_89.jpg,0,0,0,0,0,0,0,0,0,0,0,0,0,0,0,0,0,0,0,0,7,0,0,0,0,0,3,0,7,7,0,0,0,0,3,3,0,7,0,0,0,0,3,0,0,7,0,0,0,3,0,0,0,7,0,0,0,0,0,0,0,0,0,0
abk_GTvsPBKS_image_88.jpg,0,0,0,0,0,0,0,0,0,0,0,0,0,0,0,0,0,7,7,0,3,3,0,0,0,7,7,0,3,3,0,0,0,0,0,0,3,3,0,0,0,7,0,0,3,3,0,0,0,7,0,0,3,0,0,0,0,0,0,0,0,0,0,0
abk_GTvsPBKS_image_87.jpg,0,0,0,0,0,0,0,0,0,0,0,0,0,0,0,0,0,0,0,0,0,0,0,0,0,0,0,0,0,0,0,0,0,0,0,0,7,7,0,0,0,0,0,7,7,7,0,0,0,0,0,7,7,0,0,0,0,0,0,7,7,0,0,0
abk_GTvsPBKS_image_86.jpg,0,0,0,0,0,0,0,0,0,0,0,0,0,0,0,0,0,0,0,0,0,0,3,3,3,3,0,3,3,3,3,3,3,3,0,3,3,3,3,3,0,3,0,3,3,3,3,0,3,3,0,3,3,3,3,0,0,0,0,0,0,0,0,0
abk_GTvsPBKS_image_85.jpg,0,0,0,0,0,0,0,0,0,0,0,0,7,7,0,0,0,0,7,0,7,7,0,0,7,7,0,0,7,7,0,7,7,7,7,0,7,7,7,7,0,0,7,0,0,7,7,0,0,0,7,7,0,7,7,0,0,7,7,7,7,7,7,7
abk_GTvsPBKS_image_84.jpg,0,0,0,0,0,0,0,0,0,0,0,0,0,0,0,0,0,0,0,0,0,0,0,0,0,0,0,7,7,0,0,0,0,0,0,7,0,0,0,0,0,0,0,7,7,0,0,0,0,0,0,7,7,0,0,0,0,0,0,0,0,0,0,0
abk_GTvsPBKS_image_83.jpg,0,0,0,0,0,0,0,0,0,0,0,0,0,0,0,0,0,0,0,0,0,0,7,0,7,0,0,0,7,7,7,0,0,0,0,0,7,7,7,0,7,0,0,0,7,7,7,0,0,0,0,0,0,0,0,0,0,0,0,0,0,0,0,0
abk_GTvsPBKS_image_82.jpg,0,0,0,0,0,0,0,0,0,0,0,0,0,0,0,0,0,0,0,0,0,0,0,0,0,0,0,0,0,0,0,0,0,0,0,0,0,3,0,0,0,0,0,3,3,0,0,0,0,0,0,3,3,0,0,0,0,0,0,0,0,0,0,0
abk_GTvsPBKS_image_81.jpg,0,0,0,0,0,0,0,0,0,3,3,0,0,0,3,0,0,3,3,3,3,3,3,0,0,3,0,3,3,3,3,0,0,3,0,3,3,0,3,0,0,3,3,3,3,0,0,0,0,3,3,3,3,0,0,0,0,0,0,0,0,0,0,0
abk_GTvsPBKS_image_80.jpg,0,0,0,0,0,0,0,0,0,0,0,0,0,0,0,0,7,7,0,3,0,0,0,0,7,7,0,3,0,0,0,0,0,7,0,3,0,0,0,0,7,7,3,3,0,0,0,0,7,7,3,3,0,0,0,0,0,0,0,0,0,0,0,0
abk_GTvsPBKS_image_8.jpg,0,0,0,0,0,0,0,0,0,0,0,0,0,0,0,0,0,0,0,7,0,0,0,0,0,0,0,7,0,0,0,0,0,0,0,7,7,0,0,0,0,0,0,0,7,0,0,0,0,0,0,0,7,0,0,0,0,0,0,0,0,0,0,0
abk_GTvsPBKS_image_79.jpg,0,0,7,0,0,0,0,0,0,0,7,7,0,0,0,0,0,0,7,0,7,7,0,0,0,7,7,0,7,7,0,0,0,7,7,0,0,7,0,0,0,7,7,0,0,0,0,0,0,7,0,0,7,7,0,0,0,7,7,0,7,7,0,0
abk_GTvsPBKS_image_78.jpg,0,0,0,0,0,0,0,0,0,0,7,7,0,7,7,0,0,0,7,7,0,7,0,0,0,0,7,7,0,7,0,0,0,0,0,7,0,0,0,0,0,0,0,0,0,0,7,0,0,0,0,0,0,0,7,0,0,0,0,0,0,0,0,0
abk_GTvsPBKS_image_77.jpg,0,0,0,0,0,0,0,0,0,0,0,0,0,3,0,0,0,0,0,7,0,3,0,0,0,0,0,7,0,3,0,0,0,0,7,7,0,3,0,0,0,0,7,7,0,3,0,0,0,0,7,7,0,3,0,0,0,0,0,0,0,0,0,0
abk_GTvsPBKS_image_76.jpg,0,0,0,0,0,0,0,0,0,0,0,0,0,0,0,0,0,0,0,0,0,0,0,0,0,0,0,7,7,0,0,0,0,0,7,7,7,0,0,0,0,0,7,7,0,0,0,0,0,0,7,7,0,0,0,0,0,0,0,0,0,0,0,0
abk_GTvsPBKS_image_75.jpg,0,0,0,0,0,0,0,0,0,0,0,0,0,0,0,0,0,0,0,0,7,0,0,0,0,0,0,7,7,0,0,0,0,0,0,7,7,0,0,0,0,0,0,7,7,0,0,0,0,0,0,7,7,0,0,0,0,0,0,0,0,0,0,0
abk_GTvsPBKS_image_74.jpg,0,0,0,0,0,0,0,0,0,0,0,0,0,0,0,0,0,0,0,0,7,7,7,0,0,0,7,7,7,0,7,0,0,0,7,7,7,0,7,0,0,0,7,7,7,0,7,0,0,0,0,7,0,0,7,0,0,0,0,0,0,0,0,0
abk_GTvsPBKS_image_73.jpg,0,0,0,0,0,0,0,0,0,0,0,0,0,0,0,0,0,0,0,3,3,0,0,0,0,0,0,3,3,0,0,0,0,0,0,3,3,0,0,0,0,0,0,3,3,0,0,0,0,0,0,0,3,0,0,0,0,0,0,0,0,0,0,0
abk_GTvsPBKS_image_72.jpg,0,0,7,0,0,0,0,0,0,0,7,0,0,0,0,0,0,0,7,7,0,0,0,0,0,0,7,7,0,0,0,0,0,0,7,7,0,0,0,0,0,0,0,7,7,0,0,0,0,0,0,7,7,0,0,0,0,0,0,0,0,0,0,0
abk_GTvsPBKS_image_71.jpg,0,0,0,0,0,0,0,0,0,3,0,0,3,0,0,0,0,3,3,0,0,3,3,0,3,3,3,3,3,3,3,0,3,3,3,3,3,3,3,3,0,3,3,3,3,3,3,0,0,3,3,3,3,3,3,0,0,3,3,3,3,3,3,0
abk_GTvsPBKS_image_70.jpg,0,0,0,0,0,0,0,0,0,0,0,7,7,0,0,0,0,0,0,7,7,0,0,0,0,0,0,7,7,0,0,0,0,0,0,7,7,0,0,0,0,0,0,7,7,0,0,0,0,0,0,7,7,0,0,0,0,0,0,0,0,0,0,0
abk_GTvsPBKS_image_7.jpg,0,0,0,0,0,0,0,0,0,0,0,3,3,0,0,0,0,0,3,0,3,0,0,0,0,0,3,3,3,0,0,0,0,0,0,0,0,0,0,0,0,0,0,0,0,0,0,0,0,0,3,0,3,0,0,0,0,0,0,0,0,0,0,0
abk_GTvsPBKS_image_69.jpg,0,0,0,0,0,0,0,0,0,0,0,0,0,0,3,0,0,0,3,3,0,0,3,0,0,0,3,3,0,0,3,0,0,0,3,3,0,0,3,0,0,0,3,3,0,0,3,0,0,0,3,3,0,0,3,0,0,0,0,0,0,0,0,0
abk_GTvsPBKS_image_68.jpg,0,0,0,0,0,0,0,0,0,0,0,0,0,0,0,0,0,0,0,0,0,0,0,0,0,0,0,7,7,0,0,0,0,0,0,7,7,0,0,0,0,0,0,7,7,0,0,0,0,0,0,7,7,7,0,0,0,0,0,0,0,0,0,0
abk_GTvsPBKS_image_67.jpg,0,0,0,0,0,0,0,0,0,0,7,0,0,7,0,0,0,7,7,7,0,7,0,0,7,7,7,7,0,7,0,0,0,7,7,7,0,7,0,0,0,7,7,7,0,7,0,0,0,0,7,7,0,7,0,0,0,0,0,0,0,0,0,0
abk_GTvsPBKS_image_66.jpg,0,0,0,3,0,0,0,0,0,0,0,0,0,0,0,0,0,0,0,0,0,0,0,0,0,0,0,3,3,0,0,0,0,0,0,3,3,0,0,0,0,0,3,3,3,0,0,0,0,0,3,0,3,0,0,0,0,0,0,0,0,0,0,0
abk_GTvsPBKS_image_65.jpg,0,0,0,3,0,0,0,0,0,0,0,3,0,0,0,0,0,0,3,3,0,0,0,0,0,0,3,3,0,0,0,0,0,0,3,3,0,0,0,0,0,0,0,3,0,0,0,0,0,0,0,3,0,0,0,0,0,0,0,0,0,0,0,0
abk_GTvsPBKS_image_64.jpg,0,0,0,0,0,0,0,0,0,0,0,0,0,0,0,0,0,0,0,3,0,0,0,0,0,0,0,3,0,0,0,0,0,0,0,3,3,0,0,0,0,0,0,3,3,3,0,0,0,0,0,3,0,3,0,0,0,0,0,0,0,0,0,0
abk_GTvsPBKS_image_63.jpg,0,0,0,0,0,0,0,0,0,0,0,0,0,0,0,0,0,0,7,0,0,3,0,0,0,0,0,0,0,3,0,0,0,7,0,0,0,3,3,0,0,7,7,0,0,3,3,0,7,0,7,0,3,3,3,0,0,0,0,0,0,0,0,0
abk_GTvsPBKS_image_62.jpg,0,0,0,0,0,0,0,0,0,0,0,0,0,0,0,0,0,0,0,0,0,0,0,0,0,0,0,3,3,0,0,0,0,0,0,3,3,0,0,0,0,0,0,3,3,0,0,0,0,0,0,3,0,0,0,0,0,0,0,3,0,0,0,0
abk_GTvsPBKS_image_61.jpg,0,0,0,3,0,0,0,0,0,0,0,3,3,0,0,0,0,0,0,3,3,3,0,0,0,0,0,0,3,3,0,0,0,0,0,0,0,3,0,0,0,0,3,0,0,3,0,0,0,0,3,3,0,3,0,0,0,0,0,0,0,0,0,0
abk_GTvsPBKS_image_60.jpg,0,0,0,0,0,0,0,0,0,0,0,0,0,0,0,0,0,0,0,0,7,0,0,0,0,0,0,0,7,0,0,0,0,0,0,0,7,7,0,0,0,0,0,7,7,7,0,0,0,0,0,7,0,7,0,0,0,0,0,0,0,0,0,0
abk_GTvsPBKS_image_6.jpg,0,0,0,0,0,0,0,0,0,3,0,0,3,0,3,0,0,3,3,3,3,3,3,3,0,3,3,3,3,3,3,3,3,3,3,3,3,3,3,3,3,3,3,3,3,3,3,3,3,3,3,3,3,3,3,3,0,0,0,0,0,0,0,0
abk_GTvsPBKS_image_59.jpg,0,0,0,0,0,0,0,0,0,0,0,0,0,0,0,0,0,7,3,0,0,7,7,7,0,7,0,0,0,7,7,7,0,7,0,0,7,0,7,7,0,7,0,0,7,0,7,7,0,7,0,0,0,7,7,7,0,0,0,0,0,0,0,0
abk_GTvsPBKS_image_58.jpg,0,0,0,0,0,0,0,0,0,0,0,0,0,0,0,0,0,0,0,7,7,0,0,0,0,0,0,7,7,0,0,0,0,0,0,0,7,0,0,0,0,0,0,0,0,0,0,0,0,0,0,7,0,0,0,0,0,0,0,0,0,0,0,0
abk_GTvsPBKS_image_57.jpg,0,0,0,0,0,0,0,0,0,0,0,0,3,0,0,0,0,0,0,0,3,0,0,0,0,0,0,0,3,0,0,0,0,0,0,3,3,0,0,0,0,0,0,0,3,0,0,0,0,0,0,0,0,0,0,0,0,0,0,0,0,0,0,0
abk_GTvsPBKS_image_56.jpg,0,0,0,0,0,0,0,0,0,0,7,7,7,0,0,0,0,0,7,7,7,0,0,7,0,7,7,7,7,7,0,7,0,7,7,7,0,7,0,7,0,7,7,7,0,7,0,7,0,0,7,7,0,0,0,7,0,0,0,0,0,0,0,0
abk_GTvsPBKS_image_55.jpg,0,0,0,0,0,0,0,0,0,0,0,0,7,7,7,0,0,0,0,0,7,7,7,0,0,0,0,0,0,0,7,0,0,0,0,0,0,7,0,0,0,0,0,0,0,7,0,0,0,0,0,0,0,0,0,0,0,0,0,0,0,0,0,0
abk_GTvsPBKS_image_54.jpg,0,0,0,7,0,0,0,0,0,0,0,7,0,0,0,0,0,0,0,0,7,7,0,0,0,0,0,7,7,7,0,0,0,0,0,7,7,0,0,0,0,0,0,0,0,7,0,0,0,0,0,0,7,7,0,0,0,0,0,7,7,7,0,0
abk_GTvsPBKS_image_53.jpg,0,0,0,0,0,0,0,0,0,0,0,0,0,0,0,0,0,0,0,0,0,0,0,0,0,0,0,0,3,0,0,0,0,0,0,0,3,0,0,0,0,0,0,0,3,3,0,0,0,0,0,0,3,3,0,0,0,0,0,0,0,0,0,0
abk_GTvsPBKS_image_52.jpg,0,0,0,0,0,0,0,0,0,0,0,7,0,0,0,0,0,0,0,7,0,0,0,0,0,0,0,7,0,0,0,0,0,3,0,7,7,0,0,0,0,3,0,7,7,0,0,0,0,0,0,7,7,0,0,0,0,0,0,0,0,0,0,0
abk_GTvsPBKS_image_51.jpg,0,0,0,0,0,0,0,0,0,3,3,0,0,0,3,3,0,3,3,0,3,3,3,3,0,3,3,0,3,0,0,3,0,0,0,0,3,0,3,3,0,3,3,0,3,3,3,0,0,3,3,0,3,3,3,0,0,0,0,0,0,0,0,0
abk_GTvsPBKS_image_50.jpg,0,0,0,0,0,0,0,0,0,0,0,7,0,0,0,0,0,0,0,7,0,0,0,0,0,0,0,0,0,0,0,0,0,0,0,7,0,0,0,0,0,0,0,7,7,0,0,0,0,0,7,7,7,0,0,0,0,0,0,0,0,0,0,0
abk_GTvsPBKS_image_5.jpg,0,7,0,0,0,0,0,0,0,7,0,0,0,0,0,0,0,7,0,0,0,3,0,0,0,0,0,0,0,3,0,0,0,7,0,0,3,3,0,0,0,7,7,0,3,3,3,0,0,0,7,0,0,0,0,0,0,0,0,0,0,0,0,0
abk_GTvsPBKS_image_49.jpg,0,0,0,0,0,0,0,0,0,0,0,3,0,0,0,0,0,0,0,0,3,0,0,0,0,0,0,0,3,3,0,0,0,0,0,0,3,3,0,0,0,0,0,0,3,0,0,0,0,0,0,0,0,0,0,0,0,0,0,0,0,0,0,0
abk_GTvsPBKS_image_48.jpg,0,0,0,0,0,0,0,0,0,0,0,0,0,0,0,0,0,0,0,0,3,0,0,0,0,7,0,0,0,0,0,0,0,0,0,0,0,3,3,0,7,0,7,0,0,3,3,0,0,0,0,0,0,0,0,0,0,0,0,0,0,0,0,0
abk_GTvsPBKS_image_47.jpg,0,0,0,0,0,0,0,0,0,0,0,0,0,0,0,0,0,0,0,0,0,0,0,0,0,3,0,3,0,0,3,3,3,3,3,3,0,0,3,3,0,3,3,3,3,3,3,3,3,3,3,3,3,3,3,3,0,0,0,0,0,0,0,0
abk_GTvsPBKS_image_46.jpg,0,0,0,0,0,0,0,0,0,0,0,0,3,0,0,0,0,0,0,3,3,0,0,0,0,0,0,3,0,0,0,0,0,0,0,3,0,0,0,0,0,0,3,3,0,0,0,0,0,0,3,0,3,0,0,0,0,0,0,0,0,0,0,0
abk_GTvsPBKS_image_45.jpg,0,0,0,0,0,0,0,0,0,0,0,0,0,0,0,0,0,0,0,0,0,0,0,0,0,0,0,3,3,3,0,0,0,3,3,3,3,3,0,0,0,3,3,3,3,3,0,0,0,3,3,0,0,3,0,0,0,3,3,3,3,3,0,0
abk_GTvsPBKS_image_44.jpg,0,0,0,0,0,0,0,0,0,0,0,0,0,7,0,0,0,0,0,0,0,0,0,0,0,0,0,0,7,7,0,0,0,0,0,0,7,7,0,0,0,0,0,0,7,7,0,0,0,0,0,0,7,7,7,0,0,0,0,0,0,0,0,0
abk_GTvsPBKS_image_43.jpg,0,7,7,0,0,0,0,0,0,7,0,0,0,0,0,0,0,7,7,7,7,0,0,0,0,7,7,7,7,0,7,7,0,7,7,7,7,0,7,7,0,7,0,7,7,0,7,0,0,7,0,7,7,0,7,0,0,0,0,0,0,0,0,0
abk_GTvsPBKS_image_42.jpg,0,0,0,0,0,0,3,0,0,3,3,0,3,3,3,0,0,3,3,3,3,3,3,3,0,3,3,3,3,3,3,3,0,3,3,3,3,3,3,3,0,3,3,3,3,3,3,3,0,3,3,3,3,3,3,3,0,0,0,0,0,0,0,0
abk_GTvsPBKS_image_41.jpg,0,0,0,0,0,0,0,0,0,0,7,7,0,0,0,0,0,0,0,0,0,0,0,0,0,0,0,0,0,0,0,0,0,0,7,0,0,0,0,0,0,0,7,0,0,0,0,0,0,0,7,7,0,0,0,0,0,0,7,7,0,0,0,0
abk_GTvsPBKS_image_40.jpg,0,0,0,0,0,0,0,0,0,0,0,0,3,0,0,0,0,0,0,0,3,3,3,0,0,7,0,0,3,3,3,0,0,7,0,0,3,3,3,0,0,7,0,0,3,0,0,0,0,7,0,0,3,0,0,0,0,0,0,0,0,0,0,0
abk_GTvsPBKS_image_4.jpg,0,0,0,0,0,0,0,0,0,0,0,0,0,0,0,0,7,7,0,0,3,0,0,0,7,7,0,3,3,3,0,0,7,0,0,3,0,3,0,0,0,0,0,3,3,3,0,0,0,0,0,0,0,0,0,0,0,0,0,0,0,0,0,0
abk_GTvsPBKS_image_39.jpg,0,0,0,0,0,0,0,0,0,0,0,0,0,0,0,0,0,0,0,3,0,0,0,0,0,0,0,3,0,0,0,0,0,0,3,3,0,0,0,0,0,0,0,3,0,0,0,0,0,0,0,3,0,0,0,0,0,0,0,0,0,0,0,0
abk_GTvsPBKS_image_38.jpg,0,0,0,0,0,0,0,0,0,0,0,0,0,0,0,0,3,0,0,0,0,0,0,0,3,0,0,7,0,0,0,0,0,0,0,7,0,0,0,0,0,0,0,7,0,0,0,0,0,0,0,0,0,0,0,0,0,0,0,0,0,0,0,0
abk_GTvsPBKS_image_37.jpg,0,0,0,0,0,0,0,0,0,0,0,0,0,0,0,0,0,0,0,7,0,0,0,0,0,0,0,7,7,0,0,0,0,0,0,7,7,0,0,0,0,0,0,7,7,0,0,0,0,0,0,7,7,0,0,0,0,0,0,0,0,0,0,0
abk_GTvsPBKS_image_36.jpg,0,0,0,0,0,0,0,0,0,3,0,0,0,0,0,0,0,3,0,0,0,0,0,0,0,3,0,0,3,0,0,0,0,3,0,0,3,3,0,0,0,3,0,0,3,3,0,0,0,3,0,0,0,0,0,0,0,0,0,0,0,0,0,0
abk_GTvsPBKS_image_35.jpg,0,0,0,0,0,0,0,0,0,0,0,0,0,0,0,0,0,7,7,7,0,0,0,0,0,7,0,0,0,0,0,0,0,7,0,0,0,0,0,0,0,7,0,0,0,0,0,0,0,7,0,0,0,0,0,0,0,0,0,0,0,0,0,0
abk_GTvsPBKS_image_34.jpg,0,0,0,0,0,0,0,0,0,0,0,0,0,0,0,0,0,0,0,7,0,0,0,0,0,0,0,7,0,0,0,0,0,0,0,7,0,0,0,0,0,0,0,7,0,0,0,0,0,0,0,0,0,0,0,0,0,0,0,0,0,0,0,0
abk_GTvsPBKS_image_33.jpg,0,0,0,0,0,0,0,0,0,0,0,3,0,0,0,0,0,0,0,0,3,0,0,0,0,0,0,0,3,0,0,0,0,0,0,3,3,0,0,0,0,0,0,3,3,0,0,0,0,0,0,3,3,3,0,0,0,0,0,0,0,0,0,0
abk_GTvsPBKS_image_32.jpg,0,0,0,0,0,0,0,0,0,0,0,0,0,0,0,0,0,0,0,7,0,0,0,0,0,0,0,0,0,0,0,0,0,0,7,7,0,0,0,0,0,0,0,7,0,0,0,0,0,0,0,7,0,0,0,0,0,0,0,0,0,0,0,0
abk_GTvsPBKS_image_31.jpg,0,0,0,0,0,0,0,0,0,0,0,0,0,0,0,0,0,0,0,0,0,0,0,0,0,0,0,7,0,0,0,0,0,0,7,7,0,0,0,0,0,0,7,7,0,0,0,0,0,0,7,7,0,0,0,0,0,0,7,7,0,0,0,0
abk_GTvsPBKS_image_30.jpg,0,0,0,0,0,0,0,0,0,0,0,0,0,0,0,0,0,0,0,7,7,0,0,0,0,0,0,7,7,0,0,0,0,0,0,7,7,0,0,0,0,0,0,7,7,0,0,0,0,0,0,0,7,0,0,0,0,0,0,0,0,0,0,0
abk_GTvsPBKS_image_3.jpg,0,0,0,0,0,0,0,0,0,0,0,0,7,0,7,0,0,0,0,0,7,0,7,0,3,0,0,0,7,0,7,0,3,0,0,0,0,0,7,0,3,0,0,7,0,0,7,0,3,0,0,7,7,0,0,0,0,0,0,0,0,0,0,0
abk_GTvsPBKS_image_29.jpg,0,0,0,0,0,0,0,0,0,0,0,0,0,0,0,0,0,0,0,0,0,0,0,0,0,0,0,0,0,0,0,0,0,0,0,0,0,0,0,0,0,0,0,0,0,0,0,0,0,0,0,0,0,0,0,0,0,0,0,0,0,0,0,0
abk_GTvsPBKS_image_28.jpg,0,0,0,0,0,0,0,0,0,0,0,0,0,0,0,0,0,0,0,3,0,0,0,0,0,0,0,3,0,0,0,0,0,0,0,3,3,0,0,0,0,0,3,3,3,0,0,0,0,0,3,0,3,0,0,0,0,0,0,0,3,0,0,0
abk_GTvsPBKS_image_27.jpg,0,7,7,0,0,0,0,0,0,0,0,0,0,0,0,0,7,7,7,0,0,0,0,0,0,7,0,0,7,0,3,0,0,7,3,3,0,0,3,0,0,7,3,3,7,3,3,0,0,7,3,3,7,0,3,0,0,7,3,3,7,0,3,0
abk_GTvsPBKS_image_26.jpg,0,3,0,0,0,0,0,0,0,3,0,3,0,3,0,0,0,3,0,3,0,3,0,0,0,3,0,3,0,3,0,0,0,3,0,3,0,3,0,0,0,3,0,3,0,3,0,0,0,3,3,0,0,3,0,0,0,0,0,0,0,0,0,0
abk_GTvsPBKS_image_25.jpg,0,0,0,0,0,0,0,0,0,0,0,0,3,3,0,0,0,0,3,3,3,3,0,0,0,0,3,3,3,3,0,0,0,0,3,3,3,3,0,0,0,0,3,3,3,3,0,0,0,0,3,3,3,3,0,0,0,0,0,0,0,0,0,0
abk_GTvsPBKS_image_24.jpg,0,0,0,0,0,0,0,0,0,0,0,0,0,0,0,0,0,0,0,0,0,0,0,0,0,0,0,0,3,3,3,0,0,7,7,0,3,3,3,0,0,7,7,0,3,3,3,0,0,7,0,7,3,3,3,0,0,7,7,7,0,3,3,0
abk_GTvsPBKS_image_23.jpg,0,0,0,0,0,0,0,0,0,0,0,3,3,0,0,0,0,0,3,3,3,0,0,0,0,0,3,3,3,0,0,0,0,0,0,0,3,3,0,0,0,0,0,0,3,0,0,0,0,0,0,3,3,0,0,0,0,0,0,0,0,0,0,0
abk_GTvsPBKS_image_22.jpg,0,0,0,0,0,0,0,0,0,0,0,7,0,0,0,0,0,0,0,7,0,0,0,0,0,0,0,7,0,0,0,0,0,0,0,7,0,0,0,0,0,0,0,7,0,0,0,0,0,0,0,7,0,0,0,0,0,0,0,0,0,0,0,0
abk_GTvsPBKS_image_21.jpg,0,0,0,0,0,0,0,0,0,0,0,7,7,0,0,0,0,0,0,0,0,0,0,0,0,0,0,7,0,0,0,0,3,0,0,7,7,0,0,0,3,0,0,7,7,0,0,0,0,0,0,7,7,0,0,0,0,0,0,0,0,0,0,0
abk_GTvsPBKS_image_20.jpg,0,0,0,0,0,0,0,0,0,0,0,0,0,3,0,0,0,0,0,0,0,3,0,0,0,0,0,0,0,3,0,0,7,7,0,0,0,3,0,0,0,7,0,0,3,3,0,0,7,7,0,0,0,3,0,0,0,0,0,0,0,0,0,0
abk_GTvsPBKS_image_2.jpg,0,0,0,0,0,0,0,0,0,3,3,0,0,0,3,0,0,3,3,3,0,3,3,0,0,3,3,3,0,3,3,0,0,3,3,3,0,3,0,0,0,3,3,3,0,3,0,0,0,3,3,3,0,3,0,0,0,0,0,0,0,0,0,0
abk_GTvsPBKS_image_19.jpg,0,0,0,0,0,0,0,0,0,0,0,0,0,0,0,0,0,0,3,7,0,0,0,0,0,3,3,7,0,0,0,0,0,3,3,7,0,0,0,0,0,0,0,7,0,0,0,0,0,0,0,7,0,0,0,0,0,0,0,0,0,0,0,0
abk_GTvsPBKS_image_18.jpg,0,0,0,0,0,0,0,0,0,0,0,0,0,0,0,0,0,0,0,0,0,0,0,0,0,0,0,7,7,0,0,0,0,0,0,7,7,0,0,0,0,0,0,0,7,0,0,0,0,0,0,0,7,0,0,0,0,0,0,0,0,0,0,0
abk_GTvsPBKS_image_17.jpg,0,0,0,0,0,0,0,0,0,0,0,0,0,0,0,0,0,0,0,0,0,3,0,0,0,0,7,7,3,3,0,0,0,0,7,7,3,3,0,0,0,0,7,7,3,3,0,0,0,0,7,7,3,3,0,0,0,0,7,7,3,3,0,0
abk_GTvsPBKS_image_16.jpg,0,0,0,0,0,0,0,0,0,0,0,7,0,0,0,0,0,0,0,7,7,0,0,0,0,0,0,7,7,0,0,0,0,0,0,7,7,0,0,0,0,0,0,7,0,0,0,0,0,0,0,0,0,0,0,0,0,0,0,0,0,0,0,0
abk_GTvsPBKS_image_15.jpg,0,0,0,7,7,0,0,0,0,0,0,0,0,0,0,0,0,0,0,0,0,0,0,0,0,0,0,7,7,0,0,0,0,0,0,7,7,0,0,0,0,0,0,7,7,0,0,0,0,0,0,7,7,0,0,0,0,0,0,0,0,0,0,0
abk_GTvsPBKS_image_14.jpg,0,0,0,0,0,0,0,0,0,0,0,0,0,0,0,0,0,0,0,0,0,0,0,0,7,7,0,0,0,0,0,0,7,7,0,0,0,0,0,0,0,0,0,0,0,0,0,0,0,0,0,0,0,0,0,0,0,0,0,0,0,0,0,0
abk_GTvsPBKS_image_13.jpg,0,0,0,0,0,0,0,0,0,0,0,0,0,0,0,0,0,0,7,7,0,0,0,0,0,0,7,0,7,7,0,0,0,0,7,0,7,7,0,0,0,0,7,0,7,7,0,0,0,0,7,0,7,7,0,0,0,0,7,0,7,7,0,0
abk_GTvsPBKS_image_12.jpg,0,0,0,0,0,0,0,0,0,0,0,0,0,0,0,0,0,0,7,7,0,7,0,0,0,0,0,7,0,0,0,0,0,0,0,7,0,7,0,0,0,0,0,7,0,7,0,0,0,0,0,7,0,7,0,0,0,0,0,0,0,0,0,0
abk_GTvsPBKS_image_11.jpg,0,0,0,0,0,0,0,0,0,3,3,0,0,3,3,0,0,3,3,3,3,3,3,0,0,3,3,3,3,0,0,0,0,3,3,3,3,0,0,0,0,3,3,3,3,3,3,0,0,3,3,3,3,3,3,0,0,0,0,0,0,0,0,0
abk_.DS_Store,0,0,0,0,0,0,0,0,0,0,0,0,0,0,0,0,0,0,0,0,0,0,0,0,0,0,0,0,0,0,0,0,0,0,0,0,0,0,0,0,0,0,0,0,0,0,0,0,0,0,0,0,0,0,0,0,0,0,0,0,0,0,0,0
abk_GTvsRR_image_1.jpg,0,0,0,0,0,0,0,0,0,0,0,0,0,0,0,0,0,0,0,0,8,0,0,0,0,0,0,0,8,0,0,0,0,0,0,8,8,0,0,0,0,0,0,8,8,0,0,0,0,0,0,0,0,0,0,0,0,0,0,0,0,0,0,0
abk_GTvsRR_image_0.jpg,0,0,0,0,0,0,0,0,0,0,0,0,0,0,0,0,0,0,0,0,0,0,0,0,0,0,0,0,0,0,0,0,0,0,0,0,0,0,0,0,0,0,0,0,0,0,0,0,0,0,0,0,0,0,0,0,0,0,0,0,0,0,0,0
abk_GTvsRR_image_10.jpg,0,0,0,0,0,0,0,0,0,0,0,0,0,0,0,0,0,0,8,8,0,0,0,0,0,0,8,8,0,0,0,0,0,0,8,8,0,0,0,0,0,0,8,8,0,0,0,0,0,0,8,8,0,0,0,0,0,0,0,0,0,0,0,0
abk_GTvsRR_image_100.jpg,0,0,0,0,0,0,0,0,0,0,0,0,0,0,0,0,0,0,0,0,0,0,0,0,0,0,0,0,3,3,0,0,0,0,0,0,3,3,0,0,0,0,0,0,3,0,0,0,0,0,0,0,0,0,0,0,0,0,0,0,3,0,0,0
abk_GTvsRR_image_101.jpg,0,0,0,0,0,0,0,0,0,8,0,3,0,0,0,0,8,8,0,0,0,0,8,0,0,8,0,3,0,0,8,0,8,8,0,3,0,0,8,0,8,8,0,3,0,0,8,0,8,8,0,3,0,0,8,0,0,0,0,0,0,0,0,0
abk_GTvsRR_image_102.jpg,0,0,0,0,0,0,0,0,0,0,0,8,8,0,0,0,0,0,8,0,8,0,0,0,0,0,8,8,8,0,0,0,0,0,8,8,8,0,0,0,0,0,8,8,8,0,0,0,0,0,0,0,8,0,0,0,0,0,0,0,0,0,0,0
abk_GTvsRR_image_103.jpg,0,0,0,0,0,0,0,0,0,0,0,0,8,8,0,0,0,3,0,0,3,0,8,0,0,3,0,0,3,3,8,0,0,3,0,0,3,3,8,0,0,3,0,0,3,3,8,8,0,0,0,0,0,0,0,0,0,0,0,0,0,0,0,0
abk_GTvsRR_image_104.jpg,0,0,0,0,0,0,0,0,0,0,0,0,0,0,0,0,0,0,0,0,3,0,0,0,0,0,0,0,0,0,0,0,0,0,0,3,3,0,0,0,0,0,0,3,3,0,0,0,0,0,0,3,3,0,0,0,0,0,0,0,0,0,0,0
abk_GTvsRR_image_105.jpg,0,0,0,0,0,0,0,0,0,0,0,0,0,0,0,0,0,0,0,0,0,0,0,0,0,0,0,0,0,0,0,0,0,0,0,0,0,0,0,0,0,0,0,0,0,0,0,0,0,0,0,0,0,0,0,0,0,0,0,0,0,0,0,0
abk_GTvsRR_image_106.jpg,0,0,0,0,3,0,0,0,0,0,0,0,3,0,0,0,0,0,0,3,0,0,0,0,0,0,0,3,0,0,0,0,0,0,0,3,0,0,0,0,0,0,0,3,0,0,0,0,0,0,0,3,0,0,0,0,0,0,0,0,0,0,0,0
abk_GTvsRR_image_107.jpg,0,0,0,0,0,0,0,0,0,0,0,0,0,0,0,0,0,0,3,0,0,0,0,0,0,0,3,3,0,0,0,0,0,0,0,3,0,0,0,0,0,0,0,3,0,0,0,0,0,0,3,3,0,0,0,0,0,0,0,0,0,0,0,0
abk_GTvsRR_image_108.jpg,0,0,0,0,0,0,0,0,0,0,0,8,8,0,0,0,0,0,0,0,8,0,0,0,0,0,0,0,8,0,0,0,0,0,0,0,8,0,0,0,0,0,0,8,8,0,0,0,0,0,0,8,0,0,0,0,0,0,0,0,0,0,0,0
abk_GTvsRR_image_109.jpg,0,0,0,0,0,0,0,0,0,0,0,0,0,0,0,0,0,0,0,0,0,0,0,0,0,0,0,0,0,8,8,0,0,8,8,8,0,8,8,8,8,8,8,8,0,8,8,8,8,8,8,8,0,8,8,8,0,8,8,8,8,8,8,0
abk_GTvsRR_image_11.jpg,0,0,0,0,0,0,0,0,0,0,0,0,0,0,0,0,0,0,8,0,3,3,0,0,0,0,0,0,0,0,0,0,0,8,8,0,3,3,0,0,0,8,8,0,3,3,3,0,0,8,8,0,3,3,0,0,0,0,8,0,3,3,0,0
abk_GTvsRR_image_110.jpg,0,0,0,0,0,0,0,0,0,0,0,0,0,0,0,0,0,0,0,3,0,0,0,0,0,0,0,3,0,0,0,0,0,0,0,3,3,0,0,0,0,0,0,3,3,0,0,0,0,0,0,3,0,0,0,0,0,0,0,0,0,0,0,0
abk_GTvsRR_image_111.jpg,0,0,0,0,0,0,0,0,0,0,0,0,0,0,0,0,0,0,0,0,0,0,0,0,0,8,8,8,8,8,8,0,0,8,8,8,8,8,8,0,0,8,8,8,8,8,8,0,0,8,8,8,8,8,8,0,0,0,0,0,0,0,0,0
abk_GTvsRR_image_112.jpg,0,0,0,0,0,0,0,0,0,0,0,3,0,0,0,0,0,0,3,0,0,0,0,0,0,3,3,0,0,0,0,0,0,3,3,0,0,0,0,0,0,3,3,0,0,0,0,0,0,0,3,0,0,0,0,0,0,0,0,0,0,0,0,0
abk_GTvsRR_image_113.jpg,0,0,0,0,0,0,0,0,0,0,0,0,0,0,0,0,0,0,0,3,0,0,0,0,0,0,0,0,3,3,0,0,0,0,0,0,0,3,0,0,0,0,0,3,3,0,3,0,0,0,0,3,3,0,0,0,0,0,0,0,0,0,0,0
abk_GTvsRR_image_114.jpg,0,0,0,0,0,0,0,0,0,0,0,0,0,0,0,0,0,0,0,3,0,0,0,0,3,8,3,3,0,0,0,8,3,0,3,3,0,3,3,3,3,0,3,3,0,3,3,3,3,0,3,3,0,3,3,3,3,0,3,3,0,3,0,3
abk_GTvsRR_image_115.jpg,0,0,0,0,0,0,0,0,0,0,0,0,0,0,0,0,0,0,0,0,0,0,0,0,0,0,0,0,0,0,0,0,0,0,0,0,0,0,0,0,0,0,0,0,0,0,0,0,0,0,0,0,0,0,0,0,0,0,0,0,0,0,0,0
abk_GTvsRR_image_116.jpg,0,0,0,0,0,0,0,0,0,0,0,0,0,0,0,0,0,0,0,3,0,0,0,0,0,0,0,0,0,0,0,0,0,0,0,3,0,0,0,0,0,0,0,3,0,0,0,0,0,0,3,3,0,0,0,0,0,0,0,0,0,0,0,0
abk_GTvsRR_image_117.jpg,0,0,0,0,0,0,0,0,0,0,0,0,0,0,0,0,0,0,0,0,0,0,3,0,0,3,3,3,3,3,3,0,0,3,3,3,3,3,3,0,0,3,3,3,0,3,3,0,0,3,3,3,0,3,3,3,0,3,3,3,3,3,3,3
abk_GTvsRR_image_118.jpg,0,0,0,0,0,0,0,0,0,0,0,0,0,0,0,0,0,0,0,0,0,0,0,0,0,0,0,0,0,3,0,0,0,0,0,0,0,3,0,0,0,0,0,0,0,0,0,0,0,0,0,0,0,0,0,0,0,0,0,0,0,3,3,0
abk_GTvsRR_image_119.jpg,0,0,0,0,0,0,0,0,0,0,3,0,0,0,0,0,0,3,0,0,0,0,0,0,0,3,3,0,0,0,0,0,0,3,3,0,0,0,0,0,0,3,3,0,0,0,0,0,0,3,3,0,0,0,0,0,0,0,0,0,0,0,0,0
abk_GTvsRR_image_12.jpg,0,0,0,0,0,8,0,0,0,0,0,0,8,8,0,0,0,0,8,0,8,0,8,0,0,0,8,0,8,0,8,0,0,0,8,8,8,8,8,0,0,0,8,8,0,8,9,0,0,0,0,0,0,0,0,0,0,0,0,0,0,0,0,0
abk_GTvsRR_image_120.jpg,0,0,0,0,0,0,0,0,0,0,0,0,0,0,0,0,0,0,0,0,0,0,0,0,0,0,0,0,0,0,0,0,0,0,0,0,0,0,0,0,0,0,0,0,0,0,0,0,0,0,0,0,0,0,0,0,0,0,0,0,0,0,0,0
abk_GTvsRR_image_121.jpg,0,0,0,0,0,0,0,0,0,0,8,8,0,0,0,0,0,0,0,8,0,0,0,0,0,0,0,0,0,0,0,0,0,0,8,0,0,0,0,0,0,0,0,8,8,8,0,0,0,0,0,8,8,0,0,0,0,0,0,8,8,0,0,0
abk_GTvsRR_image_122.jpg,0,0,0,0,0,3,0,0,0,0,3,0,0,3,0,0,0,0,3,0,0,3,0,0,0,0,3,0,0,3,0,0,0,0,3,0,0,3,0,0,0,0,3,0,0,3,0,0,0,0,0,0,0,3,0,0,0,0,0,0,0,0,0,0
abk_GTvsRR_image_123.jpg,0,0,0,0,0,0,0,0,0,0,0,0,0,0,0,0,0,0,0,0,0,0,0,0,0,0,0,0,0,0,0,0,0,0,0,0,0,0,0,0,0,0,0,0,0,0,0,0,0,0,0,0,0,0,0,0,0,0,0,0,0,0,0,0
abk_GTvsRR_image_124.jpg,0,0,0,0,0,0,0,0,0,0,0,0,0,0,0,0,0,0,0,0,0,0,0,0,0,0,0,0,0,0,0,0,0,0,0,0,0,0,0,0,0,0,0,0,0,0,0,0,0,0,0,0,0,0,0,0,0,0,0,0,0,0,0,0
abk_GTvsRR_image_125.jpg,0,0,0,0,0,0,0,0,0,0,0,0,8,0,0,0,0,0,0,8,0,0,0,0,0,0,0,8,0,0,0,0,0,0,0,8,0,0,0,0,0,0,0,8,0,0,0,0,0,0,0,0,0,0,0,0,0,0,0,0,0,0,0,0
abk_GTvsRR_image_126.jpg,0,0,0,0,0,0,0,0,0,0,0,0,0,0,0,0,0,0,0,8,3,3,0,0,0,0,3,3,3,8,0,0,0,0,3,3,3,3,0,0,0,0,0,3,3,3,0,0,0,0,0,3,3,0,0,0,0,0,0,0,0,0,0,0
abk_GTvsRR_image_127.jpg,0,0,0,0,0,0,0,0,0,0,0,0,0,0,0,0,0,0,0,0,0,0,0,0,0,0,0,0,0,0,3,0,0,0,0,0,0,0,3,0,0,0,0,0,0,0,3,0,0,0,0,0,0,0,0,0,0,0,0,0,0,0,3,0
abk_GTvsRR_image_128.jpg,0,0,0,0,0,0,0,0,0,0,3,3,0,0,0,0,0,0,3,3,0,0,0,0,0,0,3,3,0,0,0,0,0,0,0,8,0,0,0,0,0,0,0,3,0,0,0,0,0,0,0,3,0,0,0,0,0,0,0,0,0,0,0,0
abk_GTvsRR_image_129.jpg,0,0,0,0,0,0,0,0,0,0,0,0,0,0,0,0,0,0,3,0,3,0,0,0,0,0,3,3,3,3,8,0,0,3,3,3,3,3,8,0,0,3,3,3,3,3,8,0,0,0,3,3,3,3,0,0,0,0,0,0,0,0,0,0
abk_GTvsRR_image_13.jpg,0,0,0,0,0,0,0,0,0,0,8,8,0,0,0,0,0,0,0,0,0,0,0,0,0,0,8,8,8,0,0,0,0,8,8,8,0,0,0,0,0,0,8,8,0,0,0,0,0,0,8,8,0,0,0,0,0,8,8,8,0,0,0,0
abk_GTvsRR_image_130.jpg,0,0,0,0,0,0,0,0,0,0,0,0,0,3,0,0,0,8,8,0,0,3,0,0,0,8,8,0,0,3,0,0,0,8,0,0,3,3,0,0,0,8,8,0,3,0,0,0,0,8,0,0,0,0,0,0,0,0,0,0,0,0,0,0
abk_GTvsRR_image_131.jpg,0,0,0,0,0,0,0,0,0,0,0,0,0,0,0,0,0,0,0,0,0,0,0,0,0,0,0,0,0,0,0,0,0,0,0,0,0,0,0,0,0,3,3,0,3,0,0,0,0,0,3,3,0,0,0,0,0,0,3,3,0,0,0,0
abk_GTvsRR_image_132.jpg,0,0,0,0,0,0,0,0,0,0,0,0,3,0,0,0,0,0,3,0,3,0,0,0,0,0,3,3,3,0,0,0,0,0,3,3,3,0,0,0,0,0,3,3,3,0,0,0,0,0,3,3,3,0,0,0,0,0,0,0,0,0,0,0
abk_GTvsRR_image_133.jpg,0,0,0,0,0,0,0,0,0,0,0,0,8,3,0,0,0,0,0,0,8,3,0,0,0,0,8,0,8,3,0,0,0,0,8,0,0,0,0,0,0,0,0,0,0,0,0,0,0,0,0,0,0,0,0,0,0,0,0,0,0,0,0,0
abk_GTvsRR_image_134.jpg,0,0,0,0,0,0,0,0,0,0,0,3,3,0,0,0,0,0,0,3,3,0,0,0,0,0,0,3,0,0,0,0,0,0,3,3,3,0,0,0,0,0,3,0,3,0,0,0,0,0,3,0,3,3,0,0,0,0,0,0,0,0,0,0
abk_GTvsRR_image_135.jpg,0,0,0,0,0,0,0,0,0,0,0,0,0,0,0,0,0,0,0,0,0,0,0,0,0,0,0,0,0,0,0,0,0,3,3,8,0,0,0,0,0,3,8,8,0,0,0,0,0,0,8,0,0,0,0,0,0,0,0,0,0,0,0,0
abk_GTvsRR_image_136.jpg,0,0,0,0,0,0,0,0,0,0,0,0,0,0,0,0,0,0,0,0,0,0,0,0,0,0,0,0,0,0,0,0,0,8,8,0,0,0,0,0,8,8,8,8,0,0,0,0,8,8,8,8,0,0,0,0,8,8,8,0,0,0,0,0
abk_GTvsRR_image_137.jpg,0,0,0,0,0,0,0,0,0,0,0,0,0,0,0,0,0,0,0,0,0,0,0,0,0,0,0,0,0,0,0,0,0,0,0,0,0,0,0,0,0,0,0,0,0,0,0,0,0,0,0,0,0,0,0,0,0,0,0,0,0,0,0,0
abk_GTvsRR_image_138.jpg,0,0,0,0,0,0,0,0,0,0,3,3,0,8,0,0,0,0,3,3,0,8,0,0,0,0,3,3,0,0,0,0,0,0,3,3,8,8,0,0,0,0,3,3,0,8,0,0,0,3,3,3,0,8,0,0,0,0,0,0,0,0,0,0
abk_GTvsRR_image_139.jpg,0,0,0,0,0,0,0,0,0,8,0,0,0,0,0,0,0,8,0,3,0,0,0,0,0,8,3,3,0,0,0,0,0,8,3,0,0,0,0,0,0,0,3,3,0,0,0,0,0,0,3,0,0,0,0,0,0,0,0,0,0,0,0,0
abk_GTvsRR_image_14.jpg,0,0,0,0,0,0,0,0,0,0,0,0,0,0,0,0,0,0,0,8,8,0,0,0,0,0,0,8,8,0,0,0,0,0,0,8,8,0,0,0,0,0,0,8,8,0,0,0,0,0,0,8,8,0,0,0,0,0,0,0,0,0,0,0
abk_GTvsRR_image_140.jpg,0,0,0,0,0,0,0,0,0,0,0,0,0,0,0,0,0,0,0,0,0,0,0,0,0,0,0,8,0,0,0,0,0,0,0,8,0,0,0,0,0,0,0,8,0,0,0,0,0,0,0,8,0,0,0,0,0,0,0,0,0,0,0,0
abk_GTvsRR_image_141.jpg,0,0,0,0,0,0,0,0,0,0,0,0,0,0,0,0,0,0,0,0,3,0,0,0,0,8,8,0,3,0,0,0,0,8,8,0,3,3,0,0,0,0,8,0,3,3,0,0,0,8,8,0,3,3,0,0,0,0,0,0,0,0,0,0
abk_GTvsRR_image_142.jpg,0,0,0,0,0,0,0,0,0,0,0,0,0,0,0,0,0,0,0,0,0,0,0,0,0,0,0,0,0,0,0,0,0,0,0,0,0,0,0,0,0,0,0,0,0,0,0,0,0,0,0,0,0,0,0,0,0,0,0,0,0,0,0,0
abk_GTvsRR_image_143.jpg,0,0,0,0,0,0,0,0,0,0,0,0,0,0,0,0,0,0,0,0,0,0,0,0,0,0,0,8,0,8,0,0,0,0,0,8,8,8,0,0,0,0,0,8,8,8,0,0,0,0,0,8,8,8,0,0,0,0,0,0,8,8,0,0
abk_GTvsRR_image_144.jpg,0,0,0,0,0,0,0,0,0,0,0,0,0,0,0,0,0,0,0,0,0,0,0,0,0,0,0,0,0,0,0,0,0,0,0,0,0,0,0,0,0,0,0,0,0,0,0,0,0,0,0,0,0,0,0,0,0,0,0,0,0,0,0,0
abk_GTvsRR_image_145.jpg,0,0,0,0,3,0,3,0,0,0,0,3,3,0,3,0,0,8,8,3,3,3,3,0,0,8,8,0,3,3,3,0,0,8,8,0,3,3,3,0,0,8,8,0,3,3,3,0,8,0,8,0,3,0,3,0,0,0,0,0,0,0,0,0
abk_GTvsRR_image_146.jpg,0,0,0,0,0,0,0,0,0,0,0,0,0,3,0,0,3,3,3,3,0,3,0,0,3,0,3,3,0,3,0,0,3,3,3,3,0,3,0,0,3,3,3,3,0,3,0,0,0,0,0,3,0,0,0,0,0,0,0,0,0,0,0,0
abk_GTvsRR_image_147.jpg,0,0,0,0,0,0,0,0,0,0,0,0,0,0,0,0,0,0,0,0,0,0,0,0,0,0,3,3,3,3,0,0,0,0,0,3,3,0,0,0,0,0,0,3,3,0,0,0,0,0,0,3,3,0,0,0,0,0,0,3,3,0,0,0
abk_GTvsRR_image_148.jpg,0,0,0,0,0,0,0,0,0,0,0,0,0,0,0,0,0,0,0,0,0,0,0,0,0,0,0,0,0,0,0,0,0,0,0,8,8,8,0,0,0,0,0,8,0,8,0,0,0,0,0,8,8,0,0,0,0,0,0,0,8,0,0,0
abk_GTvsRR_image_149.jpg,0,0,0,0,0,0,0,0,0,0,3,3,0,0,0,0,0,0,3,0,0,0,0,0,0,0,3,0,0,0,0,0,0,0,3,0,0,0,0,0,0,0,3,0,0,0,0,0,0,0,3,3,0,0,0,0,0,0,0,0,0,0,0,0
abk_GTvsRR_image_15.jpg,0,0,0,0,0,0,0,0,0,0,0,0,0,0,3,0,0,0,0,0,0,3,3,0,0,0,3,0,0,3,3,0,0,0,3,3,0,3,3,0,0,0,3,0,3,3,3,0,0,0,3,0,3,3,3,0,0,0,3,3,3,3,3,0
abk_GTvsRR_image_150.jpg,0,0,0,0,0,0,0,0,0,0,0,0,8,0,0,0,0,0,0,0,8,0,0,0,0,0,0,0,8,0,0,0,0,0,0,0,8,8,0,0,0,0,0,8,8,8,0,0,0,0,0,8,0,0,0,0,0,0,0,0,0,0,0,0
abk_GTvsRR_image_151.jpg,0,0,0,0,0,0,0,0,0,0,0,0,0,0,0,0,0,0,0,0,0,0,0,0,0,0,0,0,0,0,0,0,0,0,0,0,0,0,0,0,0,0,0,0,0,0,0,0,0,0,0,0,0,0,0,0,0,0,0,0,0,0,0,0
abk_GTvsRR_image_152.jpg,0,0,0,3,3,0,0,0,0,0,3,3,3,0,0,0,0,0,3,3,3,0,0,0,0,0,0,3,0,0,0,0,0,0,0,0,3,0,0,0,0,0,0,0,3,0,0,0,0,0,0,0,3,0,0,0,0,0,0,0,0,0,0,0
abk_GTvsRR_image_153.jpg,0,0,0,0,0,0,0,0,0,0,0,0,0,0,0,0,0,0,0,0,0,0,0,0,0,0,0,0,0,0,0,0,0,0,0,0,0,0,0,0,0,0,0,0,0,0,0,0,0,0,0,0,0,0,0,0,0,0,0,0,0,0,0,0
abk_GTvsRR_image_154.jpg,0,0,0,0,0,0,0,0,0,0,0,0,0,0,0,0,0,0,0,0,0,0,0,0,0,0,0,0,0,3,0,0,0,0,0,0,3,3,0,0,0,0,0,0,3,3,0,0,0,0,0,0,0,3,0,0,0,0,0,0,0,0,0,0
abk_GTvsRR_image_155.jpg,0,0,0,0,0,0,0,0,0,0,0,0,0,0,0,0,0,0,0,8,0,0,0,0,0,0,0,0,0,0,0,0,0,0,0,0,8,0,0,0,0,0,0,8,0,0,0,0,0,0,0,8,0,0,0,0,0,0,0,8,0,0,0,0
abk_GTvsRR_image_156.jpg,0,0,0,0,0,0,0,0,0,0,0,0,0,0,0,0,0,0,0,0,0,0,0,0,0,0,0,0,0,0,0,0,0,0,0,0,0,3,0,0,0,0,0,0,0,0,0,0,0,0,0,0,0,0,0,0,0,0,0,0,0,0,0,0
abk_GTvsRR_image_157.jpg,0,0,0,0,0,0,0,0,0,0,0,0,0,0,0,0,0,0,0,0,0,0,0,0,0,0,0,3,0,0,0,0,0,0,0,3,3,0,0,0,0,0,0,0,3,0,0,0,0,0,0,3,3,0,0,0,0,0,0,0,0,0,0,0
abk_GTvsRR_image_158.jpg,0,0,0,0,0,0,0,0,0,0,0,0,0,0,0,0,0,3,3,0,3,0,3,0,3,8,8,3,3,3,8,8,8,8,8,3,3,3,3,3,0,3,3,3,3,3,3,3,0,0,0,0,0,0,0,0,0,0,0,0,0,0,0,0
abk_GTvsRR_image_159.jpg,0,0,0,0,0,0,0,0,0,8,8,0,0,0,0,0,0,8,0,0,0,0,3,3,0,8,0,3,3,0,3,0,0,8,0,0,3,0,3,3,0,8,0,3,3,0,3,3,8,8,0,3,3,0,3,0,0,0,0,0,0,0,0,0
abk_GTvsRR_image_16.jpg,0,0,0,0,0,0,0,0,0,0,0,0,0,0,0,0,0,0,0,8,0,0,8,0,0,0,0,0,8,8,8,0,0,0,0,0,8,8,8,0,0,0,0,0,0,8,8,0,0,0,0,0,0,8,8,0,0,0,0,0,0,8,0,0
abk_GTvsRR_image_160.jpg,0,0,0,0,0,0,0,0,0,0,0,0,0,0,0,0,0,0,0,3,3,0,0,0,0,0,0,0,3,0,0,0,0,0,0,3,3,3,0,0,0,0,0,3,0,3,0,0,0,0,0,0,0,3,0,0,0,0,0,0,0,0,0,0
abk_GTvsRR_image_161.jpg,0,0,0,0,0,0,0,0,0,0,8,8,0,0,0,0,0,0,8,8,0,0,0,0,0,8,8,8,0,0,0,0,0,0,8,0,0,0,0,0,0,0,8,0,0,0,0,0,0,0,0,0,0,0,0,0,0,0,0,0,0,0,0,0
abk_GTvsRR_image_162.jpg,0,0,0,0,0,0,0,0,0,0,0,0,0,0,0,0,0,0,0,0,8,0,0,0,0,0,0,0,8,0,0,0,0,0,0,0,8,0,0,0,0,0,0,8,8,0,0,0,0,0,0,8,0,0,0,0,0,0,0,0,0,0,0,0
abk_GTvsRR_image_163.jpg,0,0,0,0,0,0,0,0,0,0,0,0,0,0,0,0,0,0,0,0,3,0,0,0,0,0,0,3,3,0,0,0,0,0,0,3,3,0,0,0,0,0,0,0,3,0,0,0,0,0,0,3,0,0,0,0,0,0,0,0,0,0,0,0
abk_GTvsRR_image_164.jpg,0,0,0,0,0,0,0,0,0,0,0,8,0,0,0,0,0,0,0,8,0,0,0,0,0,0,0,8,0,0,0,0,0,0,0,8,0,0,0,0,0,0,0,8,0,0,0,0,0,0,0,8,0,0,0,0,0,0,0,0,0,0,0,0
abk_GTvsRR_image_165.jpg,0,0,0,0,0,0,0,0,0,0,0,0,0,0,0,0,0,0,0,0,0,0,0,0,0,0,0,0,8,0,0,0,0,0,3,0,8,0,0,0,0,3,3,0,8,0,0,0,0,3,0,0,0,0,0,0,0,0,0,0,0,0,0,0
abk_GTvsRR_image_166.jpg,0,0,0,0,0,0,0,0,0,0,0,0,8,8,0,0,0,0,0,0,8,8,0,0,0,0,0,8,8,0,0,0,0,0,0,8,8,8,0,0,0,0,0,8,8,8,8,0,0,0,0,8,0,0,0,0,0,0,0,0,0,0,0,0
abk_GTvsRR_image_167.jpg,0,0,0,0,0,0,0,0,0,0,0,0,0,3,0,0,0,0,0,0,0,3,0,0,0,0,0,0,0,3,0,0,0,0,0,0,3,3,0,0,0,0,0,0,3,8,0,0,0,0,0,0,3,0,0,0,0,0,0,0,0,0,0,0
abk_GTvsRR_image_168.jpg,0,0,0,0,0,0,0,0,0,0,0,0,0,3,0,0,0,0,0,0,0,0,0,0,0,0,0,0,0,3,0,0,0,0,0,0,0,3,0,0,0,0,0,0,0,3,0,0,0,0,0,0,0,0,0,0,0,0,0,0,0,3,0,0
abk_GTvsRR_image_169.jpg,0,0,0,0,0,3,0,0,0,0,0,0,0,8,0,0,0,0,0,0,0,3,8,0,0,0,0,0,0,3,8,0,0,0,0,0,0,3,8,0,0,8,0,0,0,8,8,0,0,0,0,0,0,0,0,0,0,0,0,0,0,0,0,0
abk_GTvsRR_image_17.jpg,0,0,0,0,0,0,0,0,0,0,0,0,0,0,0,0,0,0,3,0,0,3,3,0,0,0,3,3,3,3,3,0,0,0,3,0,8,8,3,0,0,0,3,3,3,3,3,0,0,0,3,3,3,3,0,0,0,0,0,0,0,0,0,0
abk_GTvsRR_image_170.jpg,0,0,0,0,0,0,0,0,0,0,0,0,0,0,0,0,0,0,0,0,0,0,0,0,0,0,0,3,3,0,0,0,0,0,0,0,3,0,0,0,0,0,0,0,3,0,0,0,0,0,0,0,3,0,0,0,0,0,0,0,0,0,0,0
abk_GTvsRR_image_171.jpg,0,0,0,0,0,0,0,0,0,0,0,0,0,0,0,0,0,0,0,0,0,0,0,0,0,0,0,0,8,0,0,0,0,0,0,8,8,0,0,0,0,0,0,8,8,0,0,0,0,0,0,8,8,0,0,0,0,0,0,0,0,0,0,0
abk_GTvsRR_image_172.jpg,0,0,0,0,0,0,0,0,0,0,0,0,0,0,0,0,0,0,3,0,0,0,0,0,0,0,3,8,3,0,0,0,0,0,3,8,3,0,0,0,0,0,3,8,3,0,0,0,0,0,3,0,3,0,0,0,0,0,0,0,0,0,0,0
abk_GTvsRR_image_173.jpg,0,0,0,0,0,0,0,0,0,0,0,0,0,0,0,0,0,0,8,0,0,3,0,0,0,8,0,0,0,3,0,0,0,8,8,0,0,3,0,0,8,8,0,0,0,3,3,0,8,8,0,0,3,0,3,0,0,0,0,0,0,0,0,0
abk_GTvsRR_image_174.jpg,0,0,0,0,0,0,0,0,0,0,0,0,0,0,0,0,0,0,0,8,8,0,0,0,0,0,0,8,0,0,0,0,0,0,0,8,0,0,0,0,0,0,0,0,0,0,0,0,0,0,8,8,0,0,0,0,0,0,8,8,0,0,0,0
abk_GTvsRR_image_175.jpg,0,0,0,0,0,0,0,0,0,0,0,0,0,0,0,0,0,3,3,3,3,8,3,0,0,3,0,3,0,3,3,0,0,3,0,8,0,3,3,0,0,8,0,8,3,3,3,0,0,0,0,3,3,3,3,0,0,0,0,0,0,0,0,0
abk_GTvsRR_image_176.jpg,0,0,0,0,0,0,0,0,0,3,0,3,3,0,0,0,3,3,0,3,3,3,0,0,0,3,0,3,3,3,0,0,0,3,0,3,3,3,0,0,0,3,0,3,0,3,0,0,0,3,0,0,0,0,0,0,0,0,0,0,0,0,0,0
abk_GTvsRR_image_177.jpg,0,0,0,0,0,0,0,0,0,0,0,3,0,0,0,0,0,0,3,0,0,0,0,0,0,0,3,0,0,0,0,0,0,0,3,3,0,0,0,0,0,0,3,3,0,0,0,0,0,0,8,3,0,0,0,0,0,0,8,3,0,0,0,0
abk_GTvsRR_image_178.jpg,0,0,0,0,0,0,0,0,0,0,0,0,0,3,0,0,0,0,0,0,0,3,0,0,0,0,0,0,3,3,0,0,0,0,0,0,3,3,0,0,0,0,0,0,3,3,0,0,0,0,0,0,0,0,0,0,0,0,0,0,0,0,0,0
abk_GTvsRR_image_179.jpg,0,0,0,0,0,0,0,0,0,0,0,0,3,0,0,0,8,0,0,3,3,3,0,0,8,3,0,0,3,0,0,0,8,3,0,0,3,3,0,0,0,3,0,3,3,3,0,0,0,0,0,0,0,0,0,0,0,0,0,0,0,0,0,0
abk_GTvsRR_image_18.jpg,0,0,0,0,0,0,0,0,0,0,0,3,0,0,0,0,0,0,0,3,3,0,0,0,0,3,3,3,3,3,0,0,0,3,3,3,3,3,3,0,0,3,3,3,3,3,3,0,0,3,3,8,8,3,3,0,0,3,3,3,8,3,0,0
abk_GTvsRR_image_180.jpg,0,0,0,0,0,0,0,0,0,0,0,0,0,0,0,0,0,0,0,0,0,0,0,0,0,0,0,3,0,0,0,0,0,0,0,3,0,0,0,0,0,0,3,3,0,0,0,0,0,0,3,3,0,0,0,0,0,0,8,3,0,0,0,0
abk_GTvsRR_image_181.jpg,0,0,0,0,8,0,0,0,0,0,0,0,3,3,0,0,0,0,0,0,3,3,0,0,0,0,3,0,3,3,3,0,0,0,0,0,3,3,3,0,0,3,3,3,3,8,3,0,0,3,3,3,3,8,8,0,0,3,3,3,3,8,3,0
abk_GTvsRR_image_182.jpg,0,0,0,0,0,0,0,0,0,0,0,8,8,0,0,0,0,0,0,0,0,0,0,0,0,0,0,0,0,0,0,0,0,0,8,8,8,8,0,0,0,0,8,8,8,0,0,0,0,0,8,8,0,0,0,0,0,0,8,8,8,0,0,0
abk_GTvsRR_image_183.jpg,0,0,0,0,0,0,0,0,0,0,0,8,8,8,0,0,0,0,0,8,0,0,0,0,0,0,8,8,8,8,0,0,0,0,8,8,8,8,8,0,0,0,0,8,8,0,3,0,0,0,0,8,8,0,0,0,0,0,8,8,8,8,0,0
abk_GTvsRR_image_184.jpg,0,0,0,0,0,0,0,0,0,0,0,0,3,0,0,0,0,0,0,0,3,0,0,0,0,0,0,0,3,3,0,0,0,0,0,0,8,3,0,0,0,0,0,0,3,3,0,0,0,0,0,0,3,3,0,0,0,0,0,0,0,0,0,0
abk_GTvsRR_image_185.jpg,0,0,0,0,0,0,0,0,0,0,0,0,0,0,0,0,0,0,0,3,3,0,0,0,0,0,0,3,3,0,0,0,0,0,0,3,3,0,0,0,0,0,0,3,3,0,0,0,0,0,0,3,3,0,0,0,0,0,0,0,0,0,0,0
abk_GTvsRR_image_186.jpg,0,0,0,0,0,0,0,0,0,0,0,0,0,0,0,0,0,0,0,0,0,0,0,0,0,0,0,0,0,0,0,0,0,0,0,0,0,0,0,0,0,0,0,0,0,0,0,0,0,0,0,0,0,0,0,0,0,0,0,0,0,0,0,0
abk_GTvsRR_image_187.jpg,0,0,0,0,0,0,0,0,0,0,0,0,0,0,0,0,0,0,0,8,0,0,0,0,0,0,0,8,0,0,0,0,0,0,0,8,0,0,0,0,0,0,8,8,0,0,0,0,0,0,8,8,0,0,0,0,0,0,8,0,8,0,0,0
abk_GTvsRR_image_188.jpg,0,0,0,0,0,0,0,0,0,0,0,0,0,0,0,0,0,0,0,0,0,0,0,0,0,0,0,0,0,0,0,0,0,0,0,0,0,0,0,0,0,0,0,0,0,0,0,0,0,0,0,0,0,0,0,0,0,0,0,0,0,0,0,0
abk_GTvsRR_image_189.jpg,0,0,3,3,3,3,0,0,0,0,3,3,3,3,0,0,0,0,0,0,0,0,0,0,0,0,0,3,3,0,0,0,0,0,0,3,3,0,0,0,0,0,0,3,3,0,0,0,0,0,0,0,3,0,0,0,0,0,0,3,0,0,0,0
abk_GTvsRR_image_19.jpg,0,0,0,0,0,0,0,0,0,0,0,0,0,0,0,0,0,0,0,0,0,0,0,0,0,0,0,0,0,0,0,0,0,0,0,0,0,0,0,0,0,0,0,0,0,0,0,0,0,0,0,0,0,0,0,0,0,0,0,0,0,0,0,0
abk_GTvsRR_image_190.jpg,0,0,3,0,3,0,0,0,0,0,3,0,3,0,0,0,0,0,3,0,3,3,0,0,0,0,3,0,0,0,0,0,0,0,0,0,3,0,0,0,0,0,0,0,0,0,0,0,0,0,0,0,3,0,0,0,0,0,0,0,0,0,0,0
abk_GTvsRR_image_191.jpg,0,0,0,0,0,0,0,0,0,0,0,0,0,0,0,0,0,0,0,0,0,3,3,0,0,0,0,0,0,0,3,0,0,0,0,0,0,0,3,0,0,0,0,0,0,3,3,0,0,0,0,0,0,3,3,0,0,0,0,0,0,0,0,0
abk_GTvsRR_image_192.jpg,0,0,0,0,0,0,0,0,0,3,0,0,0,0,0,0,0,3,0,0,3,0,0,0,0,3,3,0,3,0,0,0,0,3,0,0,3,0,0,0,0,3,3,0,3,0,0,0,0,3,3,0,3,0,0,0,0,0,0,0,0,0,0,0
abk_GTvsRR_image_193.jpg,0,0,0,0,0,0,0,0,0,0,0,0,0,0,0,0,0,0,0,0,0,0,0,0,0,0,0,0,0,0,0,0,0,0,0,0,0,0,0,0,0,0,0,0,0,0,0,0,0,0,0,0,0,0,0,0,0,0,0,0,0,0,0,0
abk_GTvsRR_image_194.jpg,0,0,0,0,0,0,0,0,0,0,0,0,0,0,0,0,0,0,0,0,0,0,0,0,0,0,0,0,0,0,0,0,0,0,0,0,0,0,0,0,0,0,0,0,0,0,0,0,0,0,0,0,0,0,0,0,0,0,0,0,0,0,0,0
abk_GTvsRR_image_195.jpg,0,0,0,0,0,0,0,0,0,0,3,3,3,0,0,0,3,3,3,3,3,3,0,0,0,3,0,3,3,3,3,0,0,3,3,3,3,3,3,0,0,3,3,3,3,3,3,0,0,3,3,3,3,3,3,3,0,0,0,0,0,0,0,0
abk_GTvsRR_image_196.jpg,0,0,0,0,3,3,0,0,0,0,0,0,3,3,0,0,0,0,0,0,0,0,0,0,0,0,0,3,3,0,0,0,0,0,0,0,3,0,0,0,0,0,0,0,3,0,0,0,0,0,0,0,3,0,0,0,0,0,0,0,0,0,0,0
abk_GTvsRR_image_197.jpg,0,0,0,0,0,0,0,0,0,0,0,0,0,0,0,0,0,0,0,3,3,3,0,0,0,0,0,3,8,3,0,0,0,0,0,0,0,3,0,0,0,0,0,3,0,3,0,0,0,0,0,3,0,0,0,0,0,0,0,0,0,0,0,0
abk_GTvsRR_image_198.jpg,0,0,0,0,0,0,0,0,0,0,0,0,0,0,0,0,0,0,0,0,0,0,0,0,8,8,0,8,0,8,0,0,8,8,0,8,0,8,0,0,8,8,0,0,0,8,0,0,8,8,0,8,0,8,0,0,8,8,0,0,0,8,0,0
abk_GTvsRR_image_199.jpg,0,0,0,0,0,0,0,0,0,0,0,0,0,0,0,0,0,0,0,0,3,3,0,0,0,0,0,0,3,3,0,0,0,0,0,0,3,3,0,0,0,0,0,0,3,3,0,0,0,0,0,8,0,3,0,0,0,0,0,0,8,0,0,0
abk_GTvsRR_image_2.jpg,0,0,0,0,0,0,0,0,0,0,8,8,0,0,0,0,0,8,8,8,0,0,0,0,0,8,8,0,0,0,0,0,0,8,8,0,0,0,0,0,0,0,8,0,0,0,0,0,0,0,8,0,0,0,0,0,0,0,0,0,0,0,0,0
abk_GTvsRR_image_20.jpg,0,0,0,8,0,0,0,0,0,0,0,0,0,0,0,0,0,0,8,8,0,3,0,0,0,0,8,8,0,3,0,0,0,0,8,8,3,3,0,0,0,0,8,8,3,3,0,0,0,0,8,8,3,3,0,0,0,0,8,8,3,3,0,0
abk_GTvsRR_image_200.jpg,0,0,0,0,0,0,0,0,0,0,0,8,0,0,0,0,0,8,8,0,0,0,0,0,0,8,8,0,0,0,0,0,0,8,8,0,0,0,0,0,0,0,8,0,0,0,0,0,0,0,8,0,0,0,0,0,0,0,0,0,0,0,0,0
abk_GTvsRR_image_201.jpg,0,0,0,0,0,0,0,0,0,0,0,0,0,0,0,0,0,0,0,3,0,0,0,0,0,0,0,3,3,0,0,0,0,0,0,0,3,0,0,0,0,0,0,0,3,0,0,0,0,0,0,3,0,3,0,0,0,0,0,0,0,0,0,0
abk_GTvsRR_image_202.jpg,0,0,0,0,0,0,0,0,0,0,0,0,0,0,0,0,0,0,0,0,8,0,0,0,0,0,0,0,0,0,0,0,0,0,0,0,0,8,0,0,0,0,0,0,0,8,0,0,0,0,0,0,0,8,0,0,0,0,0,0,0,0,0,0
abk_GTvsRR_image_203.jpg,0,0,0,0,0,0,0,0,0,0,0,0,0,0,0,0,0,0,0,0,0,0,0,0,0,0,0,0,3,0,0,0,0,0,0,0,0,3,0,0,0,0,0,0,3,0,0,0,0,0,0,0,0,3,0,0,0,0,0,0,3,3,0,0
abk_GTvsRR_image_204.jpg,0,0,0,0,0,0,0,0,0,0,0,0,0,0,0,0,0,0,0,0,0,8,0,0,0,0,3,3,0,8,0,0,0,0,3,3,0,8,0,0,0,0,3,3,0,0,0,0,0,0,3,3,0,8,0,0,0,0,0,0,0,0,0,0
abk_GTvsRR_image_205.jpg,0,0,0,0,0,0,0,0,0,0,0,0,0,0,0,0,0,0,0,0,3,0,0,0,0,0,0,0,3,0,0,0,0,0,0,0,3,0,0,0,0,0,0,3,3,0,0,0,0,0,0,3,3,0,0,0,0,0,0,0,0,0,0,0
abk_GTvsRR_image_21.jpg,0,0,0,0,0,0,0,0,0,0,0,0,0,0,0,0,0,0,0,8,8,0,0,0,0,0,0,8,8,0,0,0,0,0,0,8,8,0,0,0,0,0,0,8,8,0,0,0,0,0,0,8,8,0,0,0,0,0,0,0,0,0,0,0
abk_GTvsRR_image_22.jpg,0,0,0,0,0,0,0,0,0,0,0,0,0,0,0,0,0,8,0,3,0,0,0,0,0,8,0,3,0,3,0,0,0,8,0,3,0,3,0,0,0,0,0,3,0,3,0,0,0,0,0,3,8,0,0,0,0,0,0,3,0,0,0,0
abk_GTvsRR_image_23.jpg,0,0,0,0,0,0,0,0,0,0,0,0,0,0,0,0,0,0,8,0,0,0,8,0,0,8,8,8,0,8,8,0,0,8,0,8,0,8,8,0,0,8,0,8,0,8,8,0,0,8,0,8,0,8,8,0,0,8,8,8,0,8,8,0
abk_GTvsRR_image_24.jpg,0,0,0,0,0,0,0,0,0,0,0,0,3,0,0,0,0,0,0,0,3,0,0,0,0,0,0,0,3,0,0,0,0,0,0,0,3,0,0,0,0,0,0,0,3,0,0,0,0,0,0,0,3,0,0,0,0,0,0,0,0,0,0,0
abk_GTvsRR_image_25.jpg,0,0,0,0,0,0,0,0,0,0,0,0,0,0,0,0,0,0,0,0,0,0,0,0,0,0,0,0,0,0,0,0,0,0,0,0,0,0,0,0,0,0,0,0,0,0,0,0,0,0,0,0,0,0,0,0,0,0,0,0,0,0,0,0
abk_GTvsRR_image_26.jpg,0,0,0,0,0,0,0,0,0,0,0,0,0,0,0,0,0,0,0,0,0,0,0,0,0,0,0,0,0,0,0,0,0,0,0,0,0,0,0,0,0,0,0,0,0,0,0,0,0,0,0,0,0,0,0,0,0,0,0,0,0,0,0,0
abk_GTvsRR_image_27.jpg,0,0,0,0,0,0,0,0,0,0,0,0,0,0,0,0,0,0,3,3,0,3,3,0,0,0,0,3,0,0,0,0,0,0,3,3,0,3,3,0,0,0,3,3,0,3,3,0,0,0,3,0,0,3,3,0,0,0,0,0,0,0,0,0
abk_GTvsRR_image_28.jpg,0,0,0,0,0,0,0,0,0,0,0,0,0,0,0,0,0,0,0,0,0,0,0,0,0,3,3,3,0,3,0,0,3,3,3,3,0,3,3,0,3,3,3,0,3,3,3,0,3,3,8,3,3,3,3,0,3,3,3,3,3,3,3,0
abk_GTvsRR_image_29.jpg,0,0,0,0,0,0,0,0,0,0,3,3,3,0,8,0,0,0,3,3,3,0,8,8,0,0,3,0,3,0,8,0,0,0,3,3,0,0,8,0,0,0,3,0,0,0,8,8,0,0,3,0,0,0,8,8,0,0,0,0,0,0,0,0
abk_GTvsRR_image_3.jpg,0,0,0,0,0,0,0,0,0,0,0,0,0,0,0,0,0,0,0,0,0,3,0,0,0,0,0,0,0,3,0,0,0,0,0,0,3,0,0,0,0,0,0,3,3,0,0,0,0,0,0,3,3,0,0,0,0,0,0,0,0,0,0,0
abk_GTvsRR_image_30.jpg,0,0,0,0,0,0,0,0,0,0,0,0,0,0,0,0,0,0,0,0,0,0,0,0,0,0,8,0,3,3,0,0,0,8,8,0,0,3,0,0,0,8,8,0,3,3,0,0,0,8,0,0,3,3,0,0,0,0,0,0,0,0,0,0
abk_GTvsRR_image_31.jpg,0,0,0,0,0,0,0,0,0,0,0,0,0,0,0,0,0,0,0,0,3,0,0,0,0,0,8,0,3,0,0,0,0,0,8,0,3,3,0,0,0,0,8,0,3,3,0,0,0,0,8,0,3,3,0,0,0,0,0,0,0,0,0,0
abk_GTvsRR_image_32.jpg,0,0,0,0,0,0,0,0,0,3,0,0,0,0,0,0,0,3,0,0,3,0,0,0,0,3,3,0,3,0,0,0,0,3,3,0,3,0,0,0,0,3,3,0,3,0,0,0,0,3,3,0,3,0,0,0,0,0,0,0,0,0,0,0
abk_GTvsRR_image_33.jpg,0,0,0,0,0,0,0,0,0,0,0,0,0,0,0,0,0,0,0,0,0,0,0,0,0,0,0,0,0,0,0,0,0,0,0,3,3,0,0,0,0,0,0,3,3,0,0,0,0,0,0,3,3,3,0,0,0,0,0,0,0,0,0,0
abk_GTvsRR_image_34.jpg,0,0,0,0,0,0,0,0,0,0,0,0,0,0,0,0,0,0,0,8,0,0,0,0,0,0,0,8,8,0,0,0,0,0,0,8,8,0,0,0,0,0,0,8,8,0,0,0,0,0,0,8,8,0,0,0,0,0,0,8,8,0,0,0
abk_GTvsRR_image_35.jpg,0,0,0,0,0,0,0,0,0,0,0,0,0,0,0,0,0,0,8,0,0,0,0,0,0,8,8,8,8,8,8,8,8,8,8,8,8,8,8,8,8,8,8,8,8,8,8,0,0,8,8,8,8,8,8,8,0,8,8,8,8,8,8,8
abk_GTvsRR_image_36.jpg,0,0,0,0,0,0,0,0,0,0,0,0,0,0,0,0,0,0,0,0,0,0,0,0,0,0,0,0,8,0,0,0,0,0,0,8,8,0,0,0,0,0,8,8,0,0,0,0,0,0,0,8,0,0,0,0,0,0,0,0,0,0,0,0
abk_GTvsRR_image_37.jpg,0,0,0,0,0,0,0,0,0,0,0,0,0,0,0,0,0,8,8,8,8,8,0,0,0,8,8,8,8,8,0,0,0,8,8,8,8,8,0,0,0,8,8,8,8,8,0,0,0,8,8,8,0,8,0,0,0,0,0,0,0,0,0,0
abk_GTvsRR_image_38.jpg,0,0,0,0,0,0,0,0,0,0,0,0,0,0,0,0,3,3,3,3,0,0,8,0,3,3,3,3,0,0,8,0,3,3,8,8,0,0,8,0,3,3,3,3,0,0,8,0,0,3,3,3,0,0,8,0,0,0,0,0,0,0,0,0
abk_GTvsRR_image_39.jpg,0,0,0,0,0,0,0,0,0,0,0,0,0,0,0,0,0,0,0,0,3,0,0,0,0,3,3,3,3,3,3,0,0,3,3,3,3,3,3,3,0,3,3,3,3,3,3,0,0,3,3,3,3,3,3,3,0,3,3,0,8,3,3,3
abk_GTvsRR_image_4.jpg,0,0,0,0,0,0,0,0,0,0,0,0,0,0,0,0,0,0,0,7,0,0,0,0,0,0,0,8,0,0,0,0,0,0,0,8,8,0,0,0,0,0,0,8,8,0,0,0,0,0,0,8,0,0,0,0,0,0,0,0,0,0,0,0
abk_GTvsRR_image_40.jpg,0,0,0,0,0,0,0,0,0,0,8,0,0,0,0,0,0,0,8,8,0,8,8,0,0,0,8,8,0,8,8,0,0,0,8,8,0,8,8,0,0,0,8,8,8,8,8,0,0,8,8,8,8,8,8,0,0,0,0,0,0,0,0,0
abk_GTvsRR_image_41.jpg,0,0,0,0,0,0,0,0,0,0,0,0,0,0,0,0,0,0,0,0,0,0,0,0,0,0,0,3,3,0,0,0,0,0,0,3,3,0,0,0,0,0,0,3,3,0,0,0,0,0,0,3,3,0,0,0,0,0,0,3,0,0,0,0
abk_GTvsRR_image_42.jpg,0,0,0,0,0,0,0,0,0,0,0,0,0,0,0,0,0,0,0,8,8,0,0,0,0,0,0,8,8,0,0,0,0,0,0,8,8,0,0,0,0,0,0,8,8,0,0,0,0,0,0,8,8,0,0,0,0,0,0,0,0,0,0,0
abk_GTvsRR_image_43.jpg,0,0,0,0,0,0,0,0,0,0,0,0,0,0,0,0,0,0,0,0,0,0,0,0,0,0,0,0,8,0,0,0,0,0,0,0,8,0,0,0,0,0,0,8,8,0,0,0,0,0,0,8,8,0,0,0,0,0,0,0,0,0,0,0
abk_GTvsRR_image_44.jpg,0,0,0,0,0,0,0,0,0,0,0,0,0,0,0,0,0,3,0,0,0,3,3,0,3,3,3,0,3,8,3,0,3,3,3,0,3,3,3,0,3,3,3,0,3,8,3,0,0,3,3,0,0,3,3,0,3,3,3,0,0,3,3,0
abk_GTvsRR_image_45.jpg,0,0,0,0,0,0,0,0,0,0,0,0,0,0,0,0,0,0,0,0,0,0,0,0,0,0,0,0,0,0,0,0,0,0,0,0,0,0,0,0,0,0,0,0,0,0,0,0,0,0,0,0,0,0,0,0,0,0,0,0,0,0,0,0
abk_GTvsRR_image_46.jpg,0,0,0,0,0,0,0,0,0,0,0,0,0,0,0,0,0,0,0,0,0,0,0,0,0,8,8,0,0,0,0,0,0,0,8,0,0,0,0,0,0,0,8,0,0,0,0,0,0,8,8,0,0,0,0,0,0,0,8,0,0,0,0,0
abk_GTvsRR_image_47.jpg,0,0,0,0,0,0,0,0,0,0,0,0,0,0,0,0,0,0,0,0,0,0,0,0,0,0,0,0,0,0,0,0,0,0,0,3,3,3,0,0,0,0,0,3,3,3,0,0,0,0,0,3,3,3,0,0,0,0,0,3,3,3,0,0
abk_GTvsRR_image_48.jpg,0,0,0,0,0,0,0,0,0,0,3,3,3,3,0,0,0,0,3,3,3,3,0,0,0,0,3,3,3,3,0,0,0,0,3,3,3,3,0,0,0,0,3,3,3,3,0,0,0,0,3,3,3,3,0,0,0,0,0,0,0,0,0,0
abk_GTvsRR_image_49.jpg,0,0,0,0,0,0,0,0,0,0,0,0,0,0,0,0,0,0,0,0,0,0,0,0,0,0,0,3,3,3,0,0,0,8,8,0,3,3,0,0,0,8,8,0,3,0,0,0,0,8,8,0,3,0,0,0,0,8,8,0,3,3,0,0
abk_GTvsRR_image_5.jpg,0,0,0,0,0,0,0,0,0,0,0,0,0,0,0,0,0,0,0,0,3,0,0,0,0,0,0,0,3,0,0,0,0,0,0,0,3,0,0,0,0,0,0,0,3,0,0,0,0,0,0,0,0,0,0,0,0,0,0,0,0,0,0,0
abk_GTvsRR_image_50.jpg,0,0,0,3,0,0,0,0,8,8,0,3,0,0,0,0,0,8,0,3,0,0,8,0,0,8,0,3,0,0,8,0,0,8,0,3,0,8,8,0,0,8,0,3,0,0,8,0,0,0,0,3,0,0,0,0,0,0,0,0,0,0,0,0
abk_GTvsRR_image_51.jpg,0,0,0,0,0,0,0,0,0,8,0,0,0,3,0,0,0,8,0,0,3,3,0,0,0,8,0,0,3,3,0,0,8,8,0,0,3,3,0,0,0,8,0,0,0,0,0,0,0,8,0,0,0,0,0,0,0,0,0,0,0,0,0,0
abk_GTvsRR_image_52.jpg,0,0,0,0,0,0,0,0,0,0,0,0,0,0,0,0,0,0,0,0,0,0,0,0,0,0,0,0,0,0,0,0,0,0,0,0,0,0,0,0,0,0,0,0,0,0,0,0,0,0,0,0,0,0,0,0,0,0,0,0,0,0,0,0
abk_GTvsRR_image_53.jpg,0,0,0,0,0,0,0,0,0,0,0,0,0,0,0,0,0,0,0,0,0,0,0,0,0,0,0,0,0,0,0,0,0,0,0,0,0,0,0,0,0,0,0,0,0,0,0,0,0,0,0,0,0,0,0,0,0,0,0,0,0,0,0,0
abk_GTvsRR_image_54.jpg,0,0,0,0,0,0,0,0,0,0,0,8,0,3,0,0,0,0,0,8,0,3,3,0,0,0,8,8,0,3,3,0,0,0,8,8,0,3,3,0,0,0,8,8,0,3,3,0,0,0,0,0,0,3,0,0,0,0,0,0,0,0,0,0
abk_GTvsRR_image_55.jpg,0,0,0,0,0,0,0,0,0,0,0,0,0,0,0,0,0,0,0,0,0,0,0,0,0,0,0,0,0,0,0,0,0,3,0,0,8,0,0,0,3,3,0,0,8,0,0,0,0,3,0,0,8,0,0,0,0,0,0,0,0,0,0,0
abk_GTvsRR_image_56.jpg,0,0,0,0,0,0,0,0,0,0,0,0,0,0,0,3,0,0,0,8,3,3,0,3,0,0,8,8,3,0,0,3,0,0,0,8,3,0,0,3,0,0,0,8,3,0,0,3,0,0,0,8,3,0,0,3,0,0,0,0,0,0,0,3
abk_GTvsRR_image_57.jpg,0,0,0,0,0,0,0,0,0,0,0,0,0,0,0,0,0,0,0,3,0,0,0,0,0,0,3,0,0,0,0,0,0,0,3,3,0,0,0,0,0,0,3,3,0,0,0,0,0,0,3,0,0,0,0,0,0,0,0,0,0,0,0,0
abk_GTvsRR_image_58.jpg,0,0,0,8,0,0,0,0,0,0,0,8,3,0,0,0,0,0,0,8,3,0,0,0,0,0,0,8,3,0,0,0,0,0,0,8,3,0,0,0,0,0,0,8,3,0,0,0,0,0,0,8,3,0,0,0,0,0,0,0,0,0,0,0
abk_GTvsRR_image_59.jpg,0,0,0,0,0,0,0,0,0,0,0,0,0,0,0,0,0,0,0,0,0,0,0,0,0,0,0,8,8,0,0,0,0,0,0,8,8,0,0,0,0,0,0,0,8,0,0,0,0,0,0,0,8,8,0,0,0,0,0,0,0,0,0,0
abk_GTvsRR_image_6.jpg,0,0,0,0,0,0,0,0,0,0,0,0,0,0,0,0,0,0,0,0,0,0,0,0,0,0,0,0,0,0,0,0,0,0,8,8,0,0,0,0,0,0,8,8,0,0,0,0,0,0,8,8,0,0,0,0,0,0,8,8,0,0,0,0
abk_GTvsRR_image_60.jpg,0,0,0,0,0,0,0,0,0,0,0,0,0,0,0,0,0,0,0,0,0,0,0,0,0,0,0,0,0,0,0,0,0,0,0,0,0,0,0,0,0,0,0,0,0,0,0,0,0,0,0,0,0,0,0,0,0,0,0,0,0,0,0,0
abk_GTvsRR_image_61.jpg,0,0,0,0,0,0,0,0,0,0,0,0,0,0,0,0,0,0,0,0,0,0,0,0,0,0,0,0,0,0,0,0,0,0,0,0,0,0,0,0,0,0,0,0,0,0,0,0,0,0,0,0,0,0,0,0,0,0,0,0,0,0,0,0
abk_GTvsRR_image_62.jpg,0,0,0,0,3,0,0,0,0,0,0,0,3,0,0,0,0,0,0,0,3,0,0,0,0,0,0,0,3,0,0,0,0,0,0,3,3,0,0,0,0,0,0,0,0,0,0,0,0,0,0,0,0,0,0,0,0,0,0,0,0,0,0,0
abk_GTvsRR_image_63.jpg,0,0,0,0,8,0,0,0,0,0,0,0,0,0,0,0,0,0,0,8,0,0,0,0,0,0,0,0,8,0,0,0,0,0,0,8,8,0,0,0,0,0,0,8,8,0,0,0,0,0,0,8,8,0,0,0,0,0,0,8,8,0,0,0
abk_GTvsRR_image_64.jpg,0,0,0,0,0,0,0,0,0,0,0,0,0,0,0,0,0,0,0,0,0,0,0,0,0,0,0,0,0,0,0,0,0,0,0,0,0,0,0,0,0,0,0,0,0,0,0,0,0,0,0,0,0,0,0,0,0,0,0,0,0,0,0,0
abk_GTvsRR_image_65.jpg,0,0,0,0,0,0,0,0,0,0,0,0,0,0,0,0,0,0,0,0,0,0,0,0,0,0,0,0,0,0,8,0,0,0,0,0,0,0,0,0,0,0,8,8,8,8,0,0,0,0,0,8,8,8,0,0,0,0,0,0,8,0,0,0
abk_GTvsRR_image_66.jpg,0,0,0,0,0,0,0,0,0,8,0,0,0,0,0,0,0,8,0,0,0,3,0,0,0,8,0,3,3,3,0,0,0,8,8,0,3,3,0,0,0,8,8,0,3,3,0,0,8,8,8,3,3,3,0,0,8,8,0,3,3,3,0,0
abk_GTvsRR_image_67.jpg,0,0,0,0,0,0,0,0,0,0,0,0,0,0,0,0,0,0,0,3,0,0,0,0,0,0,0,3,3,0,0,0,0,0,0,0,3,0,0,0,0,0,0,3,3,0,0,0,0,0,0,3,3,0,0,0,0,0,0,0,0,0,0,0
abk_GTvsRR_image_68.jpg,0,0,0,0,0,0,0,0,0,0,0,0,0,0,0,0,0,0,0,0,3,0,0,0,0,0,8,0,3,0,0,0,0,8,8,0,3,0,0,0,0,8,8,0,3,0,0,0,0,0,0,0,3,0,0,0,0,0,0,0,0,0,0,0
abk_GTvsRR_image_69.jpg,0,0,0,0,0,0,0,0,0,0,8,0,0,0,0,0,0,0,8,0,0,0,0,0,0,0,8,0,3,0,0,0,0,8,8,3,3,0,0,0,0,8,8,3,3,0,0,0,0,0,8,0,3,0,0,0,0,0,0,0,0,0,0,0
abk_GTvsRR_image_7.jpg,0,0,0,0,0,0,0,0,0,0,0,0,0,0,0,0,0,0,3,3,0,0,0,0,0,0,3,3,0,8,8,0,0,0,3,3,0,8,8,0,0,0,3,3,0,8,8,0,0,0,3,3,0,8,8,0,0,0,0,0,0,0,0,0
abk_GTvsRR_image_70.jpg,0,0,0,0,0,0,0,0,0,0,0,0,0,0,0,0,0,0,0,0,0,0,0,0,0,0,3,3,3,3,3,0,0,0,0,3,3,3,3,0,0,0,0,3,3,0,3,0,0,0,0,0,0,0,0,0,0,0,0,0,0,0,0,0
abk_GTvsRR_image_71.jpg,0,0,0,0,0,0,0,0,0,0,0,3,0,0,0,0,0,0,0,0,0,0,0,0,0,0,0,3,0,0,0,0,0,0,0,8,0,0,0,0,0,0,0,3,0,0,0,0,0,0,0,3,0,0,0,0,0,0,0,0,0,0,0,0
abk_GTvsRR_image_72.jpg,0,0,0,0,0,0,0,0,0,0,0,0,0,0,0,0,0,0,0,0,0,0,0,0,0,0,0,0,0,0,0,0,0,0,0,0,0,0,0,0,0,0,0,0,0,0,0,0,0,0,0,0,0,0,0,0,0,0,0,0,0,0,0,0
abk_GTvsRR_image_73.jpg,0,0,0,0,8,0,0,0,0,0,0,8,8,0,0,0,0,0,0,8,0,0,0,0,0,0,0,8,0,8,8,0,0,0,0,8,8,8,0,0,0,0,0,8,8,0,0,0,0,0,0,0,0,0,0,0,0,0,0,0,0,0,0,0
abk_GTvsRR_image_74.jpg,0,0,0,0,0,0,0,0,0,0,0,0,0,0,0,0,0,0,0,0,0,3,0,0,0,0,0,0,3,0,0,0,0,0,0,0,3,0,0,0,0,0,0,3,0,0,0,0,0,0,0,3,0,0,0,0,0,0,0,0,0,0,0,0
abk_GTvsRR_image_75.jpg,0,0,0,0,0,0,0,0,0,0,0,0,0,0,0,0,0,0,3,3,3,3,3,0,0,0,3,3,3,3,3,0,0,0,3,3,3,3,3,0,0,0,3,3,3,3,3,0,0,0,0,0,0,0,0,0,0,0,0,0,0,0,0,0
abk_GTvsRR_image_76.jpg,0,0,8,8,0,0,0,0,0,0,0,8,8,0,0,0,0,0,0,8,8,8,0,0,0,0,0,8,8,0,0,0,0,0,0,8,8,8,0,0,0,0,8,8,8,8,0,0,0,0,0,8,8,8,0,0,0,0,0,0,0,0,0,0
abk_GTvsRR_image_77.jpg,0,0,0,0,3,0,0,0,0,0,0,3,3,3,0,0,0,0,0,3,3,3,0,0,0,0,0,3,0,3,0,0,0,0,0,3,0,3,0,0,0,0,0,3,0,3,0,0,0,0,0,3,0,3,0,0,0,3,0,0,0,0,0,0
abk_GTvsRR_image_78.jpg,0,0,0,0,8,8,0,0,0,0,8,8,8,3,0,0,0,0,0,0,8,0,0,0,0,0,8,8,8,8,8,0,0,0,8,8,8,8,0,0,0,0,0,8,8,8,0,0,0,0,0,8,8,8,0,0,0,0,0,8,8,8,0,0
abk_GTvsRR_image_79.jpg,0,0,0,0,0,0,0,0,0,0,0,0,0,0,0,0,0,0,0,0,9,9,0,0,0,9,9,0,8,8,8,8,0,8,8,0,8,8,8,8,0,8,8,0,8,8,8,8,8,0,8,0,8,8,8,0,0,0,0,0,0,0,0,0
abk_GTvsRR_image_8.jpg,0,0,0,0,0,0,3,0,0,0,3,3,3,3,3,3,0,0,3,3,3,3,3,3,0,0,3,3,3,3,3,3,0,0,3,3,3,3,3,3,0,0,3,3,3,3,3,3,0,0,3,3,3,3,3,3,0,0,0,0,0,0,0,0
abk_GTvsRR_image_80.jpg,0,0,0,0,0,0,0,0,0,0,0,0,3,3,0,0,0,0,0,0,0,3,0,0,0,0,0,0,0,8,3,0,0,0,0,0,0,3,0,0,0,0,0,0,0,3,3,0,0,0,0,0,0,3,3,0,0,0,0,0,0,3,0,0
abk_GTvsRR_image_81.jpg,0,0,0,0,0,0,0,0,0,0,0,0,0,0,0,0,0,0,0,0,8,0,0,0,0,0,8,8,0,0,0,0,0,0,8,8,0,0,0,0,0,0,8,8,0,0,0,0,0,0,8,8,0,0,0,0,0,0,0,0,0,0,0,0
abk_GTvsRR_image_82.jpg,0,0,0,0,0,0,0,0,0,0,0,0,0,0,0,0,0,0,8,0,8,8,0,0,0,0,0,0,8,8,0,8,8,8,8,0,0,8,0,0,8,8,0,0,0,8,8,8,8,8,8,8,8,8,0,8,0,8,8,8,8,8,8,8
abk_GTvsRR_image_83.jpg,0,0,0,0,0,0,0,0,0,0,0,0,0,0,0,0,0,0,8,8,3,3,0,0,0,0,8,8,3,3,0,0,0,0,8,8,0,3,0,0,0,0,8,8,3,3,0,0,0,0,8,8,3,3,0,0,0,0,8,8,0,3,0,0
abk_GTvsRR_image_84.jpg,0,0,0,0,0,0,0,0,0,0,0,0,0,0,0,0,0,0,0,0,3,8,0,0,0,0,0,3,8,8,0,0,0,0,3,3,8,8,0,0,0,0,3,8,8,0,0,0,0,0,3,8,8,0,0,0,0,0,0,0,0,0,0,0
abk_GTvsRR_image_85.jpg,0,0,0,0,0,0,0,0,0,0,0,0,0,0,0,0,0,0,0,8,0,0,0,0,0,0,0,8,0,0,0,0,0,0,0,8,8,0,0,0,0,0,0,8,8,0,0,0,0,0,0,0,0,0,0,0,0,0,0,0,0,0,0,0
abk_GTvsRR_image_86.jpg,0,0,0,0,0,0,0,0,3,0,0,0,0,8,8,0,3,0,0,3,0,8,8,0,3,0,0,3,0,8,8,0,3,3,0,3,0,8,8,0,3,3,0,3,0,8,8,0,3,0,0,3,0,8,8,0,0,0,0,0,0,0,0,0
abk_GTvsRR_image_87.jpg,0,0,0,0,0,0,0,0,0,3,0,0,0,0,0,0,0,3,3,3,0,8,0,0,0,3,3,3,0,8,0,0,0,3,3,3,3,8,0,0,3,3,3,3,3,8,0,0,0,3,3,3,3,8,0,0,0,0,0,0,0,0,0,0
abk_GTvsRR_image_88.jpg,0,0,0,0,0,0,0,0,3,3,3,3,3,3,3,0,3,3,3,3,3,3,3,0,0,3,3,3,0,3,3,0,0,3,3,3,0,3,3,0,0,3,3,3,3,3,3,0,3,3,3,3,3,3,3,0,0,0,0,0,0,0,0,0
abk_GTvsRR_image_89.jpg,0,0,0,0,0,0,0,0,0,0,8,0,0,0,0,0,0,0,8,0,0,0,3,3,0,8,8,8,0,0,3,3,0,0,8,8,0,0,3,3,0,0,8,8,0,0,0,0,0,0,8,0,0,0,3,0,0,0,8,8,0,0,3,3
abk_GTvsRR_image_9.jpg,0,0,0,0,0,0,0,0,0,0,0,0,0,0,0,0,3,3,3,0,0,0,8,0,3,3,3,3,0,8,0,0,3,3,3,3,3,8,0,0,3,3,3,3,0,8,8,0,3,3,3,3,0,8,8,0,0,0,0,0,0,0,8,0
abk_GTvsRR_image_90.jpg,0,0,0,0,0,0,0,0,0,0,0,0,0,3,3,0,0,3,3,3,0,3,3,0,0,3,3,3,3,3,3,0,0,0,3,3,3,3,3,0,0,0,3,3,3,3,3,0,0,3,3,3,3,3,3,0,0,0,0,0,0,0,0,0
abk_GTvsRR_image_91.jpg,0,0,3,0,0,0,0,0,0,0,3,0,3,3,0,0,0,0,3,0,3,3,0,0,0,0,3,3,3,0,0,0,0,0,3,0,3,0,0,0,0,0,3,0,3,0,0,0,0,0,3,0,3,0,0,0,0,0,0,0,0,0,0,0
abk_GTvsRR_image_92.jpg,0,0,0,0,0,0,0,0,0,0,8,0,0,0,0,0,0,0,0,0,0,0,0,0,0,8,0,0,8,0,0,0,0,0,8,8,8,0,0,0,0,0,8,8,8,8,0,8,0,0,8,8,8,8,8,8,0,0,8,8,8,0,0,8
abk_GTvsRR_image_93.jpg,0,0,0,0,0,0,0,0,8,0,0,0,0,0,0,0,0,0,0,0,0,0,0,0,0,3,0,3,0,3,3,3,3,3,3,3,3,3,3,3,3,3,3,3,0,3,3,3,0,0,0,0,0,0,0,0,0,0,0,0,0,0,0,0
abk_GTvsRR_image_94.jpg,0,0,0,0,0,3,0,0,0,0,3,0,0,3,0,0,0,0,3,3,0,3,0,0,0,0,0,3,3,3,0,0,0,0,3,8,3,8,3,0,0,0,8,3,3,3,3,0,0,0,3,3,8,8,3,0,0,0,0,0,0,0,0,0
abk_GTvsRR_image_95.jpg,0,0,0,0,0,0,0,0,0,0,3,0,0,0,3,0,0,0,3,3,0,0,3,0,0,0,3,3,0,0,3,0,0,0,3,3,0,0,3,0,0,0,3,3,0,0,3,0,0,0,3,3,3,0,3,0,0,0,0,0,0,0,0,0
abk_GTvsRR_image_96.jpg,0,0,0,0,0,0,0,0,0,3,0,3,3,8,0,0,0,3,0,8,8,8,0,0,0,3,0,8,8,8,0,0,0,3,0,8,8,8,0,0,0,3,0,0,3,8,0,0,0,3,0,0,0,8,0,0,0,0,0,0,0,0,0,0
abk_GTvsRR_image_97.jpg,0,0,0,0,0,0,0,0,0,0,0,0,8,8,0,0,0,0,0,8,8,8,0,0,0,0,0,8,8,8,0,0,0,0,0,8,8,8,0,0,0,0,0,8,8,8,0,0,0,0,0,8,8,8,0,0,0,0,0,0,0,0,0,0
abk_GTvsRR_image_98.jpg,0,0,0,0,0,0,0,0,0,0,0,0,0,0,0,0,0,0,0,0,0,0,0,0,0,8,0,0,3,0,0,0,8,8,0,3,3,0,0,0,8,8,0,3,3,0,0,0,8,8,0,3,3,0,0,0,0,0,0,0,0,0,0,0
abk_GTvsRR_image_99.jpg,0,0,0,0,0,0,0,0,0,8,8,0,0,0,0,0,0,8,8,0,0,0,0,0,0,8,8,0,3,0,0,0,0,0,8,0,3,0,0,0,0,8,8,3,3,0,0,0,0,8,0,8,0,0,0,0,0,0,0,0,0,0,0,0
abk_KKRvsPBKS_image_0.jpg,0,0,0,0,0,0,0,0,0,0,0,0,0,7,0,0,0,4,4,0,0,7,7,0,0,4,4,0,0,7,7,0,0,4,4,0,0,7,7,0,0,4,4,4,7,7,7,0,0,4,4,4,7,0,7,0,0,0,0,0,0,0,0,0
abk_KKRvsPBKS_image_1.jpg,0,0,0,0,0,0,0,0,0,0,0,0,0,0,0,0,0,0,0,0,0,0,0,0,0,0,0,0,0,0,0,0,0,0,0,0,0,0,0,0,0,0,0,0,0,0,0,0,0,0,0,0,0,0,0,0,0,0,0,0,0,0,0,0
abk_KKRvsPBKS_image_10.jpg,0,0,0,0,0,0,0,0,0,0,0,0,0,0,0,0,0,0,0,0,0,0,0,0,0,0,7,7,0,0,0,0,0,0,7,7,7,0,0,0,0,0,7,7,7,0,0,0,0,0,7,7,0,0,0,0,0,0,7,7,0,0,0,0
abk_KKRvsPBKS_image_100.jpg,0,0,0,0,0,0,0,0,0,0,0,0,0,0,0,0,0,7,7,0,0,0,0,0,0,7,7,0,0,0,0,0,0,7,7,0,0,0,0,0,0,7,7,0,0,0,0,0,0,7,7,0,0,0,0,0,0,0,0,0,0,0,0,0
abk_KKRvsPBKS_image_101.jpg,0,0,0,0,0,0,0,0,0,0,0,0,0,0,0,0,0,0,0,0,7,0,0,0,0,0,0,0,7,0,0,0,0,0,0,0,7,0,0,0,0,0,0,7,7,0,0,0,0,0,0,7,7,0,0,0,0,0,0,0,0,0,0,0
abk_KKRvsPBKS_image_102.jpg,0,0,0,0,0,0,0,0,0,0,0,0,0,0,0,0,0,0,0,0,0,7,0,0,0,0,0,7,0,7,0,0,0,0,0,7,7,7,0,0,0,0,0,7,7,7,0,0,0,0,0,0,0,7,0,0,0,0,0,0,4,0,0,0
abk_KKRvsPBKS_image_103.jpg,0,0,0,0,0,0,0,0,0,0,0,0,0,0,0,0,0,0,0,0,0,0,0,0,0,0,0,0,0,0,0,0,0,0,0,0,0,0,0,0,0,0,0,0,0,0,0,0,0,0,0,0,0,0,0,0,0,0,0,0,0,0,0,0
abk_KKRvsPBKS_image_104.jpg,0,0,0,0,0,0,0,0,0,0,0,0,0,0,0,0,0,0,0,4,0,0,0,0,0,0,0,4,4,0,0,0,0,0,0,4,4,0,0,0,0,0,0,4,4,0,0,0,0,0,0,4,4,0,0,0,0,0,0,0,0,0,0,0
abk_KKRvsPBKS_image_105.jpg,0,0,0,0,0,0,0,0,0,0,0,0,0,0,0,0,0,0,4,0,0,7,0,0,0,0,4,4,7,7,0,0,0,0,4,4,7,7,0,0,0,0,4,4,7,7,0,0,0,0,4,4,7,7,0,0,0,0,4,4,7,7,0,0
abk_KKRvsPBKS_image_106.jpg,0,0,0,0,0,0,0,0,0,0,0,0,0,0,0,0,0,0,0,7,0,0,0,7,0,0,7,7,0,0,0,7,0,0,7,7,0,0,0,7,0,0,0,0,0,0,0,7,0,0,0,0,0,0,0,7,0,7,0,0,0,0,0,0
abk_KKRvsPBKS_image_107.jpg,0,0,0,0,0,0,0,0,0,0,0,0,0,0,0,0,0,0,0,0,0,4,0,0,0,0,0,4,0,4,0,0,0,0,0,4,0,4,0,0,0,0,4,4,0,4,0,0,0,0,4,4,0,4,0,0,0,0,0,0,0,0,0,0
abk_KKRvsPBKS_image_108.jpg,0,0,0,0,0,0,0,0,0,0,0,0,0,0,0,0,0,0,0,0,0,0,0,0,0,0,0,0,7,0,0,0,0,0,0,0,7,7,0,0,0,0,0,0,0,7,0,0,0,0,0,0,0,7,7,0,0,0,0,0,0,0,0,0
abk_KKRvsPBKS_image_109.jpg,0,0,0,0,0,0,0,0,0,0,0,0,0,0,0,0,0,0,0,0,0,0,0,0,0,0,0,0,0,0,0,0,0,0,0,0,0,0,0,0,0,0,0,0,0,0,0,0,0,0,0,0,0,0,0,0,0,0,0,0,0,0,0,0
abk_KKRvsPBKS_image_11.jpg,0,0,0,0,0,0,0,0,0,4,4,0,0,0,0,0,0,0,0,0,0,7,7,0,0,4,4,0,0,7,7,0,0,4,4,0,0,7,7,0,0,4,4,0,0,7,7,0,0,4,4,0,0,7,0,0,0,4,4,0,0,7,0,0
abk_KKRvsPBKS_image_110.jpg,0,0,0,0,0,0,0,0,0,0,0,0,7,0,0,0,4,0,0,7,7,0,0,0,4,0,0,7,7,0,0,0,4,0,0,7,0,4,4,0,4,0,0,7,7,4,4,0,4,0,0,0,7,4,4,0,0,0,0,0,0,0,0,0
abk_KKRvsPBKS_image_111.jpg,0,0,0,0,0,0,0,0,0,0,0,0,0,0,0,0,0,0,0,0,0,0,0,0,0,0,0,0,0,0,0,0,0,0,0,0,0,0,0,0,0,0,0,0,0,0,0,0,0,0,0,0,0,0,0,0,0,0,0,0,0,0,0,0
abk_KKRvsPBKS_image_112.jpg,0,0,0,0,0,0,0,0,0,0,0,0,0,0,4,0,0,0,0,0,0,0,0,0,0,4,4,0,0,4,4,0,0,4,4,0,0,0,4,0,0,4,4,0,0,0,4,0,0,4,4,0,0,0,4,0,0,4,4,0,0,4,4,0
abk_KKRvsPBKS_image_113.jpg,0,0,0,0,0,0,0,0,0,0,4,0,7,7,0,0,0,0,4,4,7,7,0,0,0,7,4,4,7,7,0,0,0,7,4,4,7,7,0,0,0,7,4,4,7,7,0,0,0,7,0,4,7,7,0,0,0,0,0,0,0,0,0,0
abk_KKRvsPBKS_image_114.jpg,0,0,0,0,0,0,0,0,0,0,0,4,0,0,0,0,0,0,4,4,0,0,0,0,0,0,4,4,0,0,0,0,0,0,4,4,0,0,0,0,0,4,4,4,0,0,0,0,0,4,4,4,0,0,0,0,0,0,0,0,0,0,0,0
abk_KKRvsPBKS_image_115.jpg,0,0,0,0,0,0,0,0,0,0,0,0,0,0,0,0,0,0,4,4,4,0,0,0,0,0,4,4,4,0,0,0,0,0,0,0,0,0,0,0,0,0,4,4,0,0,0,0,0,0,4,4,0,0,0,0,0,0,4,7,0,0,0,0
abk_KKRvsPBKS_image_116.jpg,0,0,0,0,0,0,0,0,0,0,4,0,0,0,7,7,0,4,4,0,0,0,7,7,0,4,4,0,0,0,7,7,0,4,4,0,0,0,7,7,0,4,4,0,0,7,7,7,0,4,4,0,0,7,0,7,0,0,0,0,0,0,0,0
abk_KKRvsPBKS_image_117.jpg,0,0,4,4,0,0,0,0,0,0,4,4,4,0,0,0,0,0,4,4,4,4,0,0,0,0,4,4,4,0,0,0,0,0,4,4,4,0,0,0,0,0,0,4,4,0,0,0,0,0,4,4,4,0,0,0,0,0,0,0,0,0,0,0
abk_KKRvsPBKS_image_118.jpg,0,0,7,0,0,0,0,0,0,7,7,7,7,0,7,0,0,7,7,7,7,0,7,0,0,7,7,7,7,7,7,0,0,7,7,7,7,0,7,0,0,7,7,7,7,7,7,0,0,7,7,7,7,7,7,0,0,0,0,0,0,0,0,0
abk_KKRvsPBKS_image_119.jpg,0,0,0,0,0,0,0,0,0,0,0,0,0,0,0,0,0,0,0,0,0,7,0,0,0,0,0,0,7,7,0,0,0,0,0,0,7,7,0,0,0,0,0,0,7,7,0,0,0,0,0,0,7,7,0,0,0,0,0,0,0,0,0,0
abk_KKRvsPBKS_image_12.jpg,0,0,4,0,0,0,0,0,0,0,4,0,4,0,0,0,0,0,4,0,4,4,0,0,0,4,4,0,4,4,0,0,0,4,4,4,4,4,0,0,0,0,4,0,4,0,0,0,0,0,4,4,0,0,0,0,0,0,0,0,0,0,0,0
abk_KKRvsPBKS_image_120.jpg,0,0,0,0,0,0,0,0,0,0,7,7,0,0,0,0,0,0,7,7,7,0,0,0,0,0,7,7,7,0,0,0,0,0,7,7,7,7,0,0,0,0,7,7,7,7,0,0,0,0,0,7,0,7,0,0,0,0,0,0,0,0,0,0
abk_KKRvsPBKS_image_121.jpg,0,0,0,0,0,0,0,0,0,0,0,7,0,0,4,0,0,0,0,7,0,0,4,0,0,0,0,7,0,0,4,4,0,0,0,7,0,0,4,4,0,0,7,7,0,0,4,4,0,0,0,7,0,0,4,4,0,0,0,0,0,0,0,0
abk_KKRvsPBKS_image_122.jpg,0,0,0,0,0,0,0,0,0,0,0,0,4,0,0,0,0,0,0,0,4,0,0,0,0,0,0,0,4,0,0,0,0,0,0,0,4,0,0,0,0,0,0,0,4,0,0,0,0,0,0,0,7,0,0,0,0,0,0,0,0,0,0,0
abk_KKRvsPBKS_image_123.jpg,0,0,0,0,0,0,0,0,0,0,0,4,0,0,0,0,0,0,0,4,0,0,0,0,0,0,0,4,0,0,0,0,0,0,4,4,0,0,0,0,0,0,4,4,0,0,0,0,0,0,4,4,0,0,0,0,0,0,0,0,0,0,0,0
abk_KKRvsPBKS_image_124.jpg,0,0,0,0,0,0,0,0,0,0,0,0,0,0,0,0,0,0,0,0,0,0,0,0,0,0,0,0,0,0,0,0,0,0,0,0,0,0,0,0,0,0,0,0,0,0,0,0,0,0,0,0,0,0,0,0,0,0,0,0,0,0,0,0
abk_KKRvsPBKS_image_125.jpg,0,0,0,0,0,0,0,0,0,0,0,0,0,0,0,0,0,4,4,0,0,0,0,0,0,4,4,0,7,0,0,0,0,4,0,0,7,0,4,4,0,4,0,0,7,7,4,4,4,4,0,0,4,7,4,4,0,0,0,0,0,0,0,0
abk_KKRvsPBKS_image_126.jpg,0,0,0,0,0,0,0,0,0,0,0,0,0,0,0,0,0,0,0,0,0,0,0,0,0,0,0,0,0,0,0,0,0,0,0,0,0,0,0,0,0,0,0,0,0,0,0,0,0,0,0,0,0,0,0,0,0,0,0,0,0,0,0,0
abk_KKRvsPBKS_image_127.jpg,0,0,0,0,0,0,0,0,0,0,0,0,0,0,0,0,0,0,0,0,0,0,0,0,0,0,0,0,0,0,0,0,0,0,0,0,0,0,0,0,0,0,0,0,0,0,0,0,0,0,0,0,0,0,0,0,0,0,0,0,0,0,0,0
abk_KKRvsPBKS_image_128.jpg,0,0,0,0,0,0,0,0,0,0,0,0,0,0,0,0,0,0,0,0,0,0,0,0,0,0,4,4,0,0,0,0,0,0,4,7,0,0,0,0,0,0,4,0,4,0,0,0,0,0,4,4,4,0,0,0,0,0,4,4,4,0,0,0
abk_KKRvsPBKS_image_129.jpg,0,0,0,0,0,0,0,0,0,0,0,4,0,0,0,0,0,0,7,7,0,7,7,0,0,0,7,7,0,7,7,0,0,0,7,7,0,7,7,7,0,0,7,7,0,7,7,7,0,0,7,7,0,7,7,7,0,0,0,0,0,0,0,0
abk_KKRvsPBKS_image_13.jpg,0,0,7,7,0,0,0,0,7,7,7,7,7,7,7,7,7,7,7,7,7,7,7,7,7,7,7,7,7,7,7,7,7,7,7,7,7,7,7,7,7,7,7,7,7,7,7,7,7,7,7,7,7,7,7,7,7,7,7,7,4,7,7,0
abk_KKRvsPBKS_image_130.jpg,0,4,4,0,0,0,0,0,0,4,4,4,0,4,4,0,0,4,4,4,4,4,4,0,0,4,4,4,7,4,4,0,0,4,4,4,4,4,4,0,0,4,4,4,4,7,4,0,0,4,4,4,4,4,4,0,0,4,4,4,4,4,4,0
abk_KKRvsPBKS_image_131.jpg,0,0,0,0,0,0,0,0,0,0,0,0,0,0,0,0,0,0,0,4,4,0,0,0,0,0,0,4,4,0,0,0,0,0,0,4,4,0,0,0,0,0,0,4,4,0,0,0,0,0,0,4,4,0,0,0,0,0,0,0,0,0,0,0
abk_KKRvsPBKS_image_132.jpg,0,0,0,0,0,0,0,0,0,0,0,0,0,0,0,0,0,0,4,4,4,0,0,0,0,0,4,4,7,0,0,0,0,0,0,4,4,0,0,0,0,0,4,4,4,0,0,0,0,0,4,4,7,0,0,0,0,0,4,4,7,0,0,0
abk_KKRvsPBKS_image_133.jpg,0,0,0,0,0,0,0,0,0,0,0,0,0,0,0,0,0,0,0,0,0,0,0,0,0,0,0,0,0,0,0,0,0,0,0,0,0,0,0,0,0,0,0,0,0,0,0,0,0,0,0,0,0,0,0,0,0,0,0,0,0,0,0,0
abk_KKRvsPBKS_image_134.jpg,0,0,0,0,0,0,0,0,0,0,0,0,0,0,0,0,0,0,0,0,0,0,0,0,0,0,0,0,0,0,0,0,0,0,4,4,0,0,0,0,0,0,4,4,0,0,0,0,0,0,4,0,0,0,0,0,0,0,0,0,0,0,0,0
abk_KKRvsPBKS_image_135.jpg,0,0,0,0,0,0,0,0,0,0,0,0,0,0,0,0,0,0,0,4,4,0,0,0,0,0,0,4,4,4,4,0,0,0,0,4,4,4,4,0,0,0,0,4,4,4,4,0,0,0,4,4,4,4,4,0,0,0,0,0,0,0,0,0
abk_KKRvsPBKS_image_136.jpg,0,0,0,0,0,0,0,0,0,0,0,0,0,0,0,0,0,0,0,4,0,7,0,0,0,0,0,4,4,7,0,0,0,0,0,4,4,0,0,0,0,0,0,4,7,0,0,0,0,0,0,7,7,0,0,0,0,0,0,0,0,0,0,0
abk_KKRvsPBKS_image_137.jpg,0,0,0,0,0,0,0,0,0,4,0,0,0,0,4,4,4,4,4,4,4,0,4,4,4,4,4,4,4,4,4,4,4,4,4,4,4,4,4,4,4,4,4,0,4,4,4,4,4,4,4,4,4,4,4,4,0,0,0,0,0,0,0,0
abk_KKRvsPBKS_image_138.jpg,0,0,0,0,0,0,0,0,0,0,0,0,0,0,0,0,0,0,0,0,0,0,0,0,0,0,0,0,0,0,0,0,0,0,0,0,0,0,0,0,0,0,0,0,0,0,0,0,0,0,0,0,0,0,0,0,0,0,0,0,0,0,0,0
abk_KKRvsPBKS_image_139.jpg,0,0,0,0,0,0,0,0,0,0,0,7,0,0,0,0,0,0,0,7,0,0,0,0,0,4,0,7,0,0,0,0,0,4,0,7,0,0,0,0,0,4,0,7,0,0,0,0,0,4,0,7,0,0,0,0,0,0,0,0,0,0,0,0
abk_KKRvsPBKS_image_14.jpg,0,0,0,0,0,0,0,0,0,0,0,0,0,0,0,0,0,0,0,0,0,0,0,0,0,0,0,0,0,0,0,0,0,0,0,0,0,0,0,0,0,0,0,0,0,0,0,0,0,0,0,0,0,0,0,0,0,0,0,0,0,0,0,0
abk_KKRvsPBKS_image_140.jpg,0,0,0,0,0,0,0,0,0,0,0,0,0,0,0,0,0,0,0,0,0,0,0,0,0,0,7,7,0,0,0,0,0,0,7,7,0,0,0,0,0,0,7,7,0,0,0,0,0,0,7,7,0,0,0,0,0,0,0,0,0,0,0,0
abk_KKRvsPBKS_image_141.jpg,0,0,0,0,0,0,0,0,0,0,0,0,0,0,0,0,0,0,0,0,0,0,0,0,0,0,0,0,0,0,0,0,0,0,0,0,7,7,0,0,0,0,0,0,7,7,0,0,0,0,0,0,7,7,0,0,0,0,0,0,0,0,0,0
abk_KKRvsPBKS_image_142.jpg,0,0,0,0,0,0,0,0,0,0,0,0,0,0,0,0,0,0,4,0,7,7,0,0,0,4,4,0,0,7,0,0,0,4,0,0,0,7,0,0,0,4,0,0,0,7,7,0,4,4,4,0,0,7,7,0,0,0,0,0,0,0,0,0
abk_KKRvsPBKS_image_143.jpg,0,0,0,0,0,0,0,0,0,0,0,0,4,0,0,0,0,0,0,4,4,0,0,0,0,0,0,4,4,4,0,0,0,0,0,4,4,4,0,0,0,0,0,4,0,4,0,0,0,0,0,0,0,0,7,0,0,0,0,0,0,0,0,0
abk_KKRvsPBKS_image_144.jpg,0,0,0,0,0,0,0,0,0,0,0,0,0,0,0,0,0,0,0,0,0,0,0,0,0,0,0,0,0,0,0,0,0,0,0,0,0,0,0,0,0,0,0,0,0,0,0,0,0,0,0,0,0,0,0,0,0,0,0,0,0,0,0,0
abk_KKRvsPBKS_image_145.jpg,0,0,0,0,0,0,0,0,0,0,0,0,7,7,0,0,0,0,0,0,7,7,0,0,0,0,0,0,0,7,0,0,0,0,0,0,0,0,7,0,0,0,0,0,7,0,7,0,0,0,0,0,0,0,7,0,0,0,0,0,0,0,0,0
abk_KKRvsPBKS_image_146.jpg,0,0,0,0,0,0,0,0,0,0,0,4,4,0,0,0,0,4,4,4,4,0,0,0,0,4,4,4,4,0,0,0,0,4,4,4,4,0,0,0,0,4,4,4,4,0,0,0,0,4,4,4,4,0,0,0,0,0,0,0,0,0,0,0
abk_KKRvsPBKS_image_147.jpg,0,0,0,0,4,0,0,0,4,0,0,4,0,7,4,4,4,0,0,4,0,7,4,4,4,0,0,4,0,7,4,4,4,0,0,4,4,0,4,4,4,0,0,4,4,0,4,4,4,4,0,4,4,0,4,4,4,0,0,4,4,0,4,4
abk_KKRvsPBKS_image_148.jpg,0,0,0,0,0,0,0,0,0,0,0,7,0,0,0,0,0,0,7,7,0,0,0,0,0,0,7,7,7,0,0,0,0,0,7,7,7,0,0,0,0,0,7,7,0,0,0,0,0,0,7,7,0,0,0,0,0,0,7,7,7,0,0,0
abk_KKRvsPBKS_image_149.jpg,0,0,0,0,0,0,0,0,0,0,0,0,0,0,0,0,0,0,0,0,7,7,0,0,7,7,0,0,0,7,7,0,7,7,7,0,7,7,7,0,7,7,0,0,7,7,7,7,7,7,0,0,7,7,0,0,0,7,0,7,7,7,7,7
abk_KKRvsPBKS_image_15.jpg,0,0,0,0,0,0,0,0,0,0,0,0,4,0,0,0,0,0,0,4,4,0,0,0,0,0,0,4,4,0,0,0,0,0,0,4,4,0,0,0,0,0,0,4,4,0,0,0,0,0,0,4,4,0,0,0,0,0,0,0,0,0,0,0
abk_KKRvsPBKS_image_150.jpg,0,0,0,0,0,0,0,0,0,0,0,0,7,0,0,0,0,0,0,7,7,0,0,0,0,0,0,7,7,0,0,0,0,0,0,7,7,7,0,0,0,0,0,7,7,7,0,0,0,0,0,7,7,7,0,0,0,0,0,0,0,0,0,0
abk_KKRvsPBKS_image_151.jpg,0,0,0,0,0,0,0,0,0,0,0,0,0,0,0,0,0,0,0,0,0,0,0,0,0,0,0,0,0,0,0,0,0,0,0,0,0,0,0,0,0,0,0,0,0,0,0,0,0,0,0,0,0,0,0,0,0,0,0,0,0,0,0,0
abk_KKRvsPBKS_image_152.jpg,0,0,0,0,0,0,7,0,7,7,4,7,0,0,7,0,7,0,4,7,7,7,7,7,7,7,4,7,7,7,7,7,7,0,4,7,7,7,7,7,4,0,4,7,7,4,7,7,4,0,4,7,7,7,7,7,0,0,0,0,0,0,0,0
abk_KKRvsPBKS_image_153.jpg,0,7,0,0,0,0,0,0,0,7,0,0,0,0,0,0,0,7,7,0,0,4,0,0,0,7,0,0,0,4,4,0,0,7,0,0,0,4,4,0,7,7,0,0,0,4,4,0,0,0,0,0,0,4,4,0,0,0,0,0,0,0,0,0
abk_KKRvsPBKS_image_154.jpg,0,0,0,0,0,0,0,0,0,0,0,0,0,7,0,0,0,4,0,0,0,7,7,0,0,4,4,0,0,7,7,0,4,4,4,0,0,7,0,0,4,4,4,0,0,7,0,0,4,0,4,0,0,7,0,0,0,0,0,0,0,0,0,0
abk_KKRvsPBKS_image_155.jpg,0,0,0,0,0,0,0,0,0,0,0,0,0,0,0,0,0,0,0,0,0,0,0,0,0,4,4,0,0,0,0,0,0,7,4,0,0,0,0,0,0,0,0,0,0,0,0,0,0,0,4,4,0,0,0,0,0,0,4,4,0,0,0,0
abk_KKRvsPBKS_image_156.jpg,0,0,0,0,0,0,0,0,0,0,0,0,0,0,0,0,0,0,0,0,0,0,0,0,0,0,7,0,0,0,0,0,0,0,7,7,0,0,0,4,0,0,0,7,0,0,0,4,0,0,0,7,0,0,0,4,0,0,0,0,0,0,0,4
abk_KKRvsPBKS_image_157.jpg,0,0,0,0,0,0,0,0,0,0,0,4,0,0,0,0,4,4,0,4,0,0,7,7,4,4,0,4,0,0,7,7,4,4,0,4,0,0,7,7,4,4,4,4,0,0,7,7,4,4,4,4,0,0,7,7,0,0,0,0,0,0,0,0
abk_KKRvsPBKS_image_158.jpg,0,0,0,4,0,0,0,0,0,0,0,7,0,7,0,0,0,0,4,4,7,7,0,0,0,0,4,4,7,7,0,0,0,0,4,4,7,7,0,0,0,0,4,4,7,7,0,0,0,0,4,4,7,7,7,0,0,0,0,4,7,7,0,0
abk_KKRvsPBKS_image_159.jpg,0,0,0,0,7,0,0,0,0,0,0,7,7,0,0,0,0,0,0,0,7,7,0,0,0,0,7,7,7,7,0,0,0,0,7,7,7,7,0,0,0,0,7,7,7,7,0,0,0,0,7,7,7,7,0,0,0,0,7,7,7,7,0,0
abk_KKRvsPBKS_image_16.jpg,0,0,0,0,0,0,0,0,0,0,0,0,0,0,0,0,0,0,0,0,7,7,7,0,0,0,4,0,7,7,7,0,0,0,7,0,7,7,0,0,0,0,7,7,7,7,0,0,0,0,7,0,7,7,0,0,0,0,7,0,7,7,0,0
abk_KKRvsPBKS_image_160.jpg,0,0,7,7,7,0,0,0,0,0,0,7,7,7,0,0,0,0,0,0,0,0,0,0,0,0,0,0,0,0,0,0,0,0,0,0,7,7,7,0,0,0,0,0,7,7,7,0,0,0,0,0,7,7,7,0,0,0,0,7,7,7,0,0
abk_KKRvsPBKS_image_161.jpg,0,0,0,0,0,0,0,0,0,0,0,0,0,0,0,0,0,0,0,4,0,0,0,0,0,0,0,4,0,0,0,0,0,0,0,4,0,0,0,0,0,0,4,4,0,0,0,0,0,0,4,4,4,0,0,0,0,0,0,0,0,0,0,0
abk_KKRvsPBKS_image_162.jpg,0,0,0,0,0,0,0,0,0,0,0,0,0,0,0,0,0,0,0,0,0,0,0,0,0,0,0,0,0,0,0,0,0,0,0,0,0,0,0,0,0,0,0,0,0,0,0,0,0,0,0,0,0,0,0,0,0,0,0,0,0,0,0,0
abk_KKRvsPBKS_image_163.jpg,0,0,0,0,0,0,0,0,0,0,0,0,0,7,0,0,0,0,4,4,7,7,0,0,0,0,4,4,7,7,0,0,0,4,4,4,7,0,0,0,0,4,4,4,7,0,0,0,0,4,4,4,7,0,0,0,0,0,0,0,0,0,0,0
abk_KKRvsPBKS_image_164.jpg,0,0,0,0,0,0,0,0,0,0,0,0,7,0,0,0,0,0,0,0,0,7,0,0,0,0,0,0,7,7,0,0,0,0,0,0,7,7,0,0,0,0,0,7,7,7,0,0,0,0,0,7,0,7,0,0,0,0,0,0,0,0,0,0
abk_KKRvsPBKS_image_165.jpg,0,0,0,0,0,0,0,0,0,0,0,0,0,0,0,0,0,0,0,0,0,0,0,0,0,0,0,0,0,0,0,0,0,0,0,0,0,0,0,0,0,0,0,0,0,0,0,0,0,0,0,0,0,0,0,0,0,0,0,0,0,0,0,0
abk_KKRvsPBKS_image_166.jpg,0,0,0,0,0,0,0,0,0,0,0,0,0,0,0,0,0,0,0,0,0,0,0,0,0,0,0,0,0,0,0,0,0,0,0,0,0,0,0,0,0,0,0,0,0,0,0,0,0,0,0,0,0,0,0,0,0,0,0,0,0,0,0,0
abk_KKRvsPBKS_image_167.jpg,0,0,0,0,0,0,0,0,0,0,0,0,0,0,0,0,0,0,0,0,0,0,0,0,0,0,0,0,0,0,0,0,0,0,0,0,0,0,0,0,0,0,0,0,0,0,0,0,0,0,0,0,0,0,0,0,0,0,0,0,0,0,0,0
abk_KKRvsPBKS_image_168.jpg,0,0,5,4,0,0,0,0,0,0,4,4,0,0,0,0,0,0,4,4,0,0,0,0,0,0,4,4,0,0,0,0,0,0,4,4,4,0,0,0,0,0,4,4,4,0,0,0,0,0,0,0,4,0,0,0,0,0,0,0,0,0,0,0
abk_KKRvsPBKS_image_169.jpg,0,0,0,0,0,0,0,0,0,0,0,0,4,0,0,0,0,0,0,4,4,0,0,0,0,0,0,4,4,0,0,0,0,0,0,4,4,0,0,0,0,7,0,4,4,0,0,0,0,0,0,4,4,0,0,0,0,0,0,0,0,0,0,0
abk_KKRvsPBKS_image_17.jpg,0,0,0,0,0,0,0,0,0,0,4,4,0,0,0,0,0,0,4,4,0,0,0,0,0,0,4,4,0,0,0,0,0,4,4,4,0,0,0,0,0,0,4,4,0,0,0,0,0,0,4,4,0,0,0,0,0,0,0,0,0,0,0,0
abk_KKRvsPBKS_image_170.jpg,0,0,0,0,0,0,0,0,0,0,0,4,4,0,0,0,0,0,4,4,4,0,0,0,0,0,4,4,4,0,0,0,0,0,0,4,4,0,0,0,0,0,0,0,4,0,0,0,0,0,0,0,4,0,0,0,0,0,0,0,0,0,0,0
abk_KKRvsPBKS_image_171.jpg,0,0,0,0,0,0,0,0,0,0,0,0,0,0,0,0,0,0,0,0,0,0,0,0,0,0,0,0,0,0,0,0,0,0,0,0,0,0,0,0,0,0,0,0,0,0,0,0,0,0,0,0,0,0,0,0,0,0,0,0,0,0,0,0
abk_KKRvsPBKS_image_172.jpg,0,0,0,0,7,0,0,0,0,0,0,0,7,0,0,0,0,0,0,0,0,0,0,0,0,0,0,0,0,0,0,0,7,7,7,7,7,7,0,0,7,7,7,7,7,7,7,0,7,7,7,0,7,7,7,7,7,7,7,7,7,7,7,7
abk_KKRvsPBKS_image_173.jpg,0,0,0,0,0,0,0,0,0,0,0,0,0,0,0,0,0,0,0,0,0,0,0,0,0,0,0,0,0,0,0,0,0,0,0,0,0,0,0,0,0,0,0,0,0,0,0,0,0,0,0,0,0,0,0,0,0,0,0,0,0,0,0,0
abk_KKRvsPBKS_image_174.jpg,0,0,7,7,0,0,0,0,0,0,7,7,0,0,0,0,0,0,7,7,0,0,0,0,0,0,0,7,0,0,0,0,0,0,0,7,0,0,0,0,0,0,7,7,0,0,0,0,0,0,7,0,0,0,0,0,0,0,0,0,0,0,0,0
abk_KKRvsPBKS_image_175.jpg,0,0,0,0,4,4,0,0,0,4,0,0,4,4,4,0,0,4,4,4,4,4,4,0,0,4,4,4,4,4,4,0,0,4,4,4,4,4,4,0,0,4,4,4,4,4,4,0,0,4,4,4,4,4,4,0,0,0,0,0,0,0,0,0
abk_KKRvsPBKS_image_176.jpg,0,0,0,0,0,0,0,0,0,0,7,0,7,0,4,4,0,7,7,7,0,0,4,4,0,7,7,7,0,0,4,4,0,7,7,7,0,0,0,4,0,7,7,7,7,0,7,0,7,7,0,7,0,0,0,4,0,0,0,0,0,0,0,0
abk_KKRvsPBKS_image_177.jpg,0,0,0,0,0,0,0,0,0,0,0,0,0,0,0,0,0,0,0,0,0,0,0,0,0,0,0,0,0,0,0,0,0,0,0,0,0,0,0,0,0,0,0,0,0,0,0,0,0,0,0,0,0,0,0,0,0,0,0,0,0,0,0,0
abk_KKRvsPBKS_image_178.jpg,0,0,0,0,0,0,0,0,0,0,0,0,0,0,0,0,0,0,0,0,0,0,0,0,0,0,0,0,0,0,0,0,0,0,0,0,0,0,0,0,0,0,0,0,0,0,0,0,0,0,0,0,0,0,0,0,0,0,0,0,0,0,0,0
abk_KKRvsPBKS_image_179.jpg,0,0,0,0,0,0,0,0,0,0,0,0,0,0,0,0,0,0,0,0,0,0,0,0,0,7,7,0,0,0,4,4,0,0,7,0,0,0,4,4,0,0,7,0,0,0,4,4,0,0,7,7,0,0,4,0,0,0,0,0,0,0,0,0
abk_KKRvsPBKS_image_18.jpg,0,0,0,0,0,0,0,0,0,0,0,0,0,0,0,0,0,0,0,4,4,0,0,0,0,0,0,4,4,0,0,0,0,0,0,4,0,0,0,0,0,0,0,4,0,0,0,0,0,0,0,4,0,0,0,0,0,0,0,0,0,0,0,0
abk_KKRvsPBKS_image_180.jpg,0,0,0,0,0,0,0,0,0,4,0,0,4,0,0,0,4,4,0,0,0,0,4,0,4,4,4,4,4,4,4,0,4,4,4,4,4,7,4,0,4,4,4,4,4,4,4,0,4,4,4,4,4,4,4,0,4,4,4,4,4,4,7,0
abk_KKRvsPBKS_image_181.jpg,0,0,0,0,0,0,0,0,0,0,0,0,0,0,0,0,0,0,0,0,0,0,0,0,0,0,7,7,0,0,0,0,0,0,7,7,0,0,0,7,0,0,7,7,0,0,7,7,0,0,7,7,0,0,7,7,0,0,7,7,0,0,7,7
abk_KKRvsPBKS_image_182.jpg,0,0,0,0,0,0,0,0,0,0,0,4,0,0,0,0,0,0,0,4,4,0,7,0,0,0,0,4,4,0,7,0,7,0,0,4,4,0,7,0,0,0,0,4,4,0,7,0,0,0,0,4,4,0,7,0,0,0,0,4,4,0,7,0
abk_KKRvsPBKS_image_183.jpg,0,0,0,0,0,0,0,0,0,0,4,4,0,0,0,0,0,0,4,4,0,0,0,0,0,0,4,4,0,0,0,0,0,0,4,4,0,0,0,0,0,0,4,4,0,0,0,0,0,0,4,4,0,0,0,0,0,0,0,0,0,0,0,0
abk_KKRvsPBKS_image_184.jpg,0,0,0,0,0,0,0,0,0,0,0,0,0,0,0,0,0,0,0,0,0,0,0,0,0,0,0,0,0,0,0,0,0,0,0,0,0,0,0,0,0,0,0,0,0,0,0,0,0,0,0,0,0,0,0,0,0,0,0,0,0,0,0,0
abk_KKRvsPBKS_image_185.jpg,0,0,0,0,0,0,0,0,0,0,0,0,0,4,4,0,0,0,0,0,0,4,4,0,0,7,7,0,0,0,4,0,0,7,7,0,0,4,4,0,0,7,7,0,0,4,4,0,0,7,7,0,0,4,4,0,0,7,7,0,0,4,4,0
abk_KKRvsPBKS_image_186.jpg,0,0,0,0,0,0,0,0,0,7,7,0,0,0,0,0,0,7,0,0,0,4,0,0,0,7,0,0,4,4,0,0,0,0,0,4,4,4,4,0,7,7,4,0,4,4,0,0,7,7,4,4,4,4,4,0,0,0,0,0,0,0,0,0
abk_KKRvsPBKS_image_187.jpg,0,0,0,0,4,4,0,0,0,0,0,0,0,4,0,0,0,0,0,0,0,4,0,0,0,0,0,0,0,4,0,0,0,0,0,0,0,4,0,0,0,0,0,0,0,4,0,0,0,0,0,0,0,4,0,0,0,0,0,0,0,0,0,0
abk_KKRvsPBKS_image_188.jpg,0,0,0,0,0,0,0,0,0,0,0,0,0,0,0,0,0,0,0,4,0,0,0,0,0,0,0,4,0,0,0,0,0,0,0,4,0,0,0,0,0,0,4,4,0,0,0,0,0,0,0,0,0,0,0,0,0,0,0,0,0,0,0,0
abk_KKRvsPBKS_image_189.jpg,0,0,0,0,0,0,0,0,0,0,0,0,0,0,0,0,0,0,7,0,0,0,0,0,0,0,7,0,0,0,0,0,0,0,7,0,0,0,0,0,0,0,0,0,7,0,0,0,0,7,0,0,7,0,0,0,0,0,0,0,0,0,0,0
abk_KKRvsPBKS_image_19.jpg,0,0,0,0,0,0,0,0,0,0,4,0,0,0,0,0,0,0,0,0,0,0,0,0,0,4,7,4,7,7,7,0,0,7,7,4,7,7,7,0,0,0,4,4,0,7,7,0,0,4,4,0,0,7,7,0,0,4,4,4,0,7,7,0
abk_KKRvsPBKS_image_190.jpg,0,0,0,0,0,0,0,0,0,0,0,7,7,0,0,0,0,0,0,0,7,0,0,0,0,0,0,0,7,0,0,0,0,0,0,0,7,0,0,0,0,0,0,0,7,0,0,0,0,0,0,0,7,0,0,0,0,0,0,0,0,0,0,0
abk_KKRvsPBKS_image_191.jpg,4,0,0,0,0,0,0,0,0,0,0,0,0,0,0,0,0,4,0,0,0,0,7,0,0,4,7,7,0,0,7,0,0,4,7,7,0,7,7,0,0,4,7,7,0,0,7,0,0,4,7,7,0,7,7,0,0,0,0,0,0,0,0,0
abk_KKRvsPBKS_image_192.jpg,0,0,0,0,7,7,0,0,0,0,0,0,7,7,0,0,0,0,0,0,7,0,0,0,0,0,0,7,7,0,0,0,0,0,7,7,7,0,0,0,0,0,7,0,7,0,0,0,0,0,7,0,7,0,0,0,0,0,0,0,0,0,0,0
abk_KKRvsPBKS_image_193.jpg,0,0,0,0,0,0,0,0,0,0,0,0,0,0,0,0,0,0,0,7,7,0,0,0,0,0,0,7,7,0,0,0,0,0,0,7,7,0,0,0,0,0,0,7,7,0,0,0,0,0,0,7,7,0,0,0,0,0,0,0,0,0,0,0
abk_KKRvsPBKS_image_194.jpg,0,0,0,0,0,0,0,0,0,0,0,0,0,0,0,0,0,0,4,0,0,0,0,0,0,4,4,0,0,0,0,0,0,4,0,0,0,0,0,0,0,4,0,0,0,0,0,0,0,0,0,0,0,0,0,0,0,0,0,0,0,0,0,0
abk_KKRvsPBKS_image_195.jpg,0,0,0,0,0,7,7,0,0,0,0,0,0,0,0,0,0,0,0,0,0,0,0,0,0,0,0,0,0,7,7,7,0,0,0,0,0,7,7,7,0,7,7,0,0,7,7,7,0,7,7,0,0,7,7,7,0,7,7,0,0,7,0,0
abk_KKRvsPBKS_image_196.jpg,0,0,0,0,0,0,0,0,0,0,0,0,0,0,0,0,0,0,0,4,7,0,0,0,0,0,0,7,7,0,0,0,0,0,0,4,7,0,0,0,0,0,0,4,7,0,0,0,0,0,0,4,7,0,0,0,0,0,0,0,0,0,0,0
abk_KKRvsPBKS_image_197.jpg,0,0,0,7,0,0,0,0,0,0,0,7,0,0,0,0,0,0,0,7,0,0,0,0,0,0,0,7,0,0,0,0,0,0,0,7,0,0,0,0,0,0,0,7,0,0,4,0,0,0,7,7,0,0,4,0,0,0,0,0,0,0,0,0
abk_KKRvsPBKS_image_198.jpg,0,0,0,0,0,0,0,0,0,0,0,0,0,0,0,0,0,0,0,0,0,0,7,0,0,7,7,0,0,7,7,0,0,7,7,0,0,7,7,0,0,7,7,0,0,7,7,0,0,7,7,0,0,7,7,0,0,7,7,0,0,7,7,0
abk_KKRvsPBKS_image_199.jpg,0,0,0,0,0,0,0,0,0,0,0,0,0,0,0,0,0,0,0,0,0,0,0,0,0,0,0,0,0,0,0,0,0,0,0,0,0,0,0,0,0,7,7,0,0,0,0,0,0,7,7,7,0,0,0,0,0,7,7,0,0,0,0,0
abk_KKRvsPBKS_image_2.jpg,0,0,0,0,0,0,0,0,0,0,0,0,0,0,0,0,0,0,0,7,0,0,0,0,0,0,0,0,0,0,0,0,0,0,0,0,0,0,0,0,0,0,0,7,7,0,0,0,0,0,7,7,7,0,0,0,0,0,7,7,0,0,0,0
abk_KKRvsPBKS_image_20.jpg,0,0,0,0,0,0,0,0,0,0,0,0,0,0,0,0,0,0,0,0,0,0,0,0,0,0,0,0,0,0,0,0,0,0,0,0,0,0,0,0,0,0,0,0,0,0,0,0,0,0,0,0,0,0,0,0,0,0,0,0,0,0,0,0
abk_KKRvsPBKS_image_200.jpg,0,0,0,0,0,0,0,0,0,0,0,4,4,0,0,0,0,0,0,4,4,4,0,0,0,0,0,0,4,0,0,0,0,0,0,4,4,0,0,0,0,0,0,4,0,4,0,0,0,0,0,0,0,0,0,0,0,0,0,0,0,0,0,0
abk_KKRvsPBKS_image_201.jpg,0,0,0,0,0,0,0,0,0,0,7,0,0,0,0,0,0,0,7,0,4,0,0,0,0,0,7,0,0,0,0,0,0,7,7,0,0,0,0,0,0,7,0,7,0,0,0,0,0,7,7,0,7,0,0,0,0,0,0,0,0,0,0,0
abk_KKRvsPBKS_image_202.jpg,0,0,0,0,0,0,0,0,0,0,0,0,0,0,0,0,0,0,0,0,0,7,0,0,0,0,0,0,0,7,7,0,0,0,0,0,0,0,7,0,0,0,0,0,0,0,7,0,0,0,0,0,0,0,0,0,0,0,0,0,0,0,0,0
abk_KKRvsPBKS_image_203.jpg,0,0,0,0,0,0,0,0,0,0,0,0,0,0,0,0,0,0,0,0,0,0,0,0,0,0,0,0,0,0,0,0,0,0,0,0,0,0,0,0,0,0,0,0,0,0,0,0,0,7,7,7,0,0,0,0,0,7,7,7,0,0,0,0
abk_KKRvsPBKS_image_204.jpg,0,0,0,0,0,0,0,0,0,0,0,0,0,0,0,0,0,0,0,0,0,0,0,0,0,0,0,4,0,0,0,0,0,0,0,4,0,7,7,0,0,0,0,0,7,7,7,0,0,0,4,4,7,7,0,0,0,0,0,0,0,0,0,0
abk_KKRvsPBKS_image_205.jpg,0,0,0,0,0,0,0,0,0,0,0,0,7,0,0,0,0,0,0,7,7,7,7,0,0,0,0,7,7,7,7,0,0,0,4,7,7,7,7,0,0,0,4,0,7,7,7,0,0,0,4,0,7,7,7,0,0,0,0,0,0,0,0,0
abk_KKRvsPBKS_image_206.jpg,0,0,0,0,0,0,0,0,0,0,0,0,4,4,0,0,0,0,0,0,4,4,0,0,0,0,0,0,0,0,4,0,0,0,0,0,0,4,4,4,0,0,0,0,0,4,4,4,0,0,0,0,0,4,4,0,0,0,0,0,0,4,4,0
abk_KKRvsPBKS_image_207.jpg,0,0,7,0,0,0,0,0,7,7,0,0,0,0,7,0,7,7,0,0,0,7,7,7,7,7,7,7,7,7,7,7,7,7,7,7,7,7,7,7,7,7,7,7,7,7,7,7,7,7,7,7,7,7,7,7,7,7,7,7,7,7,7,7
abk_KKRvsPBKS_image_208.jpg,0,0,0,0,0,0,0,0,0,0,0,0,0,0,0,0,0,0,0,0,0,0,0,0,0,0,0,0,0,0,0,0,0,0,0,0,0,0,0,0,0,0,0,0,0,0,0,0,0,0,0,0,0,0,0,0,0,0,0,0,0,0,0,0
abk_KKRvsPBKS_image_209.jpg,0,0,0,0,0,0,0,0,0,0,0,0,0,0,7,0,0,0,0,0,7,7,7,7,7,7,0,0,0,7,7,7,7,7,7,7,7,7,7,7,7,7,7,7,7,7,7,7,0,7,7,7,7,7,7,7,0,7,7,7,7,7,7,0
abk_KKRvsPBKS_image_21.jpg,0,0,0,0,0,0,0,0,0,7,7,7,0,7,7,0,0,0,0,7,7,7,7,0,0,7,0,7,7,0,7,0,0,7,7,7,7,7,7,0,0,7,7,7,7,7,7,0,0,7,7,7,7,7,7,0,0,0,0,0,0,0,0,0
abk_KKRvsPBKS_image_210.jpg,0,0,0,0,0,0,0,0,0,0,0,0,0,0,0,0,0,0,0,0,0,0,0,0,0,0,0,0,0,0,0,0,0,0,0,0,0,0,0,0,0,0,0,0,0,0,0,0,0,0,0,0,0,0,0,0,0,0,0,0,0,0,0,0
abk_KKRvsPBKS_image_211.jpg,0,0,0,0,0,0,0,0,0,0,0,0,0,0,0,0,0,0,4,0,0,7,7,0,4,4,4,0,0,7,7,0,4,4,4,0,0,7,7,0,4,4,4,0,0,7,7,0,4,4,0,0,0,0,7,0,0,0,0,0,0,0,0,0
abk_KKRvsPBKS_image_212.jpg,0,0,0,4,4,0,0,0,0,0,0,4,4,0,0,0,0,0,0,4,4,0,0,0,0,0,0,4,4,4,0,0,4,4,0,4,4,0,0,0,4,4,0,4,4,0,0,0,4,4,0,4,4,0,0,0,0,0,0,0,0,0,0,0
abk_KKRvsPBKS_image_213.jpg,0,0,0,0,0,0,0,0,0,0,0,0,0,0,0,0,0,0,0,0,0,0,0,0,0,0,0,0,0,0,0,0,0,0,0,0,0,0,0,0,0,0,0,0,0,0,0,0,0,0,0,0,0,0,0,0,0,0,0,0,0,0,0,0
abk_KKRvsPBKS_image_214.jpg,7,0,0,0,0,0,0,0,0,0,0,0,0,0,0,7,7,0,0,7,0,7,0,0,7,7,7,7,7,7,0,7,7,7,7,7,0,7,7,7,7,7,7,7,0,7,4,7,7,0,7,7,7,7,4,7,7,7,7,7,7,7,4,7
abk_KKRvsPBKS_image_215.jpg,0,0,0,0,0,0,0,0,0,0,0,0,0,0,0,0,0,0,0,0,0,0,0,0,0,0,0,0,0,0,0,0,0,0,0,0,0,0,0,0,0,0,0,0,0,0,0,0,0,0,0,0,0,0,0,0,0,0,0,0,0,0,0,0
abk_KKRvsPBKS_image_216.jpg,0,0,0,0,0,0,0,0,0,0,7,7,0,0,0,0,0,7,7,0,0,0,0,0,0,7,7,7,0,0,0,0,0,7,7,0,0,0,0,0,0,0,7,0,0,0,0,0,0,0,7,0,0,0,0,0,0,0,0,0,0,0,0,0
abk_KKRvsPBKS_image_217.jpg,0,0,0,0,0,0,0,0,0,0,0,0,0,0,0,0,0,0,0,0,0,0,0,0,0,0,0,0,0,0,0,0,0,0,0,0,0,0,0,0,0,0,0,0,0,0,0,0,0,0,0,0,0,0,0,0,0,0,0,0,0,0,0,0
abk_KKRvsPBKS_image_218.jpg,0,0,0,0,0,0,0,0,0,0,0,0,4,0,0,0,0,0,0,0,4,0,0,0,0,0,0,0,4,4,0,0,0,0,0,0,4,4,0,0,0,0,0,0,4,4,0,0,0,0,0,0,4,4,0,0,0,0,0,0,0,0,0,0
abk_KKRvsPBKS_image_219.jpg,0,0,0,0,0,0,0,0,0,0,0,0,0,0,0,0,0,7,0,0,0,0,0,0,0,7,7,0,0,0,0,0,0,7,7,0,0,0,0,0,0,7,7,0,0,0,0,0,7,7,7,0,0,0,0,0,0,0,0,0,0,0,0,0
abk_KKRvsPBKS_image_22.jpg,0,0,0,0,0,0,0,0,0,7,0,0,0,0,0,0,0,7,7,0,7,0,0,0,0,7,7,7,7,7,0,0,0,7,7,7,7,0,7,0,0,7,7,7,7,7,7,0,0,7,0,7,7,0,7,0,0,0,0,0,0,0,0,0
abk_KKRvsPBKS_image_220.jpg,0,0,0,0,0,0,0,0,0,0,0,0,0,0,0,0,0,0,0,0,4,4,0,0,0,0,0,0,4,4,0,0,0,0,0,0,4,4,0,0,0,0,0,0,0,0,4,0,0,0,0,0,0,0,0,0,0,0,0,0,0,0,0,0
abk_KKRvsPBKS_image_221.jpg,0,0,0,0,0,0,0,0,0,0,7,0,0,0,0,0,0,0,7,0,0,0,0,0,0,0,7,0,0,0,0,0,0,0,7,7,0,0,0,0,0,0,7,4,0,0,0,0,0,0,7,0,0,0,0,0,0,0,0,0,0,0,0,0
abk_KKRvsPBKS_image_222.jpg,0,0,0,0,0,0,0,0,0,0,0,0,7,0,0,0,0,0,0,7,7,0,0,0,0,0,0,7,0,0,0,0,0,0,0,7,7,0,0,0,0,0,0,7,7,0,0,0,0,0,0,7,7,0,0,0,0,0,0,0,0,0,0,0
abk_KKRvsPBKS_image_223.jpg,0,0,0,0,0,0,0,0,0,0,0,0,0,0,0,0,0,0,0,0,0,0,0,0,0,0,0,7,0,0,0,0,0,0,0,7,7,0,0,0,0,0,0,7,7,7,0,0,0,0,0,7,0,7,0,0,0,0,0,0,0,0,0,0
abk_KKRvsPBKS_image_224.jpg,0,0,0,0,7,0,0,0,0,0,0,0,7,7,0,0,0,0,0,0,7,7,0,0,0,0,4,0,7,7,0,0,0,0,4,0,7,7,0,0,0,0,4,0,7,7,0,0,0,0,4,0,7,0,0,0,0,0,0,0,0,0,0,0
abk_KKRvsPBKS_image_225.jpg,0,0,0,0,0,0,0,0,0,0,0,0,0,0,0,0,0,0,0,0,0,0,0,0,0,0,0,0,0,0,0,0,0,0,0,0,0,0,0,0,0,0,0,0,0,0,0,0,0,0,0,0,0,0,0,0,0,0,0,0,0,0,0,0
abk_KKRvsPBKS_image_226.jpg,0,0,0,0,0,0,0,0,0,0,0,0,0,0,0,0,0,0,0,7,7,0,0,0,0,0,0,7,7,0,0,0,0,0,0,7,7,0,0,0,0,0,0,0,0,0,0,0,0,0,0,0,0,0,0,0,0,0,0,0,0,0,0,0
abk_KKRvsPBKS_image_227.jpg,0,0,0,0,0,0,0,0,0,0,0,0,7,7,0,0,0,0,0,0,0,0,0,0,0,0,0,0,7,7,0,0,0,0,0,7,7,7,0,0,0,7,7,7,7,7,0,0,0,7,7,7,7,7,0,0,0,0,7,7,7,7,0,0
abk_KKRvsPBKS_image_228.jpg,0,0,0,0,0,0,0,0,0,0,0,0,0,0,0,0,0,0,0,0,0,0,0,0,0,0,0,0,0,0,0,0,0,0,0,0,0,0,0,0,0,0,0,0,0,0,0,0,0,0,0,0,0,0,0,0,0,0,0,0,0,0,0,0
abk_KKRvsPBKS_image_229.jpg,0,0,0,0,0,0,0,0,0,0,0,0,0,0,0,0,0,0,0,0,0,0,0,0,0,0,0,0,0,0,0,0,0,0,0,0,0,0,0,0,0,0,0,0,0,0,0,0,0,0,0,0,0,0,0,0,0,0,0,0,0,0,0,0
abk_KKRvsPBKS_image_23.jpg,0,0,0,0,0,0,0,0,0,0,0,0,0,0,0,0,0,0,0,0,0,0,0,0,0,0,4,4,0,0,0,0,0,0,0,0,0,0,0,0,0,0,7,0,7,0,0,0,0,0,7,7,0,0,0,0,0,0,0,0,0,0,0,0
abk_KKRvsPBKS_image_230.jpg,0,0,0,0,7,0,0,0,0,0,0,0,0,0,0,0,0,0,0,7,7,0,0,0,0,0,0,7,7,0,0,0,0,0,0,7,0,0,0,0,0,0,0,7,7,0,0,0,0,0,7,7,7,0,0,0,0,0,0,0,0,0,0,0
abk_KKRvsPBKS_image_231.jpg,0,0,0,0,0,0,0,0,0,0,0,0,0,0,0,0,0,0,4,4,0,0,0,0,0,0,4,4,0,0,0,0,0,0,4,4,0,0,0,0,0,0,7,4,0,0,0,0,0,0,7,7,4,0,4,0,0,0,0,0,0,0,0,0
abk_KKRvsPBKS_image_232.jpg,0,0,0,0,0,0,0,0,0,0,0,0,0,0,0,0,0,0,0,0,0,0,0,0,0,0,0,0,0,0,0,0,0,0,0,0,0,0,0,0,0,0,0,0,0,0,0,0,0,0,0,0,0,0,0,0,0,0,0,0,0,0,0,0
abk_KKRvsPBKS_image_233.jpg,0,0,0,0,0,0,0,0,0,0,0,0,0,0,0,0,0,0,0,0,0,0,0,0,0,0,0,0,0,0,0,0,0,0,4,4,4,0,0,0,0,0,4,4,0,0,0,0,0,0,4,4,0,0,0,0,0,0,0,0,0,0,0,0
abk_KKRvsPBKS_image_234.jpg,0,0,0,7,0,0,0,0,0,0,0,7,0,0,0,0,0,0,0,0,7,7,0,0,0,0,7,7,7,0,0,0,0,0,7,7,0,0,0,0,0,0,0,7,7,7,0,0,0,0,0,7,7,7,0,0,0,0,0,7,7,7,0,0
abk_KKRvsPBKS_image_235.jpg,0,0,0,0,0,0,0,0,0,0,0,0,0,0,0,0,0,0,0,0,0,0,0,0,0,0,0,0,0,0,0,0,0,0,0,0,0,0,0,0,0,0,0,0,0,0,0,0,0,0,0,0,0,0,0,0,0,0,0,0,0,0,0,0
abk_KKRvsPBKS_image_236.jpg,0,0,0,0,0,0,0,0,0,0,0,0,0,0,0,0,0,0,7,0,0,0,0,0,0,0,7,0,0,0,0,0,0,4,0,7,0,0,0,0,0,4,7,7,0,0,0,0,0,0,0,7,0,0,0,0,0,0,0,0,0,0,0,0
abk_KKRvsPBKS_image_24.jpg,0,0,0,0,0,0,0,0,0,7,0,0,0,0,0,0,0,7,0,0,0,0,0,0,0,7,0,0,0,0,0,4,0,4,0,0,0,0,0,4,0,7,0,0,0,0,0,4,7,7,0,0,0,0,4,4,0,0,0,0,0,0,0,0
abk_KKRvsPBKS_image_25.jpg,0,0,0,0,0,0,0,0,0,0,0,4,0,0,0,0,0,0,4,4,0,0,0,0,0,0,4,4,0,0,0,0,0,0,4,4,0,0,0,0,0,0,4,4,0,0,0,0,0,0,4,0,0,0,0,0,0,0,0,0,0,0,0,0
abk_KKRvsPBKS_image_26.jpg,0,0,0,0,0,0,0,0,0,7,7,0,0,0,0,0,0,7,0,0,0,0,0,0,0,7,7,0,0,0,0,0,0,7,7,0,0,0,0,0,0,7,0,0,0,0,0,0,0,0,0,0,0,0,0,0,0,0,0,0,0,0,0,0
abk_KKRvsPBKS_image_27.jpg,0,0,0,0,0,0,0,0,0,0,0,0,0,0,0,0,0,0,0,0,0,0,0,0,0,0,0,0,0,0,0,0,0,0,0,0,0,0,0,0,0,0,0,0,0,0,0,0,0,0,0,0,0,0,0,0,0,0,0,0,0,0,0,0
abk_KKRvsPBKS_image_28.jpg,0,0,0,0,0,0,0,0,0,0,0,0,0,0,0,0,0,0,0,0,0,0,0,0,0,0,0,0,0,0,0,0,0,7,7,0,0,7,7,7,0,0,7,0,0,7,7,7,7,7,7,0,0,0,7,7,7,7,7,0,0,0,0,7
abk_KKRvsPBKS_image_29.jpg,0,0,7,0,0,0,0,0,0,0,7,0,0,0,0,7,0,0,7,7,0,7,7,7,0,0,7,7,7,7,7,7,0,0,7,7,0,7,7,7,0,0,7,7,7,7,7,0,0,0,7,0,7,7,0,0,0,0,0,0,0,0,0,0
abk_KKRvsPBKS_image_3.jpg,0,0,0,0,0,0,0,0,0,7,0,0,7,0,0,0,0,7,0,0,7,0,0,4,0,7,0,0,7,0,4,4,0,7,0,0,7,0,4,4,0,7,0,0,7,0,0,4,0,7,0,0,7,0,4,4,0,0,0,0,0,0,0,0
abk_KKRvsPBKS_image_30.jpg,0,0,0,0,0,0,0,0,4,4,4,4,0,0,0,4,4,4,4,4,0,0,4,4,4,4,4,4,0,4,4,4,4,4,4,4,0,4,4,4,4,4,4,4,0,4,4,4,4,4,0,4,0,4,4,4,7,0,0,0,0,0,0,0
abk_KKRvsPBKS_image_31.jpg,0,0,0,0,0,0,0,0,0,0,0,0,0,0,0,0,0,0,0,0,0,0,0,0,0,0,0,0,0,0,0,0,0,0,0,0,0,0,0,0,0,0,0,0,0,0,0,0,0,0,0,0,0,0,0,0,0,0,0,0,0,0,0,0
abk_KKRvsPBKS_image_32.jpg,0,0,4,4,4,0,0,0,0,0,0,4,4,0,0,0,0,0,0,0,0,0,4,0,0,4,4,0,4,4,4,0,0,4,4,4,4,4,4,4,0,4,4,4,4,4,4,4,4,4,4,4,4,4,4,4,4,4,4,4,4,4,4,4
abk_KKRvsPBKS_image_33.jpg,0,0,0,0,0,0,0,0,0,0,0,0,0,0,0,0,0,0,0,4,0,0,0,0,0,0,0,0,0,4,0,0,0,4,0,0,0,4,0,0,0,4,4,4,4,0,0,0,0,4,4,4,4,4,0,0,0,4,4,4,4,0,0,0
abk_KKRvsPBKS_image_34.jpg,0,0,0,0,0,0,0,0,0,0,0,0,0,0,0,0,0,0,0,0,0,4,4,4,0,0,0,0,0,4,4,4,0,0,0,0,0,4,4,4,0,0,0,0,0,4,4,0,0,0,0,0,0,7,4,0,0,0,0,0,0,7,4,4
abk_KKRvsPBKS_image_35.jpg,0,0,0,0,0,0,0,0,0,0,0,0,0,0,0,0,0,0,0,0,0,0,0,0,0,0,7,0,0,0,0,0,0,0,7,0,0,0,0,0,0,0,7,0,0,0,0,0,0,0,7,7,0,0,0,0,0,0,7,7,0,0,0,0
abk_KKRvsPBKS_image_36.jpg,0,0,0,0,0,0,0,0,0,0,0,0,0,0,0,0,0,7,7,0,0,0,4,0,0,7,7,0,0,4,4,4,0,0,7,0,0,0,4,4,7,0,7,0,0,0,4,0,0,0,7,0,0,0,4,0,0,0,0,0,0,0,0,0
abk_KKRvsPBKS_image_37.jpg,0,0,0,0,0,0,0,0,0,0,0,0,0,0,0,0,0,0,0,0,0,0,0,0,0,0,0,0,0,0,0,0,0,0,0,0,0,0,0,0,0,0,0,0,0,0,0,0,0,0,0,0,0,0,0,0,0,0,0,0,0,0,0,0
abk_KKRvsPBKS_image_38.jpg,0,0,0,0,0,0,0,0,4,4,0,0,0,0,0,0,4,4,0,7,7,0,0,0,4,4,7,7,0,0,0,0,4,4,7,7,0,0,0,0,4,4,7,7,0,0,0,0,4,4,7,7,0,0,0,0,0,0,0,0,0,0,0,0
abk_KKRvsPBKS_image_39.jpg,0,0,0,0,0,0,0,0,0,0,0,0,0,0,0,0,0,0,0,4,0,0,0,0,0,0,0,4,4,4,0,0,0,0,0,4,4,4,0,0,0,0,0,4,4,4,0,0,0,0,0,4,4,0,0,0,0,0,0,0,0,0,0,0
abk_KKRvsPBKS_image_4.jpg,0,0,0,0,0,0,0,0,0,0,0,0,0,0,0,0,0,7,7,0,0,0,0,0,0,7,7,0,0,0,0,0,0,7,7,7,0,0,0,0,0,7,0,7,0,0,0,0,0,0,7,0,0,0,0,0,0,0,0,0,0,0,0,0
abk_KKRvsPBKS_image_40.jpg,0,0,0,0,0,0,0,0,0,0,0,0,0,0,0,0,0,0,0,0,0,0,0,0,0,0,0,0,0,4,0,0,0,0,0,4,4,4,4,0,0,0,0,0,4,4,0,0,0,0,7,7,4,4,0,0,0,0,7,7,4,4,4,0
abk_KKRvsPBKS_image_41.jpg,0,0,0,0,0,0,0,0,0,0,0,0,0,0,0,0,0,0,0,0,0,0,0,0,0,0,0,0,0,0,0,0,0,0,0,0,0,0,0,0,0,0,0,0,0,0,0,0,0,0,0,0,0,0,0,0,0,0,0,0,0,0,0,0
abk_KKRvsPBKS_image_42.jpg,0,0,0,0,0,0,0,0,0,0,0,0,0,0,0,0,0,0,0,0,0,0,0,0,0,0,0,0,0,0,0,0,0,0,0,0,0,0,0,0,0,0,0,0,0,0,0,0,0,0,0,0,0,0,0,0,0,0,0,0,0,0,0,0
abk_KKRvsPBKS_image_43.jpg,0,4,0,0,0,0,0,0,0,4,4,0,0,0,0,0,0,4,4,4,4,0,0,0,4,4,4,4,4,0,0,0,4,4,4,4,4,0,0,0,4,4,4,4,4,0,0,0,0,4,4,4,4,0,0,0,0,4,4,4,4,0,0,0
abk_KKRvsPBKS_image_44.jpg,0,0,0,0,0,0,0,0,0,0,0,0,0,0,0,0,0,0,0,0,0,0,0,0,0,0,0,0,0,0,0,0,0,0,0,7,0,0,0,0,0,0,0,7,0,0,0,0,0,0,0,7,0,0,0,0,0,0,0,0,0,0,0,0
abk_KKRvsPBKS_image_45.jpg,0,0,0,0,0,0,0,0,0,0,0,7,0,0,0,0,0,0,0,7,0,0,0,0,0,0,0,7,0,0,0,0,0,0,0,7,7,0,0,0,0,0,0,7,0,0,0,0,0,0,0,0,0,0,0,0,0,0,0,0,0,0,0,0
abk_KKRvsPBKS_image_46.jpg,0,0,0,0,0,0,0,0,0,0,0,0,0,0,0,0,0,0,0,0,0,0,0,0,0,0,0,0,0,0,0,0,0,0,0,0,0,0,0,0,0,0,0,0,0,0,0,0,0,0,0,0,0,0,0,0,0,0,0,0,0,0,0,0
abk_KKRvsPBKS_image_47.jpg,0,0,0,0,0,0,0,0,0,0,0,0,4,4,0,0,0,0,0,4,4,4,0,0,0,0,0,4,4,4,0,0,0,0,0,4,4,4,0,0,0,0,0,4,4,4,0,0,0,0,0,4,4,4,0,0,0,0,0,0,0,0,0,0
abk_KKRvsPBKS_image_48.jpg,0,0,0,0,0,0,0,0,0,0,0,0,0,0,0,0,0,0,0,4,4,0,0,0,0,0,0,4,4,7,7,0,0,0,0,4,4,0,7,0,0,0,0,4,4,7,0,0,0,0,0,7,4,7,0,0,0,0,0,0,0,0,0,0
abk_KKRvsPBKS_image_49.jpg,0,0,0,0,0,0,0,0,0,0,0,0,0,0,0,0,0,0,0,0,0,0,0,0,0,0,0,0,0,7,0,0,0,4,4,0,0,7,0,0,0,4,4,0,0,7,0,0,0,4,4,0,0,7,7,0,0,0,0,0,0,0,0,0
abk_KKRvsPBKS_image_5.jpg,0,0,0,0,7,7,0,0,0,7,7,7,7,7,7,7,7,7,7,7,7,7,7,7,0,0,7,7,7,7,7,7,0,7,7,7,7,0,7,7,0,7,7,7,7,0,7,7,0,7,7,7,7,0,7,7,0,0,0,0,0,0,0,0
abk_KKRvsPBKS_image_50.jpg,0,0,0,0,0,0,0,0,0,0,0,0,0,0,0,0,0,0,0,0,0,0,0,0,0,0,0,0,0,0,0,0,0,0,0,0,0,0,0,0,0,0,0,0,0,0,0,0,0,0,0,0,0,0,0,0,0,0,0,0,0,0,0,0
abk_KKRvsPBKS_image_51.jpg,0,0,0,0,0,7,0,0,0,0,0,0,0,7,0,0,0,0,0,0,4,7,7,0,0,0,0,0,4,7,0,0,0,4,4,4,4,7,0,0,0,4,4,4,0,7,0,0,0,4,4,4,0,7,0,0,0,0,4,4,4,7,0,0
abk_KKRvsPBKS_image_52.jpg,0,0,0,0,0,0,0,0,0,0,0,0,0,0,0,0,0,0,0,0,0,0,0,0,0,0,0,0,0,0,0,0,0,7,0,0,4,4,0,0,7,7,0,0,4,4,0,0,7,7,0,0,4,4,0,0,0,0,0,0,0,0,0,0
abk_KKRvsPBKS_image_53.jpg,0,0,0,7,0,0,0,0,0,0,0,7,0,7,7,0,7,0,0,7,4,7,7,0,7,0,0,7,7,7,7,0,7,7,0,7,7,7,4,0,0,7,0,7,7,7,7,0,0,0,0,0,0,0,7,0,0,0,0,0,0,0,0,0
abk_KKRvsPBKS_image_54.jpg,0,0,0,0,0,0,0,0,0,0,0,0,0,0,0,0,0,0,0,0,0,0,0,0,0,0,0,0,0,0,0,0,0,0,0,0,0,0,0,0,0,0,0,0,0,0,0,0,0,0,0,0,0,0,0,0,0,0,0,0,0,0,0,0
abk_KKRvsPBKS_image_55.jpg,0,0,0,0,7,0,0,0,0,0,0,7,7,0,0,0,0,0,0,7,7,0,0,0,0,0,0,7,7,0,0,0,0,0,0,7,7,0,0,0,0,0,0,7,0,0,0,0,0,0,0,7,0,0,0,0,0,0,0,0,0,0,0,0
abk_KKRvsPBKS_image_56.jpg,0,0,0,0,0,0,0,0,0,0,0,0,0,0,0,0,0,0,0,4,4,0,0,0,0,0,0,4,4,0,0,0,0,0,0,4,4,0,0,0,0,0,0,4,4,0,0,0,0,0,0,4,0,0,0,0,0,0,0,0,0,0,0,0
abk_KKRvsPBKS_image_57.jpg,0,0,0,0,0,0,0,0,0,0,7,7,0,0,0,0,0,0,0,0,0,0,0,0,0,0,7,0,0,0,0,0,0,7,7,7,0,0,0,0,0,7,7,7,0,0,0,0,0,7,0,7,0,0,0,0,0,0,0,7,7,0,0,0
abk_KKRvsPBKS_image_58.jpg,0,0,0,0,0,0,0,0,0,0,0,0,0,0,0,0,0,0,0,0,0,0,0,0,0,0,0,0,0,0,0,0,0,0,0,0,0,0,0,0,0,0,0,0,0,0,0,0,0,0,0,0,0,0,0,0,0,0,0,0,0,0,0,0
abk_KKRvsPBKS_image_59.jpg,0,0,0,7,0,0,0,0,0,0,0,0,0,0,0,0,0,0,4,0,0,0,0,0,0,0,4,0,0,0,0,0,0,0,4,0,0,0,0,0,0,4,4,0,0,0,0,0,0,4,4,0,0,0,0,0,0,0,0,0,0,0,0,0
abk_KKRvsPBKS_image_6.jpg,0,0,0,0,0,0,0,0,0,0,0,0,0,0,0,0,0,0,0,7,7,7,7,0,0,0,7,0,7,7,7,0,0,0,7,0,7,7,0,0,0,0,7,0,7,7,0,0,0,0,7,0,7,7,0,0,0,0,7,0,7,7,0,0
abk_KKRvsPBKS_image_60.jpg,0,0,0,0,0,0,0,0,0,0,0,0,0,0,0,0,0,0,4,4,4,4,4,0,0,4,4,4,4,4,4,4,0,4,0,0,0,4,4,4,4,4,4,4,4,4,4,4,4,4,4,4,4,4,4,4,4,4,4,4,4,4,4,4
abk_KKRvsPBKS_image_61.jpg,0,0,0,0,0,0,0,0,0,0,0,0,0,0,0,0,0,0,0,0,0,0,0,0,0,0,0,0,0,0,0,0,0,0,0,0,0,0,0,0,0,0,0,0,0,0,0,0,0,0,0,0,0,0,0,0,0,0,0,0,0,0,0,0
abk_KKRvsPBKS_image_62.jpg,0,0,0,0,0,0,0,0,0,0,0,0,0,0,0,0,0,0,7,7,0,0,0,0,0,0,7,7,0,0,0,0,0,0,7,7,0,0,0,0,0,0,7,7,0,0,0,0,0,0,0,0,0,0,0,0,0,0,0,0,0,0,0,0
abk_KKRvsPBKS_image_63.jpg,0,0,0,0,0,0,0,0,0,0,0,0,0,0,0,0,0,0,0,0,7,0,0,0,0,0,7,7,7,0,0,0,0,7,7,7,7,7,0,0,0,7,7,7,7,7,0,0,0,0,7,7,7,7,0,0,0,0,7,7,7,0,0,0
abk_KKRvsPBKS_image_64.jpg,0,0,0,0,0,0,0,0,0,0,0,0,0,0,0,0,0,0,0,0,0,0,0,0,0,0,0,0,0,0,0,0,0,0,0,0,0,0,0,0,0,0,0,0,0,0,0,0,0,0,0,0,0,0,0,0,0,0,0,0,0,0,0,0
abk_KKRvsPBKS_image_65.jpg,0,0,0,0,0,0,0,0,0,0,0,0,0,0,0,0,0,0,0,4,4,4,0,0,0,0,0,4,4,4,0,0,0,0,0,4,4,0,0,0,0,0,0,4,4,0,0,0,0,0,0,4,4,0,0,0,0,0,0,4,4,0,0,0
abk_KKRvsPBKS_image_66.jpg,0,0,0,0,0,0,0,0,0,0,0,0,0,0,0,0,0,0,0,0,0,0,0,0,0,0,0,0,0,0,0,0,0,7,7,0,0,0,0,0,0,0,0,0,0,0,0,0,0,7,7,0,0,0,0,0,0,7,7,0,0,0,0,0
abk_KKRvsPBKS_image_67.jpg,0,0,0,0,0,0,0,0,4,4,4,0,0,0,0,0,4,4,4,7,0,0,0,0,4,4,4,4,0,0,0,0,0,0,0,0,0,0,0,0,0,0,0,0,0,0,0,0,0,0,0,0,0,0,0,0,0,0,0,0,0,0,0,0
abk_KKRvsPBKS_image_68.jpg,0,0,0,0,0,0,0,0,0,0,0,0,0,7,7,0,0,0,0,0,0,0,0,0,0,7,7,7,7,7,7,7,0,0,7,7,7,7,7,7,0,0,7,7,7,7,7,7,0,0,7,7,0,7,7,7,0,0,7,4,0,7,7,7
abk_KKRvsPBKS_image_69.jpg,0,0,0,0,0,0,0,0,0,0,0,0,0,0,0,0,0,0,0,0,0,0,0,0,0,0,0,0,0,0,0,0,0,0,0,0,0,0,0,0,0,0,0,0,0,0,0,0,0,0,0,0,0,0,0,0,0,0,0,0,0,0,0,0
abk_KKRvsPBKS_image_7.jpg,0,0,0,0,0,0,0,0,0,0,0,0,0,0,0,0,0,0,7,0,0,0,0,0,0,0,0,0,0,0,0,0,0,0,0,0,0,0,0,0,0,0,7,7,0,0,0,0,0,0,7,7,0,0,0,0,0,0,7,7,0,0,0,0
abk_KKRvsPBKS_image_70.jpg,0,0,0,0,0,0,0,0,0,0,0,4,0,4,4,0,0,0,4,4,4,4,4,0,0,4,4,4,4,7,4,0,0,7,4,4,0,4,4,0,4,4,4,4,0,4,4,0,4,4,4,4,0,4,4,0,0,4,4,5,0,4,4,0
abk_KKRvsPBKS_image_71.jpg,0,0,0,0,0,0,0,0,0,0,0,0,0,0,0,0,0,0,0,0,0,0,0,0,0,0,0,0,0,0,0,0,0,0,0,0,0,0,0,0,0,0,0,0,0,0,0,0,0,0,0,0,0,0,0,0,0,0,0,0,0,0,0,0
abk_KKRvsPBKS_image_72.jpg,0,0,0,0,0,0,0,0,0,0,0,0,7,0,0,0,0,0,0,0,7,0,4,0,0,0,0,0,7,7,4,0,0,0,0,0,7,7,7,0,0,0,0,0,7,0,7,0,0,0,0,0,7,0,7,0,0,0,0,0,0,0,0,0
abk_KKRvsPBKS_image_73.jpg,0,0,0,0,0,0,0,0,0,4,0,0,0,0,0,0,0,4,0,0,0,7,0,0,4,0,0,4,4,7,0,0,4,4,0,4,4,7,0,0,4,4,0,4,7,7,7,0,4,0,0,4,7,0,7,0,0,0,0,0,0,0,0,0
abk_KKRvsPBKS_image_74.jpg,0,0,0,0,0,0,0,0,0,7,0,0,0,0,4,0,0,7,0,0,4,4,4,0,0,7,0,0,4,0,4,0,0,7,0,0,4,0,4,0,0,0,7,0,4,0,4,0,0,0,7,0,4,0,4,0,0,0,0,0,0,0,0,0
abk_KKRvsPBKS_image_75.jpg,0,0,0,0,0,0,0,0,0,0,0,0,0,0,4,0,0,7,0,7,0,0,4,0,0,7,7,7,0,0,4,4,7,7,7,7,0,0,4,4,7,7,7,7,0,0,4,4,7,7,7,0,0,0,7,4,7,7,7,4,0,0,7,7
abk_KKRvsPBKS_image_76.jpg,0,0,0,0,0,0,0,0,0,0,0,0,0,0,0,0,0,0,7,0,0,0,0,0,0,0,7,7,0,0,0,0,0,0,0,7,0,0,0,0,0,0,0,7,7,0,0,0,0,0,7,7,7,0,0,0,0,0,0,0,0,0,0,0
abk_KKRvsPBKS_image_77.jpg,0,0,0,0,0,0,0,0,0,0,0,7,0,0,0,0,0,0,0,7,0,0,0,0,0,0,0,7,0,0,0,0,0,0,0,7,7,0,0,0,0,0,0,7,7,7,0,0,0,0,0,7,7,0,0,0,0,0,0,0,0,0,0,0
abk_KKRvsPBKS_image_78.jpg,0,0,0,0,0,0,0,0,0,0,0,0,0,0,0,0,0,0,0,0,0,0,0,0,0,0,0,0,0,0,0,0,0,0,0,0,0,0,0,0,0,0,0,0,0,0,0,0,0,0,0,0,0,0,0,0,0,0,0,0,0,0,0,0
abk_KKRvsPBKS_image_79.jpg,0,0,0,0,0,0,0,0,7,7,0,0,0,4,0,0,0,0,0,4,4,4,0,0,0,4,7,0,4,4,4,0,0,4,4,4,4,4,4,0,0,4,4,4,4,4,4,0,0,4,4,4,4,4,4,0,0,0,4,4,4,4,0,0
abk_KKRvsPBKS_image_8.jpg,0,0,0,0,0,0,0,0,0,0,7,7,0,7,0,0,7,7,7,7,7,7,4,7,7,7,7,0,7,0,0,7,7,7,7,7,0,7,4,7,7,7,7,7,7,7,0,7,7,7,7,7,0,7,0,7,0,0,0,0,0,0,0,0
abk_KKRvsPBKS_image_80.jpg,0,0,0,0,0,0,0,0,0,0,0,7,7,0,0,0,0,0,0,7,0,0,0,0,0,0,0,0,7,7,0,0,0,0,0,0,7,7,0,0,0,0,0,0,7,7,0,0,0,0,0,0,7,7,0,0,0,0,0,0,0,7,0,0
abk_KKRvsPBKS_image_81.jpg,0,0,0,0,0,0,0,0,0,0,0,0,0,0,0,0,0,0,0,0,0,0,0,0,0,0,0,0,0,0,0,0,0,0,0,0,0,0,0,0,0,0,0,0,0,0,0,0,0,0,0,0,0,0,0,0,0,0,0,0,0,0,0,0
abk_KKRvsPBKS_image_82.jpg,0,0,0,0,0,0,0,0,0,0,0,0,0,0,0,0,0,0,0,0,0,0,0,0,0,0,0,4,0,0,0,0,0,0,0,4,4,0,0,0,0,0,0,4,4,0,0,0,0,0,0,4,4,0,0,0,0,0,0,0,0,0,0,0
abk_KKRvsPBKS_image_83.jpg,0,0,0,0,0,0,0,0,0,0,0,0,0,0,0,0,0,0,0,0,0,0,0,0,0,0,0,0,0,0,0,0,0,0,0,0,0,0,0,0,0,0,0,0,0,0,0,0,0,0,0,0,0,0,0,0,0,0,0,0,0,0,0,0
abk_KKRvsPBKS_image_84.jpg,0,0,0,0,0,0,0,0,0,0,0,0,0,0,0,0,0,0,0,0,7,7,7,0,7,7,0,0,7,7,7,0,7,7,0,0,7,7,7,0,7,7,0,0,7,7,7,0,7,7,0,0,7,7,7,0,7,7,0,0,7,7,7,0
abk_KKRvsPBKS_image_85.jpg,0,0,0,0,0,0,0,0,0,0,0,0,0,0,0,0,0,0,0,0,0,0,0,0,0,0,0,0,0,7,0,0,0,0,0,0,0,7,0,0,0,0,0,0,0,7,7,0,0,0,0,0,0,7,7,0,0,0,0,0,0,0,0,0
abk_KKRvsPBKS_image_86.jpg,0,0,0,0,0,0,0,0,0,0,0,0,0,0,0,0,0,7,0,0,0,0,0,0,7,7,7,0,0,0,4,0,0,7,7,7,0,0,4,0,7,0,7,7,0,4,4,0,0,0,0,0,0,0,0,0,0,0,0,0,0,0,0,0
abk_KKRvsPBKS_image_87.jpg,0,0,0,0,0,0,0,0,0,0,0,4,0,0,0,0,0,0,4,4,0,0,0,0,0,0,4,4,0,0,0,0,0,0,4,4,0,0,0,0,0,0,4,4,0,0,0,0,0,0,4,0,0,0,0,0,0,0,0,0,0,0,0,0
abk_KKRvsPBKS_image_88.jpg,0,0,0,0,0,0,0,0,0,0,0,0,4,0,0,0,0,0,0,0,4,0,0,0,0,0,0,0,4,0,0,0,0,0,0,0,4,0,0,0,0,0,0,0,4,0,0,0,0,0,0,0,0,0,0,0,0,0,0,0,0,0,0,0
abk_KKRvsPBKS_image_89.jpg,0,0,0,0,0,0,0,0,0,0,0,0,0,0,7,0,0,0,0,0,0,0,7,0,0,0,0,0,0,7,7,0,0,0,0,0,0,0,7,0,0,0,0,0,0,7,7,0,0,0,0,0,0,7,7,0,0,0,0,0,0,0,0,0
abk_KKRvsPBKS_image_9.jpg,0,0,0,0,0,0,0,0,0,0,0,0,0,0,0,0,0,0,0,0,0,0,0,0,0,0,0,0,0,0,0,0,0,0,0,0,0,0,0,0,0,0,0,0,0,0,0,0,0,0,0,0,0,0,0,0,0,0,0,0,0,0,0,0
abk_KKRvsPBKS_image_90.jpg,0,0,0,0,0,0,0,0,0,0,0,7,7,0,0,0,0,0,7,7,7,0,0,0,0,0,0,7,7,0,0,0,0,0,0,7,7,0,0,0,0,0,7,7,7,0,0,0,0,0,0,0,7,0,0,0,0,0,0,0,0,0,0,0
abk_KKRvsPBKS_image_91.jpg,0,0,0,0,0,0,0,0,0,4,4,0,0,0,0,0,0,4,0,0,0,7,7,0,0,4,4,0,0,7,7,0,0,4,7,0,0,7,0,0,0,7,0,0,0,7,0,0,0,0,0,0,7,7,7,0,0,0,0,0,0,0,0,0
abk_KKRvsPBKS_image_92.jpg,0,4,4,0,0,0,0,0,0,4,0,0,0,0,0,0,0,0,0,0,0,0,0,0,4,7,0,0,0,0,0,0,4,4,4,0,0,0,0,0,4,4,4,0,0,0,0,0,4,4,4,0,0,0,0,0,4,4,4,0,0,0,0,0
abk_KKRvsPBKS_image_93.jpg,0,0,0,0,0,0,0,0,0,0,0,0,0,0,0,0,0,0,0,0,0,0,0,0,0,0,0,0,0,0,0,0,0,0,0,0,0,0,0,0,0,0,7,0,0,0,0,0,0,0,7,7,0,0,0,0,0,0,7,7,7,4,4,0
abk_KKRvsPBKS_image_94.jpg,0,0,0,0,0,0,0,0,0,0,0,0,0,0,0,0,0,0,0,0,0,0,0,0,0,0,0,0,0,0,0,0,0,0,0,0,0,0,0,0,0,0,0,0,0,0,0,0,0,0,0,0,0,0,0,0,0,0,0,0,0,0,0,0
abk_KKRvsPBKS_image_95.jpg,0,0,0,0,0,0,0,0,0,0,0,7,7,0,0,0,0,7,7,7,7,0,0,0,0,7,7,7,7,7,0,0,0,7,7,7,7,7,0,0,0,0,7,7,7,0,0,0,0,0,7,7,7,0,0,0,0,0,7,7,7,0,0,0
abk_KKRvsPBKS_image_96.jpg,0,0,0,0,0,0,0,0,0,0,0,0,0,0,0,0,0,0,0,0,0,0,0,0,0,0,0,0,0,0,0,0,0,0,0,0,0,0,0,0,0,0,0,0,0,0,0,0,0,0,0,0,0,0,0,0,0,0,0,0,0,0,0,0
abk_KKRvsPBKS_image_97.jpg,0,0,0,0,0,0,0,0,0,4,0,0,0,7,7,0,0,4,4,0,0,0,7,0,0,4,4,0,0,0,7,0,4,4,4,0,0,0,7,0,4,0,4,0,0,0,7,0,4,0,4,0,0,7,7,0,0,0,0,0,0,0,0,0
abk_KKRvsPBKS_image_98.jpg,0,0,0,7,0,0,0,0,0,0,0,7,0,0,0,0,0,4,0,7,0,0,0,0,0,0,4,7,0,0,0,0,0,0,4,7,7,0,0,0,0,0,4,0,7,0,4,0,0,0,0,0,0,0,7,0,0,0,0,0,0,0,0,0
abk_KKRvsPBKS_image_99.jpg,0,0,0,0,0,0,0,0,0,0,4,0,0,0,0,0,0,4,4,0,0,0,0,0,0,4,4,0,4,7,0,0,0,4,4,7,7,7,0,0,0,4,4,7,7,7,0,0,0,4,0,7,7,7,0,0,0,0,0,0,0,0,0,0
IPL-2026-CSK-DC-4-KSK.jpg,0,0,0,0,0,0,0,0,0,0,0,0,0,0,0,0,0,0,0,1,0,0,0,0,0,0,0,1,1,1,0,0,0,0,1,1,1,1,0,0,0,0,0,1,1,1,0,0,0,0,0,0,1,1,0,0,0,0,0,0,0,0,0,0
IPL-2026-CSK-DC-40-KSK.jpg,0,0,0,0,0,0,0,0,0,0,0,0,0,0,0,0,1,1,0,1,1,1,0,1,0,1,0,1,1,1,1,1,0,1,0,1,1,1,0,1,1,1,0,1,1,1,0,1,0,1,0,1,0,0,0,0,0,0,0,0,0,0,0,0
IPL-2026-CSK-DC-41-KSK.jpg,0,0,0,0,0,0,0,0,0,0,0,0,0,0,0,0,0,0,0,0,2,2,0,0,0,0,0,0,2,2,0,0,0,0,0,0,2,0,0,0,0,0,0,2,2,0,0,0,0,0,0,2,0,0,0,0,0,0,0,0,0,0,0,0
IPL-2026-CSK-DC-42-KSK.jpg,0,0,0,0,0,0,0,0,0,0,0,1,0,0,0,0,0,0,0,1,1,0,0,0,0,0,0,1,0,0,0,0,0,0,0,1,1,0,0,0,0,0,0,1,1,0,0,0,0,0,0,1,1,0,0,0,0,0,0,0,0,0,0,0
IPL-2026-CSK-DC-43-KSK.jpg,0,0,0,0,0,0,0,0,0,0,0,0,0,0,0,0,0,0,0,0,1,0,0,0,0,0,0,1,1,0,0,0,0,0,0,1,0,0,0,0,0,0,0,1,0,0,0,0,0,0,0,1,0,0,0,0,0,0,0,0,0,0,0,0
IPL-2026-CSK-DC-44-KSK.jpg,0,0,0,0,0,0,0,0,0,0,1,0,0,0,0,0,0,1,1,0,0,0,1,0,0,1,1,0,0,0,1,0,0,1,1,0,0,0,1,0,0,1,1,0,0,0,1,0,0,1,1,0,0,1,1,0,0,0,0,0,0,0,0,0
IPL-2026-CSK-DC-45-KSK.jpg,0,0,0,0,0,0,1,0,0,0,0,0,0,0,1,1,0,0,0,0,0,0,1,1,0,0,0,1,0,0,1,1,0,0,1,1,1,0,1,1,0,0,1,1,0,0,1,1,0,0,1,1,0,0,1,1,0,0,1,1,0,0,0,0
mmb_SRH_vs_RCB_1.jpg,0,0,0,0,0,0,0,0,0,0,0,10,0,10,0,0,0,0,10,10,0,10,0,0,0,0,10,10,10,10,0,0,0,0,10,10,0,10,0,0,0,0,0,0,0,0,0,0,0,0,0,0,0,0,0,0,0,0,0,0,0,0,0,0
mmb_SRH_vs_RCB_10.jpg,0,0,0,0,0,0,0,0,0,0,0,0,0,0,0,0,0,0,0,0,0,0,0,0,0,0,0,10,10,0,0,0,0,0,0,10,10,10,0,0,0,0,0,10,10,0,0,0,0,0,0,0,10,0,0,0,0,0,0,0,0,0,0,0
mmb_SRH_vs_RCB_11.jpg,0,0,0,0,0,0,0,0,0,0,0,0,9,0,0,0,0,0,0,0,9,9,0,0,0,0,0,0,9,0,0,0,0,0,0,0,9,0,0,0,0,0,0,0,9,0,0,0,0,0,0,0,0,0,0,0,0,0,0,0,0,0,0,0
mmb_SRH_vs_RCB_12.jpg,0,0,0,0,0,0,0,0,0,0,0,9,0,0,0,0,0,0,0,9,9,0,0,0,0,0,0,9,9,0,0,0,0,0,0,9,0,0,0,0,0,0,0,0,0,0,0,0,0,0,0,0,0,0,0,0,0,0,0,0,0,0,0,0
mmb_SRH_vs_RCB_13.jpg,0,0,0,0,0,0,0,0,0,0,0,0,10,10,0,0,0,0,10,0,0,10,0,0,0,0,0,10,10,10,0,0,0,0,0,10,0,0,0,0,0,0,0,10,0,0,0,0,0,0,0,0,0,0,0,0,0,0,0,0,0,0,0,0
mmb_SRH_vs_RCB_14.jpg,0,0,0,0,0,0,0,0,0,0,0,0,0,0,0,0,0,0,0,0,10,0,0,0,0,0,0,0,0,0,0,0,9,9,0,10,10,0,0,0,0,9,0,10,10,0,0,0,0,0,0,10,10,0,0,0,0,0,0,0,0,0,0,0
mmb_SRH_vs_RCB_15.jpg,0,0,0,0,0,0,0,0,0,0,0,0,0,0,0,0,0,0,0,0,0,0,0,0,0,0,0,10,0,0,0,0,0,0,0,10,10,0,0,0,0,0,0,0,0,0,0,0,0,0,0,0,0,0,0,0,0,0,0,0,0,0,0,0
mmb_SRH_vs_RCB_16.jpg,0,0,0,0,0,0,0,0,0,0,0,0,0,0,0,0,0,0,0,0,10,0,0,0,0,0,9,9,10,0,0,0,0,0,9,0,10,0,0,0,0,0,0,0,0,0,0,0,0,0,0,0,0,0,0,0,0,0,0,0,0,0,0,0
mmb_SRH_vs_RCB_17.jpg,0,0,0,0,0,0,0,0,0,0,0,0,0,0,0,0,0,0,0,0,0,0,0,0,0,0,0,9,9,0,0,0,0,0,0,9,9,0,0,0,0,0,9,0,0,9,0,0,0,0,9,0,9,9,0,0,0,0,9,0,0,0,0,0
mmb_SRH_vs_RCB_18.jpg,0,0,0,0,0,0,0,0,0,0,0,10,10,0,0,0,0,0,9,10,10,0,0,0,0,0,9,10,0,0,0,0,0,9,9,0,0,0,0,0,0,0,0,0,0,0,0,0,0,0,0,0,0,0,0,0,0,0,0,0,0,0,0,0
mmb_SRH_vs_RCB_19.jpg,0,0,0,0,0,0,0,0,0,0,0,10,10,0,0,0,0,0,0,10,10,0,0,0,0,0,0,10,10,0,0,0,0,0,0,10,0,0,0,0,0,0,0,0,0,0,0,0,0,0,0,0,0,0,0,0,0,0,0,0,0,0,0,0
mmb_SRH_vs_RCB_2.jpg,0,0,0,0,0,0,0,0,0,0,0,0,9,0,0,0,0,0,0,0,9,9,0,0,0,0,0,0,9,9,0,0,0,0,0,0,9,9,0,0,0,0,0,0,0,0,0,0,0,0,0,0,0,0,0,0,0,0,0,0,0,0,0,0
mmb_SRH_vs_RCB_20.jpg,0,0,0,0,0,0,0,0,0,0,10,0,10,0,0,0,0,0,0,10,10,0,0,0,0,0,10,10,10,0,0,0,0,0,10,0,10,0,0,0,0,0,0,0,0,0,0,0,0,0,0,0,0,0,0,0,0,0,0,0,0,0,0,0
mmb_SRH_vs_RCB_21.jpg,0,0,0,0,0,0,0,0,0,9,0,0,0,0,0,0,0,9,9,9,9,9,9,0,0,9,9,9,9,9,9,0,0,0,0,9,9,0,9,0,0,0,0,0,0,0,0,0,0,0,0,0,0,0,0,0,0,0,0,0,0,0,0,0
mmb_SRH_vs_RCB_22.jpg,0,0,0,0,0,0,0,0,0,0,0,0,0,0,0,0,0,0,0,9,0,0,0,0,0,0,0,9,0,0,0,0,0,0,0,0,0,0,0,0,0,0,0,0,0,0,0,0,0,0,9,0,0,0,0,0,0,0,0,0,0,0,0,0
mmb_SRH_vs_RCB_23.jpg,0,0,0,0,0,0,0,0,0,0,0,0,0,0,0,0,0,0,0,9,9,0,0,0,0,0,0,0,9,0,0,0,0,0,0,0,9,0,0,0,0,0,0,0,0,0,0,0,0,0,0,0,0,0,0,0,0,0,0,0,0,0,0,0
mmb_SRH_vs_RCB_24.jpg,0,0,10,0,0,0,0,0,0,0,10,9,9,0,0,0,0,0,10,9,9,0,0,0,0,0,10,9,9,0,0,0,0,0,0,0,9,0,0,0,0,0,0,0,0,0,0,0,0,0,0,0,0,0,0,0,0,0,0,0,0,0,0,0
mmb_SRH_vs_RCB_25.jpg,0,0,0,0,0,0,0,0,0,0,0,0,0,0,0,0,0,0,0,0,0,0,0,0,0,0,0,0,0,0,0,0,0,0,0,0,0,0,0,0,0,0,0,0,9,0,0,0,0,0,9,9,9,0,0,0,0,0,0,0,0,0,0,0
mmb_SRH_vs_RCB_26.jpg,0,0,0,0,0,0,0,0,0,0,0,0,0,0,0,0,0,0,0,9,9,0,0,0,0,0,0,9,0,0,0,0,0,0,0,9,0,0,0,0,0,0,0,0,0,0,0,0,0,0,0,0,0,0,0,0,0,0,0,0,0,0,0,0
mmb_SRH_vs_RCB_27.jpg,0,0,0,0,0,0,0,0,0,0,0,0,0,0,0,0,0,0,0,0,0,0,0,0,0,0,0,0,0,0,0,0,0,0,10,0,9,0,0,0,0,0,10,0,9,0,0,0,0,0,0,0,0,0,0,0,0,0,0,0,0,0,0,0
mmb_SRH_vs_RCB_28.jpg,0,0,0,0,0,0,0,0,0,0,0,10,0,0,0,0,0,0,0,10,0,0,0,0,0,0,0,0,9,9,0,0,0,0,10,10,0,0,0,0,0,0,10,10,0,9,9,0,0,0,10,10,9,9,9,0,0,0,10,10,9,9,9,0
mmb_SRH_vs_RCB_29.jpg,0,0,0,0,0,0,0,0,0,0,0,0,0,0,0,0,0,0,10,0,0,0,0,0,0,0,0,0,0,0,9,9,0,10,10,0,0,0,9,9,0,10,10,0,0,0,9,9,0,0,10,0,0,0,9,9,0,0,0,0,0,0,0,0
mmb_SRH_vs_RCB_3.jpg,0,0,0,0,0,0,0,0,0,0,9,0,0,0,0,0,0,9,9,0,0,0,0,0,0,9,9,0,0,0,0,0,0,0,9,0,0,0,0,0,0,0,0,0,0,0,0,0,0,0,0,0,0,0,0,0,0,0,0,0,0,0,0,0
mmb_SRH_vs_RCB_30.jpg,0,0,0,0,0,0,0,0,0,0,0,0,0,0,0,0,0,0,10,0,0,0,0,0,0,0,0,10,0,0,0,0,0,0,0,10,0,0,0,0,0,0,0,10,0,0,0,0,0,0,0,0,0,0,0,0,0,0,0,0,0,0,0,0
mmb_SRH_vs_RCB_4.jpg,0,0,0,0,0,0,0,0,0,0,0,0,0,0,0,0,0,0,0,0,9,9,0,0,0,0,0,0,0,0,0,0,0,0,0,9,9,9,0,0,0,0,0,9,9,9,0,0,0,0,0,9,9,0,0,0,0,0,0,0,0,0,0,0
mmb_SRH_vs_RCB_5.jpg,0,0,0,0,0,0,0,0,0,0,10,0,10,10,0,0,0,0,10,0,10,10,10,0,0,0,10,0,10,10,10,0,0,0,10,0,10,0,0,0,0,0,0,0,0,0,0,0,0,0,0,0,0,0,0,0,0,0,0,0,0,0,0,0
mmb_SRH_vs_RCB_6.jpg,0,0,0,0,10,0,0,0,0,0,0,10,10,0,10,0,0,10,10,10,0,0,10,0,0,10,0,0,10,10,10,0,0,10,0,0,10,10,0,0,0,0,0,0,0,0,0,0,0,0,0,0,0,0,0,0,0,0,0,0,0,0,0,0
mmb_SRH_vs_RCB_7.jpg,0,0,0,0,0,0,0,0,0,0,0,0,0,0,0,0,0,0,0,0,9,0,0,0,0,0,0,10,9,0,0,0,0,0,10,0,9,0,0,0,0,0,0,0,0,0,0,0,0,0,0,0,0,0,0,0,0,0,0,0,0,0,0,0
mmb_SRH_vs_RCB_8.jpg,0,0,0,0,0,0,0,0,0,0,0,10,0,9,0,0,0,0,0,10,9,9,0,0,0,0,10,10,9,9,0,0,0,0,0,0,9,0,0,0,0,0,0,0,0,0,0,0,0,0,0,0,0,0,0,0,0,0,0,0,0,0,0,0
mmb_SRH_vs_RCB_9.jpg,0,0,0,9,0,0,0,0,0,0,0,0,9,0,0,0,0,0,0,0,9,0,0,0,0,0,0,0,9,0,0,0,0,0,0,0,9,0,0,0,0,0,0,0,0,0,0,0,0,0,0,0,0,0,0,0,0,0,0,0,0,0,0,0
mmb_RCB_vs_MI_1.jpg,0,0,0,0,0,0,0,0,0,0,0,0,0,0,0,0,0,0,9,9,9,9,0,0,0,0,9,9,9,9,9,0,0,0,9,9,9,9,9,0,0,0,9,9,9,9,0,0,0,0,0,0,0,0,0,0,0,0,0,0,0,0,0,0
mmb_RCB_vs_MI_10.jpg,0,0,9,0,0,0,0,0,0,0,9,0,0,0,0,0,0,0,9,0,0,0,0,0,0,0,9,9,0,0,0,0,0,0,0,9,0,0,0,0,0,0,0,0,0,0,0,0,0,0,0,0,0,0,0,0,0,0,0,0,0,0,0,0
mmb_RCB_vs_MI_11.jpg,0,0,0,0,0,0,0,0,0,9,0,0,0,0,0,0,0,9,0,0,0,0,0,0,0,9,9,0,0,0,0,0,0,9,9,0,0,0,0,0,0,9,9,0,0,0,0,0,0,0,9,0,0,0,0,0,0,0,9,9,0,0,0,0
mmb_RCB_vs_MI_12.jpg,0,0,0,0,0,0,0,0,0,0,0,0,9,0,0,0,0,0,0,0,0,0,0,0,0,0,0,0,9,9,0,0,0,0,0,0,9,9,0,0,0,0,0,0,0,9,9,0,0,0,0,0,0,9,9,0,0,0,0,0,0,0,0,0
mmb_RCB_vs_MI_13.jpg,0,0,0,0,0,0,0,0,0,0,0,0,0,0,0,0,0,0,9,0,9,9,0,0,0,0,9,0,0,9,0,0,0,0,9,0,0,9,0,0,0,0,0,0,0,0,0,0,0,0,0,0,0,0,0,0,0,0,0,0,0,0,0,0
mmb_RCB_vs_MI_14.jpg,0,0,0,0,0,0,0,0,0,0,0,0,9,9,0,0,0,0,9,0,0,0,0,0,0,0,9,0,9,9,0,0,0,0,9,0,0,9,0,0,0,0,9,0,0,9,0,0,0,0,9,0,0,0,0,0,0,0,0,0,0,0,0,0
mmb_RCB_vs_MI_2.jpg,0,0,0,0,0,0,0,0,0,9,0,0,9,9,0,0,0,9,0,0,0,9,0,0,0,9,0,0,0,9,0,0,0,9,0,0,9,9,0,0,0,0,0,0,0,0,0,0,0,0,0,0,0,0,0,0,0,0,0,0,0,0,0,0
mmb_RCB_vs_MI_3.jpg,0,0,0,0,0,0,0,0,0,0,9,9,0,0,0,0,0,0,9,9,9,0,0,0,0,0,9,9,9,0,0,0,0,0,9,9,9,0,0,0,0,0,0,0,0,0,0,0,0,0,0,0,0,0,0,0,0,0,0,0,0,0,0,0
mmb_RCB_vs_MI_4.jpg,0,0,0,0,0,0,0,0,0,0,0,0,0,9,0,0,0,9,0,9,9,9,0,0,0,9,0,9,0,9,0,0,0,9,0,9,0,9,0,0,0,0,9,9,0,0,0,0,0,0,0,0,0,0,0,0,0,0,0,0,0,0,0,0
mmb_RCB_vs_MI_5.jpg,0,0,0,0,0,0,0,0,0,0,0,0,0,0,0,0,0,0,0,9,9,0,0,0,0,0,0,9,9,0,0,0,0,0,0,9,9,0,0,0,0,0,0,9,0,0,0,0,0,0,0,0,0,0,0,0,0,0,0,0,0,0,0,0
mmb_RCB_vs_MI_6.jpg,0,0,0,0,0,0,0,0,0,0,0,0,0,0,0,0,0,0,9,0,9,9,0,0,0,0,0,9,9,9,0,0,0,0,9,9,9,9,0,0,0,0,9,9,9,9,0,0,0,0,0,9,9,9,0,0,0,0,0,0,0,0,0,0
mmb_RCB_vs_MI_7.jpg,0,0,0,0,0,0,0,0,0,0,0,0,0,0,0,0,0,0,0,0,0,0,0,0,0,0,0,9,0,0,0,0,0,0,0,9,9,0,0,0,0,0,0,9,9,0,0,0,0,0,0,9,9,0,0,0,0,0,0,9,0,0,0,0
mmb_RCB_vs_MI_8.jpg,0,0,0,0,0,0,0,0,0,0,0,0,0,0,0,0,0,0,0,9,0,0,0,0,0,0,0,9,0,0,0,0,0,0,0,9,0,0,0,0,0,0,0,0,9,0,0,0,0,0,0,0,9,0,0,0,0,0,0,0,0,0,0,0
mmb_RCB_vs_MI_9.jpg,0,0,0,0,0,0,0,0,0,0,0,0,0,0,0,0,0,0,0,0,9,0,0,0,0,0,0,9,9,0,0,0,0,0,0,9,9,0,0,0,0,0,0,9,9,0,0,0,0,0,9,9,0,0,0,0,0,0,9,9,0,0,0,0
mmb_SRH_VS_KKR_1.jpg,0,0,0,0,0,0,0,0,0,0,0,4,0,0,0,0,0,0,0,4,4,0,0,0,0,0,0,4,0,0,0,0,0,0,0,4,0,10,0,0,0,0,0,0,0,0,0,0,0,0,0,0,0,0,0,0,0,0,0,0,0,0,0,0
mmb_SRH_VS_KKR_10.jpg,0,0,10,0,0,0,0,0,0,0,10,0,0,0,0,0,0,10,10,10,4,4,0,0,0,0,10,10,4,4,0,0,0,0,10,0,4,4,0,0,0,0,10,0,4,4,0,0,0,0,10,0,4,4,0,0,0,0,10,0,4,4,0,0
mmb_SRH_VS_KKR_11.jpg,0,0,10,0,0,0,0,0,0,10,0,0,0,0,0,0,0,10,10,0,0,4,0,0,0,10,0,0,0,4,0,0,0,0,10,0,0,4,0,0,0,0,10,0,0,4,0,0,0,0,0,0,0,0,0,0,0,0,0,0,0,0,0,0
mmb_SRH_VS_KKR_12.jpg,0,0,0,10,0,0,0,0,0,0,0,0,0,0,0,0,0,0,10,10,0,0,0,0,0,0,10,10,0,4,0,0,0,0,10,10,4,4,0,0,0,0,10,0,4,4,0,0,0,0,10,10,4,4,0,0,0,0,0,0,4,4,0,0
mmb_SRH_VS_KKR_13.jpg,0,0,0,0,0,0,0,0,0,10,10,0,0,0,4,0,0,10,0,0,0,0,0,0,0,10,10,0,0,0,4,0,0,10,10,0,0,4,4,0,0,10,10,0,0,4,4,0,0,10,0,0,0,0,4,0,0,0,0,0,0,4,4,0
mmb_SRH_VS_KKR_14.jpg,0,0,0,0,0,0,0,0,0,0,0,0,10,0,0,0,0,0,0,10,10,0,0,0,0,0,0,10,10,4,0,0,0,0,0,0,10,4,0,0,0,0,0,0,0,0,0,0,0,0,0,0,0,0,0,0,0,0,0,0,0,0,0,0
mmb_SRH_VS_KKR_15.jpg,0,0,0,0,0,0,0,0,0,0,0,0,0,0,0,0,0,0,0,0,0,10,0,0,0,0,4,4,0,0,0,0,0,0,4,0,10,10,0,0,0,4,4,4,10,10,0,0,0,4,4,0,10,10,0,0,0,4,4,0,0,0,0,0
mmb_SRH_VS_KKR_2.jpg,0,0,0,0,0,0,0,0,0,0,0,4,0,0,0,0,0,0,0,0,0,10,0,0,0,0,10,4,4,10,0,0,0,0,10,0,4,10,0,0,0,0,0,0,4,0,0,0,0,0,0,0,0,0,0,0,0,0,0,0,0,0,0,0
mmb_SRH_VS_KKR_3.jpg,0,0,0,0,0,0,0,0,0,0,0,10,0,0,0,0,0,0,0,10,0,0,0,0,0,0,4,10,0,0,0,0,0,0,4,10,0,0,0,0,0,0,4,10,0,0,0,0,0,0,0,10,0,0,0,0,0,0,0,0,0,0,0,0
mmb_SRH_VS_KKR_4.jpg,0,0,4,4,0,0,0,0,0,0,4,4,0,0,10,0,0,0,4,4,0,0,10,0,0,0,4,4,0,0,10,0,0,0,4,4,0,0,0,0,0,0,4,4,0,10,0,0,0,0,0,0,0,0,0,0,0,0,0,0,0,0,0,0
mmb_SRH_VS_KKR_5.jpg,0,0,0,0,0,0,0,0,0,0,10,0,0,0,0,0,0,10,10,10,0,0,0,0,0,10,10,10,10,0,0,0,0,0,10,10,10,0,0,0,0,0,10,10,10,0,0,0,0,0,10,10,10,0,0,0,0,0,10,10,10,0,0,0
mmb_SRH_VS_KKR_6.jpg,0,0,0,0,0,0,0,0,0,0,0,0,0,0,0,0,0,0,0,0,0,0,0,0,0,0,10,10,10,0,0,0,0,0,10,0,10,0,0,0,0,0,10,10,10,0,0,0,0,0,10,10,10,0,0,0,0,0,10,10,10,0,0,0
mmb_SRH_VS_KKR_7.jpg,0,0,0,0,0,0,0,0,0,10,0,0,0,0,0,0,0,10,10,10,0,10,10,10,10,10,10,10,0,0,10,10,10,10,10,0,0,0,10,10,10,10,10,0,0,0,10,10,10,10,10,0,0,0,10,10,0,10,10,0,0,0,0,0
mmb_SRH_VS_KKR_8.jpg,0,0,0,0,10,0,0,0,0,4,0,10,10,0,0,0,4,4,0,10,10,10,0,0,4,4,0,10,10,10,0,0,4,4,0,0,0,10,0,0,4,4,0,0,0,10,0,0,0,0,0,0,0,0,0,0,0,0,0,0,0,0,0,0
mmb_SRH_VS_KKR_9.jpg,0,0,0,0,0,0,0,0,0,0,0,0,0,10,0,0,0,10,10,0,10,10,0,0,0,10,10,0,10,10,0,0,0,10,10,0,10,10,0,0,0,0,10,0,10,10,0,0,0,0,10,0,0,10,0,0,0,0,0,0,0,0,0,0
mmb-srh-vs-csk-1.jpg,0,0,0,0,0,0,0,0,0,0,10,0,0,0,0,0,0,0,0,10,0,0,0,0,0,0,0,10,0,0,0,0,0,0,0,0,10,0,0,0,0,0,0,0,0,0,0,0,0,0,0,0,0,0,0,0,0,0,0,0,0,0,0,0
mmb-srh-vs-csk-10.jpg,0,0,0,0,0,0,0,0,0,0,0,0,0,0,0,0,0,0,0,0,0,1,0,0,0,10,0,0,1,1,0,0,10,10,0,0,1,1,0,0,10,0,0,0,1,1,0,0,0,0,0,0,0,0,0,0,0,0,0,0,0,0,0,0
mmb-srh-vs-csk-11.jpg,0,0,0,0,0,0,0,0,0,0,0,0,0,0,0,0,0,0,0,0,0,0,10,0,10,10,0,0,0,10,0,0,10,10,10,0,1,10,10,0,10,10,10,10,0,10,10,0,0,0,0,0,0,0,0,0,0,0,0,0,0,0,0,0
mmb-srh-vs-csk-12.jpg,0,0,0,0,0,0,0,0,0,0,0,0,0,0,0,0,0,0,0,0,0,0,0,0,0,10,10,0,0,0,0,0,0,10,10,0,10,0,0,0,0,10,10,10,10,10,10,10,0,0,0,0,10,10,0,10,0,0,0,0,0,0,0,0
mmb-srh-vs-csk-13.jpg,0,0,0,0,0,0,0,0,0,0,0,1,0,0,0,0,0,0,0,1,1,0,0,0,0,0,0,1,1,0,0,0,0,0,0,1,1,0,0,0,0,0,0,0,0,0,0,0,0,0,0,0,0,0,0,0,0,0,0,0,0,0,0,0
mmb-srh-vs-csk-14.jpg,0,0,0,0,0,0,0,0,0,0,0,0,0,0,0,0,0,0,0,0,0,0,0,0,0,0,0,10,10,0,0,0,0,0,0,10,10,0,0,0,0,0,0,10,10,0,0,0,0,0,0,10,10,0,0,0,0,0,0,0,0,0,0,0
mmb-srh-vs-csk-15.jpg,0,0,0,0,0,0,0,0,10,0,10,0,10,10,10,0,10,0,10,10,10,10,10,0,10,0,10,10,10,0,10,0,0,0,0,0,0,0,10,0,0,0,0,0,0,0,0,0,0,0,0,0,0,0,0,0,0,0,0,0,0,0,0,0
mmb-srh-vs-csk-16.jpg,0,0,0,0,0,0,0,0,0,0,0,0,0,0,0,0,0,0,0,10,0,0,0,0,0,0,0,10,0,0,0,0,0,0,0,10,0,0,0,0,0,0,0,0,0,0,0,0,0,0,0,0,0,0,0,0,0,0,0,0,0,0,0,0
mmb-srh-vs-csk-17.jpg,0,0,0,0,0,0,0,0,0,0,0,0,0,0,0,0,0,0,0,0,0,0,0,0,0,1,10,10,0,0,0,0,0,1,10,10,0,0,0,0,0,1,0,0,0,0,0,0,0,0,0,0,0,0,0,0,0,0,0,0,0,0,0,0
mmb-srh-vs-csk-18.jpg,0,0,0,0,0,0,0,0,0,0,0,0,0,0,0,0,0,0,0,0,10,10,0,0,0,0,1,0,10,10,0,0,0,0,1,1,10,10,0,0,0,0,1,1,10,10,0,0,0,0,0,1,0,0,0,0,0,0,1,1,0,0,0,0
mmb-srh-vs-csk-2.jpg,0,0,0,0,0,0,0,0,0,0,0,10,0,0,0,0,0,0,0,0,0,0,0,0,0,0,0,10,10,0,0,0,0,0,0,10,10,0,0,0,0,0,0,10,10,0,0,0,0,0,0,0,0,0,0,0,0,0,0,0,0,0,0,0
mmb-srh-vs-csk-3.jpg,0,0,0,0,0,0,0,0,0,0,0,1,0,10,0,0,0,0,1,1,0,10,0,0,0,0,1,1,0,10,0,0,0,0,0,1,0,10,0,0,0,0,0,1,0,0,0,0,0,0,0,0,0,0,0,0,0,0,0,0,0,0,0,0
mmb-srh-vs-csk-4.jpg,0,0,0,0,0,0,0,0,0,0,0,0,0,0,0,0,0,0,0,0,10,0,0,0,0,0,0,10,10,0,0,0,0,0,0,0,10,0,0,0,0,0,0,0,0,0,0,0,0,0,0,0,0,0,0,0,0,0,0,0,0,0,0,0
mmb-srh-vs-csk-5.jpg,0,0,0,0,0,0,0,0,0,0,0,0,0,0,0,0,0,0,0,0,10,0,0,0,0,0,0,0,10,0,0,0,0,0,0,0,10,0,0,0,0,0,0,0,0,0,0,0,0,0,0,0,0,0,0,0,0,0,0,0,0,0,0,0
mmb-srh-vs-csk-6.jpg,0,0,0,0,0,0,0,0,0,0,0,0,1,0,0,0,0,0,0,0,1,0,0,0,0,0,0,0,1,0,0,0,0,0,0,0,1,0,0,0,0,0,0,0,1,0,0,0,0,0,0,0,0,0,0,0,0,0,0,0,0,0,0,0
mmb-srh-vs-csk-7.jpg,0,0,0,0,0,0,0,0,0,0,0,0,0,0,0,0,0,0,0,0,0,0,0,0,1,1,1,1,1,1,1,1,1,1,1,1,1,1,1,1,0,0,0,0,0,0,0,0,0,0,0,0,0,0,0,0,0,0,0,0,0,0,0,0
mmb-srh-vs-csk-8.jpg,0,0,0,0,0,0,0,0,0,0,1,0,0,0,0,0,0,0,1,0,0,10,0,0,0,0,1,0,0,10,0,0,0,0,1,0,10,10,0,0,0,0,0,0,10,0,0,0,0,0,0,0,10,0,0,0,0,0,0,0,0,0,0,0
mmb-srh-vs-csk-9.jpg,0,0,0,0,0,0,0,0,0,0,0,0,1,1,0,0,0,1,0,1,10,1,0,0,0,1,0,0,10,1,0,0,0,1,0,0,0,1,0,0,0,0,0,0,0,1,0,0,0,0,0,0,0,0,0,0,0,0,0,0,0,0,0,0
mmb-srh-vs-pbks-1.jpg,0,0,0,0,0,0,0,0,0,0,7,0,0,0,0,0,0,0,7,0,7,7,0,0,0,0,7,0,7,7,0,0,0,0,7,0,7,7,0,0,0,0,0,0,0,0,0,0,0,0,0,0,0,0,0,0,0,0,0,0,0,0,0,0
mmb-srh-vs-pbks-10.jpg,0,0,0,0,0,0,0,0,0,0,0,0,7,7,0,0,0,0,0,0,0,0,0,0,0,0,0,0,0,0,0,0,0,0,0,0,0,7,0,0,0,0,0,0,0,7,0,0,0,0,0,7,7,0,0,0,0,0,7,7,7,0,0,0
mmb-srh-vs-pbks-11.jpg,0,0,0,0,0,0,0,0,0,0,10,0,0,0,0,0,0,0,0,10,0,0,0,0,0,0,0,10,10,0,0,0,0,0,0,10,10,0,0,0,0,0,0,10,10,0,0,0,0,0,0,10,10,0,0,0,0,0,0,0,10,0,0,0
mmb-srh-vs-pbks-12.jpg,0,0,0,0,0,0,0,0,0,0,10,0,0,0,0,0,0,0,10,10,0,0,0,0,0,0,0,10,10,0,0,0,0,0,0,10,10,0,0,0,0,0,0,10,10,0,0,0,0,0,0,10,10,0,0,0,0,0,0,10,10,0,0,0
mmb-srh-vs-pbks-13.jpg,0,0,0,0,0,0,0,0,0,0,0,0,0,0,0,0,0,10,10,0,10,10,0,0,10,10,10,10,0,10,0,0,0,10,0,10,10,10,0,0,0,10,0,10,10,10,0,0,0,0,0,0,0,10,0,0,0,0,0,0,0,0,0,0
mmb-srh-vs-pbks-14.jpg,0,0,0,0,0,0,0,0,0,0,0,0,0,0,0,0,0,10,10,0,0,0,0,0,10,10,10,10,0,0,0,0,0,10,0,10,10,10,0,0,0,10,0,10,10,10,0,0,0,0,0,0,0,0,0,0,0,0,0,0,0,0,0,0
mmb-srh-vs-pbks-15.jpg,0,0,0,0,0,0,0,0,0,0,0,10,0,0,0,0,0,0,0,10,10,0,0,0,0,0,0,10,0,0,0,0,0,0,0,10,0,0,0,0,0,0,0,0,10,0,0,0,0,0,0,0,0,0,0,0,0,0,0,0,0,0,0,0
mmb-srh-vs-pbks-16.jpg,0,0,0,0,0,0,0,0,0,0,0,7,0,0,0,0,0,0,0,0,0,0,0,0,0,0,0,7,0,0,0,0,0,0,0,7,7,0,0,0,0,0,0,7,7,0,0,0,0,0,0,7,7,0,0,0,0,0,0,0,0,0,0,0
mmb-srh-vs-pbks-17.jpg,0,0,0,0,0,0,0,0,0,0,0,0,0,0,0,0,0,0,0,0,0,0,10,0,0,0,10,10,10,10,0,0,0,10,10,10,10,0,0,10,10,10,0,10,0,0,10,10,10,10,0,0,10,10,10,10,0,10,0,0,10,10,10,10
mmb-srh-vs-pbks-18.jpg,0,0,0,0,0,0,0,0,0,0,0,0,0,0,0,0,0,0,0,0,0,0,0,0,0,0,0,10,0,0,0,0,0,0,0,10,0,0,0,0,0,0,0,10,10,0,0,0,0,0,0,10,10,0,0,0,0,0,0,0,0,0,0,0
mmb-srh-vs-pbks-19.jpg,0,0,0,0,0,0,0,0,0,0,0,0,0,0,0,0,0,0,0,0,0,0,0,0,0,0,0,0,10,0,0,0,0,0,0,10,10,0,0,0,0,0,0,10,10,0,0,0,0,0,0,10,10,0,0,0,0,0,0,10,10,0,0,0
mmb-srh-vs-pbks-2.jpg,0,7,0,0,0,0,0,0,0,7,0,0,10,0,0,0,0,7,0,0,10,10,0,0,0,7,0,0,10,10,0,0,0,7,0,0,0,0,0,0,0,0,0,0,0,0,0,0,0,0,0,0,0,0,0,0,0,0,0,0,0,0,0,0
mmb-srh-vs-pbks-20.jpg,0,0,0,0,0,0,0,0,0,0,0,0,0,0,0,0,0,10,0,0,0,0,10,0,0,0,0,0,10,10,10,10,10,10,10,10,0,10,10,0,10,10,0,10,10,10,10,0,0,10,0,10,10,10,10,0,0,0,0,0,0,0,0,0
mmb-srh-vs-pbks-21.jpg,0,0,0,0,0,0,0,0,0,0,0,0,0,0,0,0,0,0,0,0,0,0,0,0,0,0,10,10,0,0,0,0,0,0,10,10,0,0,0,0,0,0,10,0,0,0,0,0,0,0,10,10,0,0,0,0,0,0,0,10,0,0,0,0
mmb-srh-vs-pbks-22.jpg,0,0,0,0,0,0,0,0,0,0,0,0,0,0,0,0,0,0,0,0,0,0,0,0,0,0,0,10,0,0,0,0,0,0,0,10,0,0,0,0,0,0,0,0,0,0,0,0,0,0,0,0,0,0,0,0,0,0,0,0,0,0,0,0
mmb-srh-vs-pbks-23.jpg,0,0,0,0,0,0,0,0,0,0,0,0,0,0,0,0,0,10,0,0,0,0,0,0,0,10,10,10,0,10,0,0,0,10,10,10,10,10,10,10,0,10,0,0,10,10,10,10,0,0,0,0,0,0,0,0,0,0,0,0,0,0,0,0
mmb-srh-vs-pbks-24.jpg,0,0,0,0,0,0,0,0,0,0,0,0,0,0,0,0,0,0,0,0,0,0,7,0,0,0,0,0,0,0,7,0,0,10,10,0,0,0,7,7,0,10,10,0,0,0,7,0,0,10,0,0,0,0,0,0,0,0,0,0,0,0,0,0
mmb-srh-vs-pbks-25.jpg,0,0,0,0,0,0,0,0,0,0,0,7,0,0,0,0,0,0,0,7,7,0,0,0,0,0,0,7,7,0,0,0,0,0,0,7,7,0,0,0,0,0,0,0,0,0,0,0,0,0,0,0,0,0,0,0,0,0,0,0,0,0,0,0
mmb-srh-vs-pbks-26.jpg,0,0,0,0,0,0,0,0,0,0,0,0,0,0,0,0,0,0,0,10,0,0,0,0,0,0,10,10,0,0,0,0,0,0,10,0,0,0,0,0,0,0,0,0,0,0,0,0,0,0,0,0,0,0,0,0,0,0,0,0,0,0,0,0
mmb-srh-vs-pbks-27.jpg,0,0,0,0,0,0,0,0,0,0,0,10,0,0,0,0,0,0,0,0,10,10,10,0,10,10,10,10,0,10,10,10,10,10,10,0,10,10,10,0,10,10,10,0,10,0,10,0,0,0,0,0,0,0,0,0,0,0,0,0,0,0,0,0
mmb-srh-vs-pbks-28.jpg,0,0,0,0,0,0,0,0,0,0,0,0,0,0,0,0,0,0,0,10,10,0,0,0,0,0,10,10,10,0,0,0,0,10,10,10,0,0,0,0,0,0,0,0,0,0,0,0,0,0,0,0,0,0,0,0,0,0,0,0,0,0,0,0
mmb-srh-vs-pbks-29.jpg,0,0,0,0,0,0,0,0,0,0,0,0,0,0,0,0,0,0,0,0,0,0,10,0,0,0,10,10,0,10,10,0,0,10,10,10,10,10,10,0,0,10,10,10,10,10,10,0,0,10,10,10,0,10,0,0,0,0,0,0,0,0,0,0
mmb-srh-vs-pbks-3.jpg,0,0,0,0,0,0,0,0,0,0,0,0,7,0,0,0,0,0,0,0,0,0,0,0,0,0,0,7,7,0,0,0,0,0,0,7,7,0,0,0,0,0,0,0,7,0,0,0,0,0,0,0,0,0,0,0,0,0,0,0,0,0,0,0
mmb-srh-vs-pbks-30.jpg,0,0,0,0,0,0,0,0,0,7,0,0,0,10,0,0,0,7,0,0,0,10,0,10,0,7,0,0,0,10,0,10,0,7,0,0,0,10,0,10,0,0,0,0,0,10,0,0,0,0,0,0,0,0,0,0,0,0,0,0,0,0,0,0
mmb-srh-vs-pbks-31.jpg,0,0,0,0,0,0,0,0,0,0,0,0,0,0,0,0,0,0,0,10,0,0,0,0,0,0,0,10,0,0,0,0,0,0,0,10,10,7,0,0,0,0,0,0,7,7,0,0,0,0,0,0,0,0,0,0,0,0,0,0,0,0,0,0
mmb-srh-vs-pbks-32.jpg,0,0,0,0,0,0,0,0,0,0,0,10,10,0,0,0,0,0,0,0,0,0,0,0,0,0,0,0,0,0,0,0,0,0,10,10,10,0,0,0,0,0,10,10,10,0,0,0,0,0,10,10,10,0,0,0,0,0,10,10,0,0,0,0
mmb-srh-vs-pbks-33.jpg,0,0,10,0,0,0,0,0,0,0,10,10,0,0,0,0,0,0,10,0,0,0,0,0,0,10,10,0,0,0,0,0,0,10,10,10,0,0,0,0,0,10,10,10,0,0,0,0,0,10,10,10,0,0,0,0,0,0,0,0,0,0,0,0
mmb-srh-vs-pbks-34.jpg,0,0,0,0,0,0,0,0,0,0,0,0,0,0,0,0,0,0,0,0,0,0,0,0,0,0,0,10,0,0,0,0,0,0,0,10,10,0,0,0,0,0,0,10,10,0,0,0,0,0,0,10,10,0,0,0,0,0,0,10,10,0,0,0
mmb-srh-vs-pbks-35.jpg,0,0,0,7,0,0,0,0,0,0,0,0,0,0,0,0,0,0,0,0,0,0,0,0,0,0,0,7,7,0,0,0,0,0,7,7,7,0,0,0,0,0,7,7,7,0,0,0,0,0,7,7,7,0,0,0,0,0,7,7,7,0,0,0
mmb-srh-vs-pbks-36.jpg,0,0,0,0,0,0,0,0,0,0,0,0,0,0,0,0,0,0,0,0,0,0,0,0,0,0,0,7,7,0,0,0,0,0,0,7,7,0,0,0,0,0,7,7,7,0,0,0,0,0,7,7,0,0,0,0,0,0,7,7,0,0,0,0
mmb-srh-vs-pbks-37.jpg,0,0,0,0,0,0,0,0,0,0,0,10,10,0,0,0,0,0,0,0,0,0,0,0,0,0,0,0,10,10,0,0,0,0,0,0,10,10,0,0,0,0,0,0,0,10,0,0,0,0,0,0,0,10,0,0,0,0,0,0,0,0,0,0
mmb-srh-vs-pbks-38.jpg,0,0,0,0,0,0,0,0,0,0,0,0,0,0,0,0,0,0,0,0,0,0,0,0,0,0,0,0,0,0,10,10,0,0,0,0,0,0,10,10,0,0,0,0,7,0,10,10,0,0,0,0,7,7,10,10,0,0,0,0,7,10,0,0
mmb-srh-vs-pbks-39.jpg,0,0,0,0,0,10,0,0,0,0,10,0,0,10,0,0,0,0,0,0,10,10,0,0,0,0,10,10,10,10,0,0,0,0,10,10,10,10,0,0,0,0,0,10,10,0,0,0,0,0,0,0,10,0,0,0,0,0,0,0,0,0,0,0
mmb-srh-vs-pbks-4.jpg,0,0,0,0,0,0,0,0,0,0,0,0,0,0,0,0,0,0,0,0,7,7,0,0,0,0,0,0,7,7,0,0,0,0,0,0,7,0,0,0,0,0,0,0,7,0,0,0,0,0,0,0,0,0,0,0,0,0,0,0,0,0,0,0
mmb-srh-vs-pbks-40.jpg,0,0,0,0,0,0,0,0,0,0,0,0,0,0,0,0,0,0,0,0,10,0,0,0,0,0,0,0,10,0,0,0,0,0,0,10,10,0,0,0,0,0,0,0,0,0,0,0,0,0,0,0,0,0,0,0,0,0,0,0,0,0,0,0
mmb-srh-vs-pbks-41.jpg,0,0,0,0,0,0,0,0,0,0,0,0,0,0,0,0,0,0,0,0,0,10,0,0,0,0,0,0,0,0,0,0,0,0,0,0,10,10,0,0,0,0,0,0,10,10,0,0,0,0,0,10,10,10,0,0,0,0,0,0,10,10,0,0
mmb-srh-vs-pbks-42.jpg,0,0,0,0,0,0,0,0,0,0,0,0,7,0,0,0,0,0,0,0,0,0,0,0,0,0,0,0,0,0,7,0,0,7,7,7,7,7,7,7,0,7,7,0,7,7,7,7,0,7,7,0,7,7,7,7,0,7,7,0,0,7,7,0
mmb-srh-vs-pbks-43.jpg,0,0,0,0,0,0,0,0,0,0,0,0,0,0,0,0,0,0,0,0,0,0,0,0,0,0,7,0,0,0,0,0,0,0,7,7,7,0,0,0,0,7,7,7,0,0,0,0,0,7,7,0,0,0,0,0,0,7,7,0,0,0,0,0
mmb-srh-vs-pbks-44.jpg,0,0,0,0,0,0,0,0,0,0,0,0,0,0,0,0,0,0,0,10,0,0,0,0,0,0,0,10,0,0,0,0,0,0,10,10,0,0,0,0,0,0,10,10,10,0,0,0,0,0,10,10,0,0,0,0,0,0,10,10,0,0,0,0
mmb-srh-vs-pbks-45.jpg,0,0,0,0,0,0,0,0,0,0,7,7,0,0,0,0,0,7,7,0,0,7,0,0,0,7,7,7,7,7,7,0,0,7,0,7,7,7,7,0,0,7,7,7,7,7,7,0,0,7,0,7,7,7,0,0,0,0,0,0,0,0,0,0
mmb-srh-vs-pbks-46.jpg,0,0,0,0,0,0,0,0,0,0,0,7,0,0,0,0,0,0,0,7,0,0,0,0,0,0,0,7,0,0,0,0,0,0,0,7,0,0,0,0,0,0,0,7,0,0,0,0,0,0,0,7,0,0,0,0,0,0,0,7,0,0,0,0
mmb-srh-vs-pbks-47.jpg,0,0,10,10,0,0,0,0,0,0,10,10,10,0,0,0,0,0,0,0,0,0,0,0,0,10,10,10,10,10,10,0,0,10,10,10,10,10,0,0,0,10,10,10,10,10,0,0,0,10,10,10,10,10,0,0,0,0,0,0,0,0,0,0
mmb-srh-vs-pbks-48.jpg,0,0,0,0,0,0,0,0,0,0,0,0,0,0,0,0,0,0,0,0,0,10,0,0,0,0,0,0,10,0,0,0,0,0,0,0,10,10,0,0,0,0,0,0,10,10,0,0,0,0,0,0,10,10,0,0,0,0,0,0,10,0,0,0
mmb-srh-vs-pbks-49.jpg,0,0,0,0,0,0,0,0,0,0,0,0,0,0,0,0,0,0,0,0,0,0,0,0,0,10,10,0,0,7,0,0,0,10,10,0,7,7,0,0,0,10,10,0,7,7,0,0,0,10,0,0,7,7,0,0,0,10,0,0,0,0,0,0
mmb-srh-vs-pbks-5.jpg,0,0,0,0,0,0,0,0,0,0,0,0,0,10,10,0,0,0,0,0,0,10,10,0,0,10,0,0,0,10,10,0,0,10,0,0,0,10,10,10,10,10,10,0,0,10,10,0,0,10,10,0,0,10,10,0,0,10,10,0,0,0,10,0
mmb-srh-vs-pbks-50.jpg,0,0,0,0,0,0,0,0,0,0,0,0,0,0,0,0,0,0,10,10,0,0,0,0,0,0,10,10,7,7,0,0,0,0,10,10,7,7,0,0,0,0,10,10,7,7,0,0,0,0,0,0,7,7,0,0,0,0,0,0,0,0,0,0
mmb-srh-vs-pbks-51.jpg,0,0,0,0,0,0,0,0,0,0,0,0,0,0,0,0,0,0,0,0,0,0,0,0,0,0,0,0,0,0,0,0,0,0,0,10,7,0,0,0,0,0,0,10,7,0,0,0,0,0,0,0,0,0,0,0,0,0,0,0,0,0,0,0
mmb-srh-vs-pbks-6.jpg,0,0,0,0,0,0,0,0,0,0,0,0,0,10,0,0,0,10,10,10,10,10,0,0,0,10,0,0,10,10,0,0,0,10,10,0,10,10,0,0,0,0,0,10,0,10,0,0,0,0,0,10,0,0,0,0,0,0,0,0,0,0,0,0
mmb-srh-vs-pbks-7.jpg,0,0,0,10,0,0,0,0,0,0,0,0,0,0,0,0,0,0,10,10,10,0,0,0,0,0,0,0,10,0,0,0,0,0,0,0,10,0,0,0,0,0,0,0,0,0,0,0,0,0,0,0,0,0,0,0,0,0,0,0,0,0,0,0
mmb-srh-vs-pbks-8.jpg,0,0,0,0,0,0,0,0,0,0,0,0,0,0,0,0,0,0,0,0,0,0,0,0,0,0,0,0,10,0,0,0,0,0,0,10,10,10,0,0,0,0,10,10,10,10,0,0,0,0,10,10,10,0,0,0,0,0,0,10,10,0,0,0
mmb-srh-vs-pbks-9.jpg,0,0,0,0,0,10,0,0,0,0,0,0,0,10,0,0,0,0,0,0,0,10,0,0,0,0,0,0,0,10,0,0,0,0,0,0,0,10,0,0,0,0,0,0,0,0,0,0,0,0,0,0,0,0,0,0,0,0,0,0,0,0,0,0
AKM_Ground_1.jpg,0,0,0,0,0,0,0,0,0,0,0,0,0,0,0,0,0,0,0,0,0,0,0,0,0,0,0,0,0,0,0,0,0,0,0,0,0,0,0,0,0,0,0,0,0,0,0,0,0,0,0,0,0,0,0,0,0,0,0,0,0,0,0,0
AKM_Ground_2.jpg,0,0,0,0,0,0,0,0,0,0,0,0,0,0,0,0,0,0,0,0,0,0,0,0,0,0,0,0,0,0,0,0,0,0,0,0,0,0,0,0,0,0,0,0,0,0,0,0,0,0,0,0,0,0,0,0,0,0,0,0,0,0,0,0
AKM_KKR_VS_MI_.jpg,0,0,0,0,4,4,0,0,0,0,4,4,4,4,0,0,0,0,0,0,4,4,4,0,0,6,4,4,4,4,4,0,0,6,4,4,4,4,0,0,0,6,4,4,4,4,0,0,0,6,4,4,4,4,0,0,0,6,4,4,4,4,0,0
AKM_KKR_VS_MI_10.jpg,0,0,0,0,0,0,0,0,0,0,0,0,0,0,0,0,0,0,0,0,0,0,0,0,0,0,0,0,0,0,0,0,0,0,0,0,0,0,0,0,0,0,0,6,6,0,0,0,0,0,0,6,6,0,0,0,0,0,0,6,6,0,0,0
AKM_LSG_VS_MI_1.jpg,0,0,0,0,0,0,0,0,0,0,5,0,0,0,0,0,0,0,0,0,0,0,0,0,0,5,6,6,6,6,0,0,0,5,5,6,6,0,0,0,0,5,5,5,5,0,0,0,0,5,5,5,5,0,0,0,0,5,5,5,0,0,0,0
AKM_KKR_VS_MI_11.jpg,0,0,0,0,0,0,0,0,0,0,6,6,4,0,0,0,0,0,6,6,4,0,0,0,0,0,6,6,4,0,0,0,0,0,0,6,4,0,6,6,0,0,0,6,4,0,6,6,0,0,0,0,0,0,6,6,0,0,0,0,0,0,0,0
AKM_KKR_VS_MI_12.jpg,0,0,4,0,0,0,0,0,0,0,4,4,0,0,0,0,0,0,4,4,4,4,0,0,0,0,4,4,4,4,0,0,0,0,4,4,4,4,0,0,0,0,0,0,4,4,0,0,0,0,0,0,0,0,0,0,0,0,0,0,0,0,0,0
AKM_KKR_VS_MI_13.jpg,0,0,0,0,0,0,0,0,0,0,0,0,0,0,0,0,6,6,6,6,0,0,6,0,6,6,6,6,0,6,0,6,6,6,6,6,0,0,0,0,6,6,6,6,0,6,6,0,6,6,6,6,0,6,0,6,6,6,0,0,0,6,0,6
AKM_KKR_VS_MI_14.jpg,0,0,0,0,0,0,0,0,0,0,0,0,0,0,0,0,0,4,4,0,0,0,6,0,4,4,4,0,4,4,4,0,0,4,4,0,4,4,4,6,0,4,4,0,4,4,4,0,0,4,4,0,4,4,4,0,0,4,4,0,4,4,0,0
AKM_KKR_VS_MI_15.jpg,0,0,0,0,0,0,0,0,0,0,0,0,0,0,0,0,0,0,6,0,0,0,0,0,0,0,6,6,0,0,0,0,0,0,6,6,0,0,0,0,0,0,0,6,0,0,0,0,0,0,0,6,0,0,0,0,0,0,0,0,0,0,0,0
AKM_KKR_VS_MI_16.jpg,0,0,0,0,0,0,0,0,0,0,0,0,6,0,0,0,0,0,0,0,6,0,0,0,0,0,6,6,0,0,0,0,0,0,6,6,6,0,0,0,0,0,6,6,6,0,0,0,0,0,6,6,6,0,0,0,0,0,0,0,0,0,0,0
AKM_KKR_VS_MI_17.jpg,0,0,0,0,0,0,0,0,0,0,0,0,0,0,4,0,0,4,4,0,0,0,0,0,0,4,4,0,0,4,4,0,0,4,0,0,4,4,4,0,0,4,4,0,0,4,4,0,0,4,4,0,0,4,4,0,0,4,4,0,0,4,4,0
AKM_KKR_VS_MI_18.jpg,0,0,6,0,0,6,0,0,0,0,6,0,0,6,0,0,0,6,6,0,0,6,6,0,0,6,6,0,0,6,6,0,0,6,6,0,0,6,6,0,0,6,6,0,0,6,6,0,0,6,6,0,0,6,6,0,0,6,6,0,0,6,6,0
AKM_KKR_VS_MI_19.jpg,0,0,0,0,0,0,0,0,0,0,6,0,0,6,0,4,0,0,6,6,6,6,4,4,0,0,6,0,4,6,4,4,0,0,6,6,4,6,4,4,0,0,0,0,0,0,0,0,0,0,0,0,0,0,0,0,0,0,0,0,0,0,0,0
AKM_KKR_VS_MI_2.jpg,0,0,0,0,0,0,0,0,0,0,0,0,0,0,0,0,0,0,0,0,4,0,0,0,0,0,6,4,4,0,0,0,0,0,6,4,6,0,0,0,0,0,4,4,6,0,0,0,0,0,0,0,0,0,0,0,0,0,0,0,0,0,0,0
AKM_KKR_VS_MI_20.jpg,0,0,6,0,0,0,0,0,0,6,6,0,0,0,0,0,0,6,6,0,4,4,0,0,0,0,4,0,4,4,0,0,0,0,4,4,4,4,0,0,0,4,4,4,4,4,0,0,0,4,4,0,0,4,0,0,0,0,0,0,0,0,0,0
AKM_KKR_VS_MI_21.jpg,0,0,0,0,0,0,0,0,0,0,0,0,0,0,0,0,0,0,0,6,0,0,0,0,0,4,0,6,0,0,0,0,4,4,0,6,6,0,0,0,4,4,0,6,6,0,0,0,0,0,0,0,0,0,0,0,0,0,0,0,0,0,0,0
AKM_KKR_VS_MI_22.jpg,0,0,0,0,0,0,0,0,0,0,0,0,0,0,0,0,0,0,4,0,0,0,0,0,0,0,4,4,0,4,4,0,0,0,4,4,0,4,4,0,0,0,4,4,0,4,4,0,0,4,4,4,0,4,4,0,0,0,0,0,0,4,4,0
AKM_KKR_VS_MI_23.jpg,0,0,0,0,0,0,0,0,0,0,0,4,4,0,0,0,0,0,0,4,4,4,0,0,0,0,0,4,4,4,0,0,0,0,0,4,4,4,0,0,0,0,4,4,4,4,0,0,0,0,0,0,4,4,0,0,0,0,0,0,0,0,0,0
AKM_KKR_VS_MI_24.jpg,0,0,0,0,0,0,0,0,0,0,0,4,0,0,0,0,0,0,4,4,4,0,0,0,0,0,4,4,4,0,0,0,0,0,4,4,4,0,0,0,0,4,4,4,4,0,0,0,0,4,4,4,4,0,0,0,0,0,0,0,0,0,0,0
AKM_KKR_VS_MI_25.jpg,0,0,0,0,0,0,0,0,0,0,4,4,0,0,0,0,0,0,4,4,0,6,0,0,0,0,4,4,6,6,0,0,0,0,4,4,0,6,0,0,0,0,0,0,0,6,0,0,0,0,0,0,0,0,0,0,0,0,0,0,0,0,0,0
AKM_KKR_VS_MI_26.jpg,0,0,0,0,0,0,0,0,0,0,4,4,4,4,0,0,0,0,4,0,4,4,0,0,0,0,4,0,4,4,0,0,0,0,4,0,4,4,0,0,0,0,4,0,4,0,0,0,0,0,4,0,0,0,0,0,0,0,0,0,0,0,0,0
AKM_KKR_VS_MI_27.jpg,0,0,0,6,6,0,0,0,0,0,0,6,6,0,0,0,0,0,6,6,6,0,0,0,0,0,0,6,6,0,0,0,0,0,0,6,6,0,0,0,0,0,0,0,0,0,0,0,0,0,0,0,0,0,0,0,0,0,0,0,0,0,0,0
AKM_KKR_VS_MI_28.jpg,0,0,0,0,0,0,0,0,0,0,0,0,0,6,0,0,0,0,4,0,6,6,0,0,4,4,0,0,6,0,0,0,4,4,0,0,6,0,0,0,4,4,0,0,0,0,0,0,4,4,0,0,0,0,0,0,0,0,0,0,0,0,0,0
AKM_KKR_VS_MI_29.jpg,0,0,0,0,0,0,0,0,0,0,0,0,0,0,0,0,0,0,0,0,0,0,0,0,0,0,0,0,0,0,0,0,0,0,0,0,0,0,0,0,0,0,0,0,0,0,0,0,0,0,0,0,0,0,0,0,0,0,0,0,0,0,0,0
AKM_KKR_VS_MI_3.jpg,0,0,0,6,0,0,0,0,0,0,0,6,6,0,0,0,0,0,6,6,6,0,0,0,0,0,0,6,6,0,0,0,0,0,0,6,6,0,0,0,0,0,0,6,6,0,0,0,0,0,0,6,6,0,0,0,0,0,0,0,0,0,0,0
AKM_KKR_VS_MI_30.jpg,0,0,6,0,6,0,0,0,0,0,6,6,6,6,0,0,0,0,6,6,6,6,0,0,0,0,6,6,6,6,0,0,0,0,6,0,6,6,0,0,0,0,0,0,0,0,0,0,0,0,0,0,0,0,0,0,0,0,0,0,0,0,0,0
AKM_KKR_VS_MI_31.jpg,0,0,0,0,0,0,0,0,0,0,0,0,0,0,0,0,4,0,4,4,4,0,4,4,4,4,4,4,4,4,4,4,4,4,4,4,4,4,4,4,0,4,4,4,4,4,4,4,0,4,4,4,4,0,4,4,0,0,4,4,0,0,0,0
AKM_KKR_VS_MI_32.jpg,0,0,0,0,0,0,0,0,0,0,0,0,0,0,0,0,0,0,0,0,0,0,0,0,0,0,4,4,4,0,0,0,0,0,4,4,4,0,0,0,0,0,4,4,4,0,0,0,0,0,4,4,4,0,0,0,0,0,4,4,4,0,0,0
AKM_KKR_VS_MI_33.jpg,0,0,0,0,0,0,0,0,0,0,0,0,0,0,0,0,0,0,0,0,4,0,0,0,0,0,4,4,4,0,0,0,0,0,4,4,4,4,0,0,0,0,4,4,4,4,0,0,0,0,0,4,4,0,0,0,0,0,0,4,4,4,0,0
AKM_KKR_VS_MI_34.jpg,0,0,0,0,0,0,0,0,0,0,0,0,0,0,0,0,0,0,0,4,0,0,0,0,0,0,0,4,4,0,0,0,0,0,0,4,0,0,0,0,0,0,4,4,0,0,0,0,0,4,4,4,0,0,0,0,0,0,4,0,0,0,0,0
AKM_KKR_VS_MI_35.jpg,0,0,0,0,0,0,0,0,0,0,0,0,0,0,0,0,0,0,0,0,0,0,0,0,0,0,0,0,6,0,0,0,0,0,0,0,6,0,0,0,0,0,0,6,6,6,0,0,0,0,0,6,6,6,0,0,0,0,0,6,6,0,0,0
AKM_KKR_VS_MI_36.jpg,0,0,0,4,0,0,0,0,0,0,0,0,0,0,0,0,0,0,4,4,6,6,0,0,0,0,4,4,6,6,0,0,0,0,4,4,6,6,0,0,0,4,4,4,6,6,0,0,0,0,4,4,6,6,0,0,0,0,4,4,6,6,0,0
AKM_KKR_VS_MI_37.jpg,0,0,0,0,0,0,0,0,0,0,4,0,0,6,0,0,0,4,4,0,6,6,0,0,0,4,4,0,0,6,6,0,0,4,4,0,0,6,6,0,0,4,4,0,0,6,6,0,0,4,4,0,0,6,6,0,0,0,0,0,0,0,0,0
AKM_KKR_VS_MI_38.jpg,0,0,0,0,0,0,0,0,0,0,0,0,0,0,0,0,0,0,0,0,0,0,0,0,0,4,0,0,0,0,0,0,0,4,0,6,6,0,0,0,0,4,4,6,6,0,0,0,0,4,4,6,6,0,0,0,0,4,0,0,0,0,0,0
AKM_KKR_VS_MI_39.jpg,0,0,0,0,4,4,0,0,0,0,4,4,4,4,0,0,0,0,0,0,4,4,0,0,0,6,4,4,4,4,4,0,0,6,4,4,4,4,0,0,0,6,4,4,4,4,0,0,0,6,4,4,4,4,0,0,0,6,4,4,4,4,0,0
AKM_KKR_VS_MI_4.jpg,0,0,0,0,0,0,0,0,0,0,0,0,4,4,0,0,0,0,0,0,4,4,0,0,0,0,0,0,4,4,0,0,0,0,0,0,4,0,0,0,0,0,0,4,4,0,0,0,0,0,0,0,0,0,0,0,0,0,0,0,0,0,0,0
AKM_KKR_VS_MI_40.jpg,0,0,0,0,0,0,0,0,0,0,0,0,0,0,0,0,0,0,0,0,4,0,0,0,0,0,6,4,4,0,0,0,0,0,6,4,6,0,0,0,0,0,4,4,6,0,0,0,0,0,0,0,6,0,0,0,0,0,0,0,6,0,0,0
AKM_KKR_VS_MI_41.jpg,0,0,0,6,0,0,0,0,0,0,0,6,6,0,0,0,0,0,6,6,6,0,0,0,0,0,0,6,6,0,0,0,0,0,0,6,6,0,0,0,0,0,0,6,6,0,0,0,0,0,0,6,6,0,0,0,0,0,0,0,0,0,0,0
AKM_KKR_VS_MI_42.jpg,0,0,0,0,0,0,0,0,0,0,0,0,4,4,0,0,0,0,0,0,4,4,0,0,0,0,0,0,4,4,0,0,0,0,0,0,4,4,0,0,0,0,0,4,4,0,0,0,0,0,0,0,0,0,0,0,0,0,0,0,0,0,0,0
AKM_KKR_VS_MI_43.jpg,0,0,0,0,0,0,0,0,0,0,0,0,0,0,0,0,0,0,6,6,6,0,0,0,0,0,6,6,6,6,6,0,0,0,0,6,6,6,6,0,0,0,0,6,0,6,6,0,0,0,0,0,0,0,0,0,0,0,0,0,0,0,0,0
AKM_KKR_VS_MI_44.jpg,0,0,0,0,0,0,0,0,0,0,4,0,0,0,0,0,0,0,4,0,0,0,0,0,0,4,4,0,0,0,0,0,0,4,4,4,0,0,0,0,0,4,4,4,0,0,0,0,0,4,4,4,0,0,0,0,0,0,4,4,0,0,0,0
AKM_KKR_VS_MI_45.jpg,0,0,0,0,0,0,0,0,0,0,0,0,0,0,0,0,0,4,4,0,0,0,6,0,4,4,4,0,4,4,4,0,0,4,4,0,4,4,4,6,0,4,4,0,4,4,4,0,0,4,4,0,4,4,4,0,0,4,4,0,4,4,6,0
AKM_KKR_VS_MI_46.jpg,0,0,6,0,0,0,0,0,0,6,6,0,0,0,0,0,0,6,6,0,4,4,0,0,0,6,4,0,4,4,0,0,0,4,4,4,4,4,0,0,0,4,4,4,4,4,0,0,0,4,4,0,0,4,0,0,0,0,0,0,0,0,0,0
AKM_KKR_VS_MI_47.jpg,0,0,0,0,0,0,0,0,0,0,0,0,0,0,0,0,0,0,4,0,0,0,0,0,0,0,4,4,0,4,4,0,0,0,4,4,0,4,4,0,0,0,4,4,0,4,4,0,0,4,4,4,0,4,4,0,0,0,4,0,0,4,4,0
AKM_KKR_VS_MI_48.jpg,0,0,0,4,4,0,0,0,0,0,0,4,4,0,0,0,0,0,0,4,4,4,0,0,0,0,0,4,4,4,0,0,0,0,4,4,4,4,0,0,0,0,4,4,4,4,0,0,0,0,0,0,4,4,0,0,0,0,0,0,0,0,0,0
AKM_KKR_VS_MI_49.jpg,0,0,0,0,4,0,0,0,0,0,0,0,4,0,0,0,0,0,0,4,4,0,0,0,0,0,4,4,4,0,0,0,0,0,4,4,4,0,0,0,0,0,0,4,4,0,0,0,0,0,0,4,0,0,0,0,0,0,0,0,0,0,0,0
AKM_KKR_VS_MI_5.jpg,0,0,0,0,0,0,0,0,0,0,0,6,0,0,0,0,0,0,6,6,6,6,0,0,0,0,0,6,6,6,6,0,0,0,0,6,6,6,6,0,0,0,0,6,6,6,6,0,0,0,0,0,0,0,0,0,0,0,0,0,0,0,0,0
AKM_KKR_VS_MI_50.jpg,0,0,0,0,0,0,0,0,0,0,0,0,0,0,0,0,0,0,0,4,0,0,0,0,0,0,0,4,4,0,0,0,0,0,0,4,0,0,0,0,0,0,4,4,0,0,0,0,0,4,4,4,0,0,0,0,0,0,4,0,0,0,0,0
AKM_KKR_VS_MI_6.jpg,0,0,0,0,0,0,0,0,0,0,4,0,0,0,0,0,0,4,4,0,0,0,0,0,0,4,4,0,0,0,0,0,0,4,4,0,0,0,0,0,0,4,4,4,0,0,0,0,0,4,4,4,0,0,0,0,0,0,4,4,0,0,0,0
AKM_KKR_VS_MI_7.jpg,0,0,0,0,0,0,0,0,0,0,0,0,0,0,0,0,0,0,0,4,0,0,0,0,0,0,0,4,4,0,0,0,0,0,0,4,4,0,0,0,0,0,0,4,4,0,0,0,0,0,0,4,0,0,0,0,0,0,0,0,0,0,0,0
AKM_KKR_VS_MI_8.jpg,0,0,0,0,0,0,0,0,0,4,0,0,0,0,0,0,0,4,0,0,0,0,6,0,0,4,0,0,0,0,6,0,0,4,6,0,0,0,6,0,0,4,6,0,0,0,6,0,0,0,6,0,0,0,6,0,0,0,0,0,0,0,0,0
AKM_KKR_VS_MI_9.jpg,0,0,0,6,0,0,0,0,0,0,0,6,6,6,6,0,0,0,0,0,4,0,0,0,0,0,0,4,0,0,0,0,0,6,0,4,0,0,0,0,0,6,0,4,0,0,0,0,0,0,0,0,0,0,0,0,0,0,0,0,0,0,0,0
AKM_LSG_VS_PBKS_1.jpg,0,0,0,0,0,0,0,0,0,0,0,0,0,0,0,0,0,0,5,5,0,0,7,0,0,0,5,5,0,0,7,0,0,0,0,5,0,0,7,0,0,0,0,5,0,0,7,0,0,0,5,5,0,0,0,0,0,0,0,0,0,0,0,0
AKM_LSG_VS_PBKS_10.jpg,0,0,0,0,0,0,0,0,0,0,0,0,5,0,0,0,0,0,0,5,0,0,0,0,0,0,0,5,5,0,7,0,0,0,5,5,0,0,7,0,0,0,5,5,0,0,7,0,0,0,0,5,0,0,0,0,0,0,0,0,0,0,0,0
AKM_LSG_VS_PBKS_11.jpg,0,0,0,0,0,0,0,0,0,0,0,0,7,0,0,0,0,0,0,0,5,0,0,0,0,0,0,5,5,0,0,0,0,0,0,5,5,0,0,0,0,0,0,5,5,0,0,0,0,0,0,0,0,0,0,0,0,0,0,0,0,0,0,0
AKM_LSG_VS_PBKS_12.jpg,0,0,0,0,0,0,0,0,0,0,0,0,0,5,0,0,0,7,7,0,5,5,0,0,0,0,7,0,0,5,0,0,0,0,7,0,0,5,0,0,0,0,0,0,0,0,0,0,0,0,0,0,0,0,0,0,0,0,0,0,0,0,0,0
AKM_LSG_VS_PBKS_13.jpg,0,0,0,0,0,0,0,0,0,0,5,0,5,0,0,0,0,5,5,5,5,0,0,0,0,0,5,0,5,0,0,0,0,0,5,0,5,0,0,0,0,0,0,0,0,0,0,0,0,0,0,0,0,0,0,0,0,0,0,0,0,0,0,0
AKM_LSG_VS_PBKS_14.jpg,0,0,0,0,0,0,0,0,0,0,0,0,0,0,0,0,0,0,0,5,5,0,0,0,0,0,0,5,5,0,0,0,0,0,0,0,5,0,0,0,0,0,0,0,0,0,0,0,0,0,0,0,0,0,0,0,0,0,0,0,0,0,0,0
AKM_LSG_VS_PBKS_15.jpg,0,0,0,7,0,0,0,0,0,0,0,5,0,0,0,0,0,0,0,7,5,0,0,0,0,0,0,0,5,0,0,0,0,0,0,0,5,0,0,0,0,0,0,0,0,0,0,0,0,0,0,0,0,0,0,0,0,0,0,0,0,0,0,0
AKM_LSG_VS_PBKS_16.jpg,0,0,0,0,0,0,0,0,0,0,0,5,0,0,0,0,0,0,0,5,5,0,0,0,0,0,0,5,5,0,0,0,0,0,0,5,5,0,0,0,0,0,0,0,0,0,0,0,0,0,0,0,0,0,0,0,0,0,0,0,0,0,0,0
AKM_LSG_VS_PBKS_17.jpg,0,0,0,0,0,0,0,0,0,0,0,0,0,0,0,0,0,0,0,0,0,5,0,0,0,0,0,0,5,5,0,0,0,0,0,0,5,5,0,0,0,0,0,0,0,0,0,0,0,0,0,0,0,0,0,0,0,0,0,0,0,0,0,0
AKM_LSG_VS_PBKS_18.jpg,0,0,0,0,0,0,0,0,0,0,0,0,0,0,0,0,0,0,0,0,0,0,0,0,5,5,0,0,0,5,5,0,5,5,0,0,0,5,0,0,0,0,0,0,0,0,0,0,0,0,0,0,0,0,0,0,0,0,0,0,0,0,0,0
AKM_LSG_VS_PBKS_19.jpg,0,0,0,0,0,0,0,0,0,0,0,0,0,0,0,0,0,0,0,0,5,0,0,0,0,0,0,5,5,5,0,0,0,0,0,5,5,5,0,0,0,0,0,5,5,5,0,0,0,0,0,5,5,5,0,0,0,0,0,0,5,5,0,0
AKM_LSG_VS_PBKS_2.jpg,0,0,0,0,0,0,0,0,0,0,0,0,0,0,0,0,0,0,5,5,5,0,5,0,5,5,0,5,5,5,5,5,5,5,0,5,5,0,5,5,0,5,5,0,0,5,5,5,5,5,5,5,5,5,5,0,0,5,5,5,5,5,5,5
AKM_LSG_VS_PBKS_20.jpg,0,0,0,0,0,0,0,0,0,0,0,0,0,0,0,0,0,0,0,5,0,0,0,0,0,0,0,0,5,0,0,0,0,0,0,5,5,0,0,0,0,7,7,5,5,5,0,0,0,7,7,0,5,5,0,0,0,7,7,0,5,0,0,0
AKM_LSG_VS_PBKS_21.jpg,0,0,0,0,0,0,0,0,0,0,0,5,0,0,0,0,0,0,0,5,0,0,0,0,0,0,0,5,0,0,0,0,0,0,0,5,5,0,0,0,0,0,0,0,0,0,0,0,0,0,0,0,0,0,0,0,0,0,0,0,0,0,0,0
AKM_LSG_VS_PBKS_22.jpg,0,0,0,0,0,0,0,0,0,5,0,0,0,0,7,0,0,5,5,0,0,0,7,7,0,5,5,0,0,0,7,7,0,5,5,0,0,0,0,0,0,5,5,0,0,0,0,0,0,0,0,0,0,0,0,0,0,0,0,0,0,0,0,0
AKM_LSG_VS_PBKS_23.jpg,0,0,5,0,0,0,0,0,0,0,5,0,0,0,0,0,0,0,5,0,0,0,0,0,0,7,5,0,0,0,0,0,0,7,5,0,0,0,0,0,0,0,0,0,0,0,0,0,0,0,0,0,0,0,0,0,0,0,0,0,0,0,0,0
AKM_LSG_VS_PBKS_24.jpg,0,0,0,0,0,0,0,0,0,0,0,5,0,0,0,0,0,0,0,5,5,0,0,0,0,7,7,5,5,0,0,0,0,7,7,0,5,5,0,0,0,0,0,0,0,0,0,0,0,0,0,0,0,0,0,0,0,0,0,0,0,0,0,0
AKM_LSG_VS_PBKS_25.jpg,0,0,0,0,0,0,0,0,0,0,0,0,0,0,0,0,0,0,0,5,0,0,0,0,0,0,0,5,5,0,0,0,0,0,0,5,5,0,0,0,0,0,0,5,5,0,0,0,0,0,0,0,0,0,0,0,0,0,0,0,0,0,0,0
AKM_LSG_VS_PBKS_26.jpg,0,0,0,0,0,0,0,0,0,0,0,0,0,0,0,0,0,0,0,0,0,0,0,7,0,5,5,0,0,0,7,7,0,5,5,0,0,0,7,7,0,5,5,0,0,0,7,7,0,5,5,0,0,0,7,7,0,5,5,0,0,0,7,7
AKM_LSG_VS_PBKS_27.jpg,0,0,0,0,0,0,0,0,0,0,0,0,0,0,0,0,0,0,5,0,7,7,0,0,0,0,5,5,7,7,0,0,0,0,5,5,7,7,7,0,0,0,5,5,7,7,0,0,0,0,5,5,7,7,0,0,0,0,5,5,7,7,0,0
AKM_LSG_VS_PBKS_3.jpg,0,0,0,0,0,0,0,0,0,0,0,0,0,0,0,0,0,0,5,5,0,0,0,0,0,0,0,5,0,0,0,0,0,0,0,5,0,0,0,0,0,0,0,0,0,0,0,0,0,0,0,0,0,0,0,0,0,0,0,0,0,0,0,0
AKM_LSG_VS_PBKS_4.jpg,0,0,0,0,0,0,0,0,5,5,0,0,0,0,0,0,0,0,0,0,0,5,5,5,5,5,0,7,0,5,5,5,5,5,0,7,7,5,5,5,5,5,0,7,7,5,5,5,5,5,0,7,7,5,5,5,5,5,0,7,0,5,5,5
AKM_LSG_VS_PBKS_5.jpg,0,0,0,0,0,0,0,0,0,0,0,0,0,0,0,0,0,7,0,7,5,5,0,0,7,7,0,7,5,5,0,0,0,0,0,7,5,5,0,0,0,0,0,0,5,5,0,0,0,0,0,0,0,0,0,0,0,0,0,0,0,0,0,0
AKM_LSG_VS_PBKS_6.jpg,0,0,0,0,0,0,0,0,0,0,0,0,7,0,0,0,5,5,0,0,7,0,0,0,5,5,0,0,7,7,0,0,5,5,0,0,7,0,0,0,5,5,0,0,0,0,0,0,5,5,0,0,0,0,0,0,5,5,0,0,0,0,0,0
AKM_LSG_VS_PBKS_7.jpg,0,0,0,0,0,0,0,0,0,0,0,0,0,0,5,0,0,0,0,7,0,0,5,0,0,0,7,7,0,0,5,5,5,5,0,7,0,0,5,5,5,5,0,0,0,0,5,0,0,0,0,0,0,0,0,0,0,0,0,0,0,0,0,0
AKM_LSG_VS_PBKS_8.jpg,0,5,5,5,0,0,0,0,5,5,5,5,5,5,5,0,5,5,5,5,5,5,5,0,5,5,5,5,5,5,5,0,5,5,5,5,5,5,5,0,5,5,5,5,5,5,5,0,5,5,5,5,5,5,5,0,5,5,5,5,0,5,0,0
AKM_LSG_VS_PBKS_9.jpg,0,0,0,0,0,0,0,0,0,0,0,0,5,0,0,0,0,0,0,5,5,0,0,0,0,0,0,5,5,0,0,0,0,0,0,5,5,0,0,0,0,0,0,5,5,0,0,0,0,0,5,5,5,5,0,0,0,0,5,0,0,5,0,0
AKM_MI_VS_LSG_1.jpg,0,0,0,0,6,0,0,0,0,0,6,0,6,0,0,0,0,0,6,6,6,0,0,0,0,0,6,6,6,0,0,0,0,0,6,6,6,0,0,0,0,0,5,0,0,0,0,0,0,0,0,0,0,0,0,0,0,0,0,0,0,0,0,0
AKM_MI_VS_LSG_10.jpg,0,0,6,0,0,0,0,0,0,0,6,0,5,0,0,0,0,6,6,5,5,5,0,0,0,6,6,0,5,0,0,0,0,0,6,5,5,0,0,0,0,0,0,5,0,5,0,0,0,0,0,0,0,0,5,0,0,0,0,0,0,0,0,0
AKM_MI_VS_LSG_11.jpg,0,0,0,0,0,0,0,0,0,0,0,6,0,0,6,0,0,0,0,6,6,0,6,0,0,0,5,6,6,0,6,0,0,0,5,6,6,0,6,0,0,0,5,0,0,0,0,0,0,0,5,0,0,0,0,0,0,0,0,0,0,0,0,0
AKM_MI_VS_LSG_12.jpg,0,0,0,6,0,0,0,0,0,0,0,6,0,0,0,0,0,0,0,6,0,0,0,0,0,0,0,6,0,0,0,0,0,0,0,6,0,0,0,0,0,0,0,0,0,0,0,0,0,0,0,0,0,0,0,0,0,0,0,0,0,0,0,0
AKM_MI_VS_LSG_13.jpg,0,0,0,6,0,0,0,0,0,0,6,0,0,0,0,0,0,0,6,6,0,0,0,0,0,0,6,6,0,0,0,0,0,0,0,6,0,0,0,0,0,0,0,0,0,0,0,0,0,0,0,0,0,0,0,0,0,0,0,0,0,0,0,0
AKM_MI_VS_LSG_14.jpg,0,0,0,0,0,0,0,0,0,0,0,0,0,6,0,0,0,0,5,6,6,6,6,0,0,0,5,6,6,6,6,6,0,0,5,6,6,6,6,0,0,0,0,6,6,6,6,0,0,0,6,6,6,6,6,0,0,0,0,0,0,0,0,0
AKM_MI_VS_LSG_15.jpg,0,0,0,0,0,0,0,0,0,0,0,0,0,0,0,0,0,0,0,0,0,0,0,0,0,0,6,0,0,5,0,0,0,6,6,0,5,0,0,0,0,6,0,5,0,0,0,0,0,0,0,5,0,0,0,0,0,0,0,0,0,0,0,0
AKM_MI_VS_LSG_16.jpg,0,0,0,0,0,0,0,0,0,0,0,6,6,0,0,0,0,0,0,6,6,0,0,0,0,0,0,6,6,6,0,0,0,0,0,6,6,6,0,0,0,0,0,6,6,6,0,0,0,0,0,6,6,6,0,0,0,0,0,0,0,0,0,0
AKM_MI_VS_LSG_17.jpg,0,0,0,0,0,0,0,0,0,0,0,0,0,0,0,0,0,0,6,6,6,6,6,0,0,0,6,6,6,6,6,0,0,0,6,6,6,6,6,0,0,0,6,6,6,6,6,0,0,0,6,6,6,6,6,0,0,0,6,6,6,6,6,0
AKM_MI_VS_LSG_18.jpg,0,0,0,0,0,0,0,0,0,0,0,0,6,0,0,0,0,0,0,6,6,0,0,0,0,0,0,6,6,0,0,0,0,0,0,6,6,0,0,0,0,0,0,6,6,0,0,0,0,0,0,6,6,6,0,0,0,0,0,0,0,0,0,0
AKM_MI_VS_LSG_19.jpg,0,0,0,0,0,0,0,0,0,0,0,0,0,0,0,0,0,0,6,6,0,6,0,0,0,6,6,6,6,6,6,0,0,0,6,6,6,6,6,0,0,6,6,6,0,6,6,0,0,6,6,6,0,6,6,0,0,6,6,6,0,6,6,0
AKM_MI_VS_LSG_2.jpg,0,0,0,0,0,0,0,0,0,0,0,6,0,0,0,0,0,0,0,6,6,0,0,0,0,0,0,0,6,0,0,0,0,0,0,0,6,6,0,0,0,0,0,0,6,0,0,0,0,0,0,0,0,0,0,0,0,0,0,0,0,0,0,0
AKM_MI_VS_LSG_20.jpg,0,0,5,0,0,0,0,0,0,5,0,0,0,0,0,0,0,5,5,0,0,0,0,0,0,5,0,0,0,0,0,0,0,5,5,0,0,0,0,0,0,0,0,0,0,0,0,0,0,0,0,0,0,0,0,0,0,0,0,0,0,0,0,0
AKM_MI_VS_LSG_21.jpg,0,0,0,0,0,0,0,0,0,0,6,0,0,0,5,0,0,0,6,6,0,0,5,0,0,0,6,0,0,0,5,0,0,0,6,0,0,0,5,0,0,0,6,0,0,0,5,0,0,0,6,0,0,0,0,0,0,0,0,0,0,0,0,0
AKM_MI_VS_LSG_22.jpg,0,0,0,0,0,0,0,0,0,0,0,0,0,6,0,0,0,0,5,6,6,6,6,6,0,5,5,6,6,6,6,6,0,5,5,6,6,6,6,6,0,0,6,6,6,6,6,6,0,0,6,6,6,6,6,0,0,0,0,0,0,0,0,0
AKM_MI_VS_LSG_23.jpg,0,0,0,0,0,0,0,0,0,0,6,6,5,0,0,0,0,0,6,6,5,5,0,0,0,0,6,6,5,5,0,0,0,0,6,6,5,5,0,0,0,0,6,6,0,0,0,0,0,0,6,6,0,0,0,0,0,0,0,0,0,0,0,0
AKM_MI_VS_LSG_24.jpg,0,0,0,0,0,0,0,0,0,0,0,0,0,0,0,0,0,0,0,6,0,0,0,0,0,0,0,6,0,0,0,0,0,0,0,6,0,0,0,0,0,0,0,6,0,0,0,0,0,0,6,6,0,0,0,0,0,0,0,0,0,0,0,0
AKM_MI_VS_LSG_25.jpg,0,0,0,0,0,0,0,0,0,0,0,0,0,0,0,0,0,0,0,5,0,0,0,0,0,0,5,5,0,0,0,0,0,0,5,5,0,0,0,0,0,0,5,5,0,0,0,0,0,0,0,0,0,0,0,0,0,0,0,0,0,0,0,0
AKM_MI_VS_LSG_26.jpg,0,0,0,0,0,0,0,0,0,0,0,0,0,0,0,0,0,0,0,0,0,0,0,0,0,0,0,6,0,5,0,0,0,0,6,6,5,5,0,0,0,0,6,0,5,0,0,0,0,0,0,0,0,0,0,0,0,0,0,0,0,0,0,0
AKM_MI_VS_LSG_27.jpg,0,0,0,0,0,0,0,0,0,0,0,0,0,0,6,0,0,0,0,5,0,0,6,0,0,0,0,5,0,0,6,0,0,0,0,5,0,0,6,0,0,0,0,5,0,0,6,0,0,0,0,0,0,0,0,0,0,0,0,0,0,0,0,0
AKM_MI_VS_LSG_28.jpg,0,0,0,0,0,0,0,0,0,0,0,0,0,0,0,0,0,0,0,0,0,0,0,0,0,0,0,0,0,0,0,0,0,0,6,6,0,0,0,0,0,0,6,6,0,5,5,0,0,0,6,6,0,5,5,0,0,0,6,6,0,5,5,0
AKM_MI_VS_LSG_29.jpg,0,0,0,0,0,0,0,0,0,0,0,0,0,0,0,0,0,0,0,0,0,0,0,0,0,0,6,5,0,0,0,0,0,0,6,5,0,0,0,0,0,0,6,5,0,0,0,0,0,0,6,5,0,0,0,0,0,0,0,0,0,0,0,0
AKM_MI_VS_LSG_3.jpg,0,0,0,0,0,0,0,0,0,0,0,5,0,0,0,0,0,0,0,5,5,5,0,0,0,0,5,5,5,5,0,0,0,0,5,5,5,5,0,0,0,0,5,5,5,5,0,0,0,0,5,5,0,5,5,0,0,0,0,0,0,0,0,0
AKM_MI_VS_LSG_30.jpg,0,0,0,6,0,0,0,0,0,0,0,0,0,0,0,0,0,0,6,6,0,0,0,0,0,6,6,6,5,5,0,0,0,0,6,6,5,5,0,0,0,0,6,6,5,5,0,0,0,0,6,6,5,5,0,0,0,0,6,6,5,5,0,0
AKM_MI_VS_LSG_31.jpg,0,0,0,0,6,0,0,0,0,0,6,6,6,0,0,0,0,0,6,6,6,0,0,0,0,0,5,6,6,0,0,0,0,0,5,6,6,0,0,0,0,0,5,0,0,0,0,0,0,0,0,0,0,0,0,0,0,0,0,0,0,0,0,0
AKM_MI_VS_LSG_32.jpg,0,0,0,0,0,0,0,0,0,0,0,5,0,0,0,0,0,0,0,5,5,5,0,0,0,0,5,5,5,5,0,0,0,0,5,5,5,5,0,0,0,0,5,5,5,5,0,0,0,0,5,5,0,5,5,0,0,0,0,0,0,5,0,0
AKM_MI_VS_LSG_33.jpg,0,0,0,0,0,0,0,0,0,0,6,0,0,0,0,0,0,0,6,0,6,6,0,0,0,6,6,0,6,6,0,0,0,0,6,0,6,6,0,0,0,0,0,0,0,0,0,0,0,0,0,0,0,0,0,0,0,0,0,0,0,0,0,0
AKM_MI_VS_LSG_34.jpg,0,0,0,0,0,0,0,0,0,0,6,6,0,0,0,0,0,0,6,6,0,0,0,0,0,0,6,6,0,0,0,0,0,0,6,6,0,0,0,0,0,0,0,6,0,0,0,0,0,0,6,6,0,0,0,0,0,0,0,0,0,0,0,0
AKM_MI_VS_LSG_35.jpg,0,0,6,0,0,0,0,0,0,0,0,6,0,0,0,0,0,0,6,6,0,0,0,0,0,0,6,6,0,0,0,0,0,0,6,6,6,0,0,0,0,0,0,6,6,0,0,0,0,0,0,0,0,0,0,0,0,0,0,0,0,0,0,0
AKM_MI_VS_LSG_36.jpg,0,0,0,0,0,0,0,0,0,0,5,5,5,5,0,0,0,5,5,5,5,5,5,0,0,5,5,0,5,5,5,0,0,5,5,5,5,5,5,0,0,5,5,5,5,5,5,0,0,5,5,5,5,5,5,0,0,0,0,0,0,0,0,0
AKM_MI_VS_LSG_37.jpg,0,0,0,0,0,0,0,0,0,0,0,6,0,0,0,0,0,0,0,6,6,0,0,0,0,0,0,6,6,0,0,0,0,0,0,6,6,0,0,0,0,0,0,6,6,0,0,0,0,0,0,0,0,0,0,0,0,0,0,0,0,0,0,0
AKM_MI_VS_LSG_38.jpg,0,0,0,0,0,0,0,0,0,0,0,6,6,0,0,0,0,0,6,6,6,6,0,0,0,0,6,6,6,6,0,0,0,0,6,6,6,6,0,0,0,0,0,6,6,0,0,0,0,0,0,0,0,0,0,0,0,0,0,0,0,0,0,0
AKM_MI_VS_LSG_39.jpg,0,0,0,0,0,0,0,0,0,6,6,0,5,0,0,0,0,6,6,5,5,5,0,0,0,6,6,0,5,0,0,0,0,6,6,5,5,0,0,0,0,0,0,5,0,5,5,0,0,0,0,0,0,0,5,0,0,0,0,0,0,0,0,0
AKM_MI_VS_LSG_4.jpg,0,0,0,0,0,0,0,0,0,0,6,0,0,0,0,0,0,6,6,0,6,6,0,0,0,6,6,0,6,6,0,0,0,0,6,0,6,6,0,0,0,0,0,0,0,0,0,0,0,0,0,0,0,0,0,0,0,0,0,0,0,0,0,0
AKM_MI_VS_LSG_5.jpg,0,0,0,0,0,0,0,0,0,0,6,6,0,0,0,0,0,0,6,6,0,0,0,0,0,0,6,6,0,0,0,0,0,0,6,6,0,0,0,0,0,0,0,6,0,0,0,0,0,0,6,6,0,0,0,0,0,0,0,0,0,0,0,0
AKM_MI_VS_LSG_6.jpg,0,0,6,0,0,0,0,0,0,0,0,6,0,0,0,0,0,0,6,6,0,0,0,0,0,0,6,6,0,0,0,0,0,0,6,6,0,0,0,0,0,0,0,6,6,0,0,0,0,0,0,0,0,0,0,0,0,0,0,0,0,0,0,0
AKM_MI_VS_LSG_7.jpg,0,0,0,0,0,0,0,0,0,0,5,5,5,0,0,0,0,0,5,5,5,5,5,5,0,5,5,0,5,5,5,0,0,5,5,5,5,5,5,5,0,5,5,5,5,5,5,0,0,0,5,5,5,5,5,0,0,0,0,0,0,0,0,0
AKM_MI_VS_LSG_8.jpg,0,0,0,0,0,0,0,0,0,0,0,6,0,0,0,0,0,0,0,6,6,0,0,0,0,0,0,6,6,0,0,0,0,0,0,6,6,0,0,0,0,0,0,0,6,0,0,0,0,0,0,0,0,0,0,0,0,0,0,0,0,0,0,0
AKM_MI_VS_LSG_9.jpg,0,0,0,0,0,0,0,0,0,0,0,6,0,0,0,0,0,0,6,6,6,6,0,0,0,0,6,6,6,6,0,0,0,0,0,6,6,6,0,0,0,0,0,0,0,0,0,0,0,0,0,0,0,0,0,0,0,0,0,0,0,0,0,0
AKM_RCB_VS_LSG_1.jpg,0,0,0,0,0,0,0,0,0,0,0,0,0,0,0,0,5,5,0,0,0,9,5,0,5,5,9,0,5,9,5,5,5,5,9,0,5,9,5,0,5,5,9,0,0,0,0,0,5,5,0,0,0,0,0,0,0,0,0,0,0,0,0,0
AKM_RCB_VS_LSG_10.jpg,0,0,0,0,0,0,0,0,0,0,0,5,0,0,0,0,0,0,0,5,0,0,0,0,0,5,5,5,5,5,5,0,5,5,5,5,5,5,5,5,5,5,5,0,5,0,5,0,5,5,5,5,5,5,5,0,5,5,5,5,5,5,5,0
AKM_RCB_VS_LSG_11.jpg,0,0,0,0,0,0,0,0,0,0,0,0,5,0,0,0,0,0,0,0,5,0,0,0,0,9,0,0,5,0,0,0,0,9,9,0,5,0,0,0,0,9,9,0,0,0,0,0,0,0,0,0,0,0,0,0,0,0,0,0,0,0,0,0
AKM_RCB_VS_LSG_12.jpg,0,0,0,0,0,0,0,0,0,0,0,0,0,0,0,0,5,5,5,5,0,0,0,0,0,5,5,5,5,5,9,0,5,5,5,0,5,5,9,0,5,5,5,5,5,5,9,0,0,0,0,5,5,5,9,0,0,0,0,5,0,0,0,0
AKM_RCB_VS_LSG_13.jpg,0,0,0,0,0,0,0,0,0,0,0,5,5,0,0,0,0,0,0,5,5,0,0,0,0,0,0,5,5,0,0,0,0,0,0,5,5,0,0,0,0,0,0,0,0,0,0,0,0,0,0,0,0,0,0,0,0,0,0,0,0,0,0,0
AKM_RCB_VS_LSG_14.jpg,0,0,0,0,0,0,5,0,0,9,0,0,5,0,5,0,0,9,0,0,5,0,5,0,0,9,0,0,5,5,5,0,0,9,0,0,5,5,5,0,0,0,0,0,5,0,0,0,0,0,0,0,0,0,0,0,0,0,0,0,0,0,0,0
AKM_RCB_VS_LSG_15.jpg,0,0,0,0,0,0,0,0,0,0,0,0,5,0,0,0,0,0,0,5,5,0,0,0,0,0,0,5,5,0,0,0,0,0,0,5,5,0,0,0,0,0,0,0,0,0,0,0,0,0,0,0,0,0,0,0,0,0,0,0,0,0,0,0
AKM_RCB_VS_LSG_16.jpg,0,0,0,0,0,0,0,0,0,0,0,0,0,0,0,0,0,0,0,0,0,0,0,0,0,0,0,0,5,5,0,0,0,0,0,0,5,0,0,0,0,0,0,0,5,0,0,0,0,0,0,0,0,0,0,0,0,0,0,0,0,0,0,0
AKM_RCB_VS_LSG_17.jpg,0,0,0,0,0,0,0,0,0,0,0,0,0,0,0,0,0,0,0,5,5,0,0,0,0,0,0,5,5,0,0,0,0,0,0,5,5,0,0,0,0,0,0,0,0,0,0,0,0,0,0,0,0,0,0,0,0,0,0,0,0,0,0,0
AKM_RCB_VS_LSG_18.jpg,0,0,0,0,0,0,0,0,0,0,0,0,0,0,0,0,0,0,0,0,0,0,0,0,0,0,0,5,0,5,0,0,0,0,0,5,0,5,0,0,0,0,0,5,0,5,0,0,0,0,0,0,0,0,0,0,0,0,0,0,0,0,0,0
AKM_RCB_VS_LSG_19.jpg,0,0,0,0,0,0,0,0,0,0,0,0,0,0,5,0,0,0,0,5,5,5,0,0,0,0,0,0,5,0,0,0,0,0,0,5,5,5,0,0,0,0,0,5,5,5,0,0,0,0,0,0,0,0,0,0,0,0,0,0,0,0,0,0
AKM_RCB_VS_LSG_2.jpg,0,0,0,0,0,0,0,0,0,0,0,0,0,0,0,0,0,0,0,0,0,0,0,0,0,0,5,5,5,5,0,0,0,0,5,5,5,5,0,0,0,0,5,5,5,0,0,0,0,0,5,5,5,0,0,0,0,0,5,5,5,0,0,0
AKM_RCB_VS_LSG_20.jpg,0,0,0,0,0,0,0,0,0,0,0,0,5,0,0,0,0,0,0,5,5,0,0,0,0,0,0,5,5,0,0,0,0,0,0,5,0,0,0,0,0,0,0,5,5,0,0,0,0,0,0,0,0,0,0,0,0,0,0,0,0,0,0,0
AKM_RCB_VS_LSG_21.jpg,0,0,0,5,0,0,0,0,0,0,0,0,0,0,0,0,0,0,0,5,0,0,0,0,0,0,0,5,9,9,0,0,0,0,0,5,9,9,0,0,0,0,0,0,9,0,0,0,0,0,0,0,0,0,0,0,0,0,0,0,0,0,0,0
AKM_RCB_VS_LSG_22.jpg,0,0,0,0,0,0,0,0,0,0,0,0,0,0,0,0,0,9,9,0,0,0,0,0,0,9,9,0,5,5,5,0,0,9,9,0,5,5,5,0,0,9,9,0,5,5,5,0,0,9,9,0,5,5,5,0,0,9,9,0,5,5,5,0
AKM_RCB_VS_LSG_23.jpg,0,0,0,0,0,0,0,0,0,0,0,0,0,0,0,0,0,0,0,5,5,0,0,0,0,0,5,5,5,0,5,0,0,0,0,5,5,0,0,0,0,0,5,5,5,0,0,0,0,0,5,5,5,0,0,0,0,0,5,5,5,0,0,0
AKM_RCB_VS_LSG_24.jpg,0,0,0,0,0,0,0,0,0,0,0,0,0,0,0,0,0,0,0,0,0,0,0,0,0,5,0,0,5,0,0,0,0,0,0,0,5,0,0,0,5,5,5,0,5,5,0,0,5,5,0,0,5,0,0,0,5,5,0,0,5,0,0,0
AKM_RCB_VS_LSG_25.jpg,0,0,0,0,0,0,0,0,0,0,0,0,0,0,0,0,0,0,0,0,5,0,0,0,0,0,0,0,0,0,0,0,0,0,0,5,5,0,0,0,0,0,0,5,5,0,0,0,0,0,0,5,5,5,0,0,0,0,0,5,5,5,0,0
AKM_RCB_VS_LSG_26.jpg,0,0,0,0,0,0,0,0,0,0,0,0,0,0,0,0,0,0,0,0,0,0,0,0,0,0,0,5,5,0,0,0,0,0,0,0,5,5,0,0,0,0,0,5,5,0,0,0,0,0,0,5,5,0,0,0,0,0,0,5,5,0,0,0
AKM_RCB_VS_LSG_27.jpg,0,0,0,0,0,0,0,0,0,0,0,0,0,0,0,0,0,0,0,0,0,0,0,0,0,0,0,0,0,0,0,0,0,0,0,0,0,0,0,0,0,0,0,0,5,5,0,0,0,0,0,5,5,5,0,0,0,0,0,5,5,5,5,0
AKM_RCB_VS_LSG_28.jpg,0,0,0,0,0,5,0,0,0,0,0,0,5,5,0,0,0,0,0,5,5,5,0,0,0,0,0,5,5,0,0,0,0,0,0,5,5,0,0,0,0,0,0,0,0,0,0,0,0,0,0,0,0,0,0,0,0,0,0,0,0,0,0,0
AKM_RCB_VS_LSG_29.jpg,0,0,0,0,0,0,0,0,0,0,0,0,5,0,0,0,0,0,0,0,5,5,0,0,0,0,0,0,5,5,0,0,0,0,0,0,5,5,0,0,0,0,0,0,5,5,0,0,0,0,0,0,0,0,0,0,0,0,0,0,0,0,0,0
AKM_RCB_VS_LSG_3.jpg,0,5,0,0,0,0,0,0,0,5,0,0,0,0,0,0,0,5,0,5,5,5,0,0,0,5,0,5,5,5,0,0,0,5,0,5,5,5,0,0,0,5,5,5,5,5,0,0,0,5,5,5,5,0,0,0,0,5,0,0,0,0,0,0
AKM_RCB_VS_LSG_30.jpg,0,0,0,0,0,0,0,0,0,0,0,5,0,0,0,0,0,0,0,0,0,0,0,0,0,0,5,5,0,0,0,0,0,0,5,5,5,0,0,0,0,0,5,0,0,0,0,0,0,0,5,5,0,0,0,0,0,0,5,5,5,0,0,0
AKM_RCB_VS_LSG_31.jpg,0,0,0,0,0,0,0,0,0,0,0,5,0,0,0,0,0,0,0,5,0,0,0,0,0,0,0,5,5,0,0,0,0,0,0,5,5,0,0,0,0,0,0,5,5,0,0,0,0,0,0,0,0,0,0,0,0,0,0,0,0,0,0,0
AKM_RCB_VS_LSG_32.jpg,0,0,0,0,0,0,0,0,0,0,0,0,0,0,0,0,0,0,5,0,0,0,0,0,0,0,5,5,0,0,0,0,0,0,5,5,0,0,0,0,0,0,5,5,0,0,0,0,0,0,0,5,5,0,0,0,0,0,0,5,5,0,0,0
AKM_RCB_VS_LSG_33.jpg,0,0,0,0,0,0,0,0,0,0,0,0,0,0,0,0,0,0,0,0,0,0,0,0,0,0,0,0,0,5,0,0,0,0,0,9,0,5,0,0,0,0,0,9,0,5,0,0,0,0,0,9,9,5,0,0,0,0,0,0,0,0,0,0
AKM_RCB_VS_LSG_34.jpg,0,0,0,9,0,0,0,0,0,0,0,0,0,0,0,0,0,0,9,9,5,5,0,0,0,0,9,9,5,5,5,0,0,9,9,9,5,5,5,0,0,9,9,9,5,5,5,0,0,9,9,9,5,5,5,0,0,0,9,9,5,5,5,0
AKM_RCB_VS_LSG_35.jpg,0,0,0,0,0,0,0,0,0,0,0,0,0,0,0,0,0,9,9,0,0,5,0,0,0,9,9,0,5,5,5,0,0,9,9,0,5,5,5,0,0,9,9,0,5,5,5,0,0,9,9,0,5,5,5,0,0,9,9,0,5,5,5,0
AKM_RCB_VS_LSG_36.jpg,0,0,0,0,0,0,0,0,0,0,0,0,0,0,0,0,5,5,0,0,9,9,5,5,5,5,9,0,5,9,5,5,5,5,9,0,5,9,5,0,0,5,9,0,5,0,0,0,5,5,0,0,0,0,0,0,0,0,0,0,0,0,0,0
AKM_RCB_VS_LSG_4.jpg,0,0,0,0,0,0,0,0,0,0,5,0,0,0,0,0,0,0,5,5,0,0,5,0,0,0,5,5,0,5,5,5,0,0,5,5,0,5,5,5,0,0,5,5,0,5,5,5,0,0,5,5,0,5,5,5,0,0,5,5,0,5,5,5
AKM_RCB_VS_LSG_5.jpg,0,0,0,0,0,0,0,0,0,0,0,0,0,0,0,0,0,0,5,0,0,0,0,0,0,0,5,5,5,5,0,0,0,5,5,5,5,5,0,0,0,0,5,5,5,5,0,0,0,0,5,5,5,5,0,0,0,0,5,5,5,5,0,0
AKM_RCB_VS_LSG_6.jpg,0,0,0,0,0,0,0,0,0,5,0,0,0,0,0,0,5,5,5,0,0,0,0,0,5,5,5,5,5,5,5,0,5,5,5,5,5,5,5,0,5,5,5,5,5,5,5,0,5,5,5,5,5,5,5,0,5,5,5,5,5,5,5,0
AKM_RCB_VS_LSG_7.jpg,0,0,0,0,0,0,0,0,0,0,0,0,0,0,0,0,0,0,0,0,0,0,0,0,0,0,9,0,5,5,0,0,0,0,9,0,5,5,0,0,0,9,9,0,5,5,0,0,0,9,9,0,5,5,0,0,0,0,9,9,5,5,0,0
AKM_RCB_VS_LSG_8.jpg,0,0,0,0,0,0,0,0,0,0,0,0,0,0,0,0,0,0,5,5,5,0,0,0,0,0,0,5,5,0,0,0,0,0,0,5,5,0,0,0,0,0,0,0,5,0,0,0,0,0,0,0,5,0,0,0,0,0,0,0,0,0,0,0
AKM_RCB_VS_LSG_9.jpg,0,0,0,0,0,0,0,0,0,0,0,0,0,0,0,0,0,0,0,5,5,0,0,0,0,0,0,5,0,0,0,0,0,0,0,5,0,0,0,0,0,0,5,5,5,0,0,0,0,0,5,0,0,0,0,0,0,0,0,0,0,0,0,0
AKM_MI_VS_RR_1.jpg,0,0,0,0,6,0,0,0,0,0,0,0,0,6,0,0,0,0,6,6,6,6,0,0,0,0,6,6,6,6,0,0,0,0,6,6,6,6,0,0,0,0,0,0,0,0,0,0,0,0,0,0,0,0,0,0,0,0,0,0,0,0,0,0
AKM_MI_VS_RR_10.jpg,0,0,0,0,0,0,0,0,0,0,8,0,6,6,0,0,0,0,8,0,6,6,0,0,0,0,0,0,6,6,0,0,0,0,0,0,8,0,0,0,0,0,0,0,0,0,0,0,0,0,0,0,0,0,0,0,0,0,0,0,0,0,0,0
AKM_MI_VS_RR_11.jpg,0,0,0,0,0,0,0,0,0,0,0,8,0,0,0,0,0,0,0,8,8,6,6,0,0,0,0,8,8,6,6,0,0,0,0,8,8,6,6,0,0,0,0,8,8,6,6,0,0,0,0,0,0,6,6,0,0,0,0,0,0,0,0,0
AKM_MI_VS_RR_12.jpg,0,0,0,0,0,0,0,0,0,0,0,0,0,0,0,0,0,0,0,0,0,0,0,0,0,0,0,0,0,0,0,0,0,0,0,0,0,0,0,0,0,0,6,6,0,0,0,0,0,0,6,6,0,0,0,0,0,0,6,6,0,0,0,0
AKM_MI_VS_RR_13.jpg,0,0,0,0,0,0,0,0,0,0,0,0,0,0,0,8,0,6,6,6,0,0,8,8,0,6,6,6,0,0,8,8,0,6,6,6,0,0,8,8,0,6,6,6,0,0,8,8,0,6,6,6,0,0,8,0,0,6,6,0,0,0,0,0
AKM_MI_VS_RR_14.jpg,0,0,0,0,0,0,0,0,0,0,0,0,0,0,0,0,0,0,0,0,0,6,0,0,0,0,0,0,6,0,0,0,0,0,0,0,6,0,0,0,0,0,0,0,6,0,0,0,0,0,0,6,6,0,0,0,0,0,0,0,0,0,0,0
AKM_MI_VS_RR_15.jpg,0,0,0,0,0,0,0,0,0,0,0,0,0,0,8,0,0,0,0,0,0,0,8,8,0,0,6,6,0,0,8,0,0,0,0,6,6,0,8,0,0,0,6,6,6,0,0,0,0,0,6,0,6,0,0,0,0,0,0,0,0,0,0,0
AKM_MI_VS_RR_16.jpg,0,0,0,0,0,0,0,0,0,0,0,0,0,0,0,0,0,0,0,0,0,8,0,0,0,6,6,0,0,8,8,0,0,6,6,0,0,8,8,0,0,6,6,0,0,8,8,0,0,0,0,0,0,0,0,0,0,0,0,0,0,0,0,0
AKM_MI_VS_RR_17.jpg,0,0,0,0,0,0,0,0,0,0,0,0,0,0,0,0,0,0,0,6,6,0,0,0,0,0,0,6,0,0,0,0,0,0,6,6,0,0,0,0,0,0,6,6,0,0,0,0,0,0,6,6,0,0,0,0,0,0,0,0,0,0,0,0
AKM_MI_VS_RR_18.jpg,0,0,0,0,0,0,0,0,0,0,0,0,0,0,0,0,0,0,0,6,0,0,0,0,0,0,0,6,6,0,0,0,0,0,0,6,6,0,0,0,0,0,0,6,6,0,0,0,0,0,0,6,0,0,0,0,0,0,0,0,0,0,0,0
AKM_MI_VS_RR_19.jpg,0,0,0,0,0,0,0,0,0,6,0,0,6,0,6,0,6,6,6,0,6,0,6,0,0,6,6,0,6,6,6,0,0,6,6,0,6,6,6,0,0,6,6,0,6,6,6,0,0,6,6,0,6,0,6,0,0,0,0,0,0,0,0,0
AKM_MI_VS_RR_2.jpg,0,0,0,0,0,0,0,0,0,0,0,0,6,0,0,0,0,0,0,0,6,6,0,0,0,0,0,0,6,0,0,0,0,0,0,0,6,6,0,0,0,0,0,0,6,0,0,0,0,0,0,0,0,0,0,0,0,0,0,0,0,0,0,0
AKM_MI_VS_RR_20.jpg,0,0,0,0,0,0,0,0,0,0,6,0,0,0,0,0,0,6,6,6,6,0,0,0,0,6,6,0,6,6,6,6,0,6,6,0,6,6,0,6,0,6,6,0,6,0,6,6,0,6,6,0,6,0,0,0,0,0,0,0,0,0,0,0
AKM_MI_VS_RR_21.jpg,0,0,0,0,0,0,0,0,0,0,0,6,0,0,6,0,6,6,0,6,6,0,6,0,6,6,0,6,6,6,6,6,6,6,0,6,6,0,6,0,0,6,0,6,6,0,6,0,0,6,0,6,6,0,0,0,0,6,0,0,0,0,0,0
AKM_MI_VS_RR_22.jpg,0,0,0,0,0,0,0,0,6,6,6,0,0,0,0,0,6,6,6,0,6,6,6,6,6,6,6,0,6,6,6,6,6,6,6,0,6,0,0,0,6,6,6,0,0,0,0,0,0,0,0,0,0,0,0,0,0,0,0,0,0,0,0,0
AKM_MI_VS_RR_23.jpg,0,0,0,0,0,0,0,0,0,0,0,0,0,0,0,0,0,0,0,6,6,0,0,0,0,0,0,0,6,0,0,0,0,0,0,0,6,0,0,0,0,0,0,0,6,0,0,0,0,0,0,0,6,0,0,0,0,0,0,0,6,0,0,0
AKM_MI_VS_RR_24.jpg,0,0,0,0,0,0,0,0,0,0,0,0,0,0,0,0,0,0,0,0,0,6,0,0,6,6,6,6,6,6,6,6,6,6,6,6,6,6,6,6,6,6,6,6,6,6,6,6,6,0,0,0,0,0,0,0,0,0,0,0,0,0,0,0
AKM_MI_VS_RR_25.jpg,0,0,0,0,6,0,0,0,0,0,0,0,0,6,0,0,0,0,6,6,6,6,0,0,0,0,6,6,6,6,0,0,0,0,6,6,6,6,0,0,0,0,6,0,0,0,0,0,0,0,0,0,0,0,0,0,0,0,0,0,0,0,0,0
AKM_MI_VS_RR_3.jpg,0,0,0,0,0,0,0,0,0,0,0,6,0,0,0,0,0,0,0,6,0,0,0,0,0,0,0,6,0,0,0,0,0,0,6,6,0,0,0,0,0,0,6,6,0,0,0,0,0,0,0,0,0,0,0,0,0,0,0,0,0,0,0,0
AKM_MI_VS_RR_4.jpg,0,0,0,0,0,0,0,0,0,0,0,0,0,0,0,0,0,0,0,0,6,0,0,0,0,0,0,0,6,0,0,0,0,0,0,0,6,0,0,0,0,0,0,6,6,0,0,0,0,0,0,0,0,0,0,0,0,0,0,0,0,0,0,0
AKM_MI_VS_RR_5.jpg,0,0,0,0,0,0,0,0,0,0,0,0,0,6,0,0,0,0,0,0,0,6,0,0,0,8,8,0,0,6,0,0,0,8,8,0,0,6,6,0,0,8,8,0,0,6,6,0,0,0,0,0,0,0,0,0,0,0,0,0,0,0,0,0
AKM_MI_VS_RR_6.jpg,0,0,0,0,0,0,0,0,0,0,6,0,0,0,0,0,0,0,6,6,0,0,0,0,0,0,6,6,0,0,0,0,0,0,6,6,0,0,0,0,0,0,6,6,0,0,0,0,0,0,0,0,0,0,0,0,0,0,0,0,0,0,0,0
AKM_MI_VS_RR_7.jpg,0,0,0,0,0,0,0,0,0,0,0,0,0,6,0,0,0,0,8,8,6,6,0,0,0,0,8,8,6,6,0,0,0,0,0,8,6,6,0,0,0,0,0,8,6,6,0,0,0,0,0,8,0,0,0,0,0,0,0,0,0,0,0,0
AKM_MI_VS_RR_8.jpg,0,0,0,0,0,0,0,0,0,0,0,6,0,0,0,0,0,0,0,6,6,0,0,0,0,0,0,6,6,0,0,0,0,0,0,6,6,0,0,0,0,0,0,6,6,0,0,0,0,0,0,0,0,0,0,0,0,0,0,0,0,0,0,0
AKM_MI_VS_RR_9.jpg,0,0,0,0,0,0,0,0,0,0,0,0,8,6,0,0,0,0,0,8,8,6,6,0,0,0,0,0,8,6,6,0,8,0,0,0,8,6,6,0,8,0,0,8,8,8,0,0,0,0,0,8,0,0,0,0,0,0,0,0,0,0,0,0
AKM_LSG_VS_RR_1.jpg,0,0,0,0,0,0,0,0,0,0,0,0,8,0,0,0,0,0,5,5,8,0,0,0,0,0,5,5,8,8,0,0,0,0,5,5,8,8,0,0,0,0,5,5,8,0,0,0,0,0,0,5,0,0,0,0,0,0,5,5,0,0,0,0
AKM_LSG_VS_RR_2.jpg,0,0,0,0,0,0,0,0,0,0,0,0,0,0,0,0,0,0,0,0,0,0,0,0,0,0,0,0,0,0,0,0,0,0,5,5,5,0,0,0,0,0,5,5,5,0,0,0,0,0,5,5,5,0,0,0,0,0,0,5,5,0,0,0
AKM_LSG_VS_RR_3.jpg,0,0,0,0,0,0,0,0,0,0,0,0,0,0,0,0,0,0,5,5,0,0,0,0,0,0,5,5,0,0,0,0,0,0,5,5,0,0,0,0,0,0,0,5,0,0,0,0,0,0,0,0,0,0,0,0,0,0,0,0,0,0,0,0
AKM_CSK_VS_MI_1.jpg,0,0,0,0,0,0,0,0,0,0,0,0,0,0,0,0,0,0,0,0,6,0,0,0,0,0,0,6,6,6,0,0,0,0,0,6,6,6,0,0,0,0,0,6,6,6,0,0,0,0,0,6,6,6,0,0,0,0,0,6,6,6,0,0
AKM_CSK_VS_MI_2.jpg,0,0,0,0,0,0,0,0,0,0,0,0,0,0,0,0,0,0,6,6,6,0,0,0,0,0,6,6,6,6,0,0,0,0,6,6,6,0,0,0,0,0,6,6,6,0,0,0,0,0,6,6,0,0,0,0,0,0,6,6,6,0,0,0
AKM_CSK_VS_MI_3.jpg,0,0,0,0,0,0,0,0,0,0,0,0,0,0,0,0,0,0,0,0,6,0,0,0,0,0,0,0,0,0,0,0,0,0,0,0,6,6,0,0,0,0,0,0,6,6,6,0,0,0,0,0,6,6,0,0,0,0,0,0,6,6,0,0
mmb-rcb-vs-gt-1.jpg,0,0,3,0,0,0,0,0,3,0,3,0,3,0,0,0,3,0,0,0,0,0,0,0,0,0,0,0,0,0,0,0,0,0,0,9,0,9,9,9,0,0,0,9,0,0,9,9,0,0,0,0,0,0,9,0,0,0,0,0,0,0,0,0
mmb-rcb-vs-gt-10.jpg,0,0,0,0,0,0,0,0,0,0,0,0,0,0,0,0,0,0,0,0,9,0,0,0,0,0,0,0,9,0,0,0,0,0,0,0,9,0,0,0,0,0,0,0,0,0,0,0,0,0,0,0,0,0,0,0,0,0,0,0,0,0,0,0
mmb-rcb-vs-gt-11.jpg,0,0,0,0,0,0,0,0,0,0,0,0,0,0,0,0,0,0,0,0,0,0,0,0,0,0,0,9,0,0,0,0,0,0,0,9,0,0,0,0,0,0,0,9,9,0,0,0,0,0,0,9,9,0,0,0,0,0,0,9,9,0,0,0
mmb-rcb-vs-gt-12.jpg,0,0,0,0,0,0,0,0,0,0,0,9,9,0,0,0,0,0,0,9,9,0,0,0,0,0,0,9,9,0,0,0,0,0,0,9,9,0,0,0,0,0,0,0,0,0,0,0,0,0,0,0,0,0,0,0,0,0,0,0,0,0,0,0
mmb-rcb-vs-gt-13.jpg,0,0,0,0,0,0,0,0,0,0,0,0,0,0,0,0,0,0,0,0,0,0,0,0,0,0,0,9,0,0,0,0,0,0,0,0,9,0,0,0,0,0,0,0,9,0,0,0,0,0,0,0,9,9,0,0,0,0,0,0,9,9,0,0
mmb-rcb-vs-gt-14.jpg,0,9,0,0,0,0,0,0,0,9,0,0,3,0,0,0,0,0,0,0,3,0,0,0,0,0,0,0,0,0,0,0,0,0,0,0,0,9,0,0,0,0,0,0,0,9,0,0,0,0,0,0,0,0,0,0,0,0,0,0,0,0,0,0
mmb-rcb-vs-gt-15.jpg,0,0,0,0,0,0,0,0,0,0,0,9,9,0,0,0,0,0,0,9,9,0,0,0,0,0,0,0,0,0,0,0,0,0,0,3,0,0,0,0,0,0,0,3,0,0,0,0,0,0,0,0,0,0,0,0,0,0,0,0,0,0,0,0
mmb-rcb-vs-gt-16.jpg,0,0,0,9,3,0,0,0,0,0,0,9,3,0,0,0,0,0,0,9,3,0,0,0,0,0,0,0,0,0,0,0,0,0,0,9,0,0,0,0,0,0,0,9,0,0,0,0,0,0,0,0,0,0,0,0,0,0,0,0,0,0,0,0
mmb-rcb-vs-gt-17.jpg,0,0,0,0,9,0,0,0,0,0,0,9,0,3,0,0,0,0,0,0,0,3,0,0,0,0,0,0,0,0,0,0,0,0,0,0,0,0,0,0,0,0,0,0,0,0,9,0,0,0,0,0,0,0,9,0,0,0,0,0,0,0,0,0
mmb-rcb-vs-gt-18.jpg,0,9,0,0,0,0,0,0,0,0,0,0,9,0,9,0,0,9,0,9,9,0,9,0,0,9,0,0,9,0,9,0,0,9,0,9,9,0,9,0,0,9,0,0,0,0,9,0,0,0,0,0,0,0,0,0,0,0,0,0,0,0,0,0
mmb-rcb-vs-gt-19.jpg,0,0,0,0,0,0,0,0,0,0,3,3,0,9,9,0,0,0,3,3,0,9,9,0,0,0,3,0,0,9,9,0,0,0,3,0,0,9,9,0,0,0,0,0,0,9,9,0,0,0,0,0,0,0,9,0,0,0,0,0,0,0,0,0
mmb-rcb-vs-gt-2.jpg,0,0,0,0,0,0,0,0,0,0,0,0,0,0,0,0,0,0,0,9,9,9,0,0,0,0,0,9,9,9,0,0,0,0,0,9,9,9,0,0,0,0,0,0,9,9,0,0,0,0,0,0,0,0,0,0,0,0,0,0,0,0,0,0
mmb-rcb-vs-gt-20.jpg,0,0,0,0,0,0,0,0,0,9,0,9,9,0,0,0,0,0,0,0,0,0,0,0,9,9,0,9,9,0,0,0,9,9,0,9,9,0,0,0,9,9,0,9,9,0,0,0,9,9,0,9,9,0,0,0,9,9,0,0,0,0,0,0
mmb-rcb-vs-gt-21.jpg,0,0,0,0,0,0,0,0,9,9,0,0,9,0,0,0,9,9,0,9,9,0,0,0,9,9,0,9,9,0,0,0,9,9,0,9,9,0,0,0,9,9,0,9,9,0,0,0,0,0,0,0,0,0,0,0,0,0,0,0,0,0,0,0
mmb-rcb-vs-gt-22.jpg,0,0,0,0,0,0,0,0,0,0,0,0,0,0,0,0,0,0,0,0,0,0,0,0,9,9,0,9,9,0,0,0,0,9,0,9,9,0,0,0,0,0,0,9,9,0,0,0,0,0,0,9,9,0,0,0,0,0,0,0,0,0,0,0
mmb-rcb-vs-gt-23.jpg,0,0,0,0,0,0,0,0,0,0,0,0,0,0,0,0,0,0,0,0,0,0,0,0,9,9,0,9,9,9,9,9,9,9,0,9,9,9,9,9,9,9,9,9,9,9,9,9,0,0,0,0,0,0,0,0,0,0,0,0,0,0,0,0
mmb-rcb-vs-gt-24.jpg,0,0,0,0,0,0,0,0,0,0,0,0,0,0,0,0,9,9,0,0,9,0,0,0,9,9,0,0,9,0,0,0,9,9,0,0,9,0,0,0,9,9,0,9,0,0,0,0,0,0,0,0,0,0,0,0,0,0,0,0,0,0,0,0
mmb-rcb-vs-gt-25.jpg,0,0,0,0,0,0,0,0,0,0,0,0,0,0,0,0,0,0,0,9,9,0,0,0,0,0,0,9,9,0,0,0,0,0,0,9,0,0,0,0,0,0,9,9,0,0,0,0,0,0,0,0,0,0,0,0,0,0,0,0,0,0,0,0
mmb-rcb-vs-gt-26.jpg,0,0,0,0,0,0,0,0,0,0,0,0,0,0,0,0,9,9,9,9,0,9,0,0,9,9,9,9,0,9,0,0,9,9,0,9,0,9,0,0,9,0,0,0,0,0,0,0,0,0,0,0,0,0,0,0,0,0,0,0,0,0,0,0
mmb-rcb-vs-gt-27.jpg,0,0,0,0,0,0,0,0,0,0,0,0,0,0,0,0,0,0,0,0,0,3,0,0,0,0,9,0,0,3,0,0,0,0,9,0,0,3,0,0,0,0,9,0,0,3,0,0,0,0,0,0,0,3,0,0,0,0,0,0,0,0,0,0
mmb-rcb-vs-gt-28.jpg,0,0,0,0,0,0,0,0,0,0,0,0,0,0,0,0,0,0,0,0,0,0,0,0,0,0,0,0,0,0,0,0,0,0,9,3,0,0,0,0,0,0,9,3,0,0,0,0,0,0,0,0,0,0,0,0,0,0,0,0,0,0,0,0
mmb-rcb-vs-gt-29.jpg,0,0,0,0,0,0,0,0,0,0,0,0,0,0,0,0,0,0,9,0,9,9,0,0,0,9,9,0,0,0,0,0,0,0,9,0,9,9,0,0,0,0,9,0,9,9,0,0,0,0,9,0,9,9,0,0,0,0,9,0,9,9,0,0
mmb-rcb-vs-gt-3.jpg,0,0,0,0,0,0,0,0,0,0,0,9,0,0,0,0,0,0,0,9,0,0,0,0,0,0,0,9,0,0,0,0,0,0,0,0,9,0,0,0,0,0,0,0,9,0,0,0,0,0,0,0,0,0,0,0,0,0,0,0,0,0,0,0
mmb-rcb-vs-gt-30.jpg,0,0,0,0,9,0,0,0,0,0,0,0,0,0,0,0,0,0,0,0,9,0,0,0,0,0,0,9,9,9,0,0,0,0,0,9,9,9,0,0,0,0,0,0,9,9,0,0,0,0,0,0,9,9,0,0,0,0,0,0,9,9,0,0
mmb-rcb-vs-gt-31.jpg,0,0,0,0,0,9,0,0,0,0,0,0,0,9,0,0,0,0,0,0,0,0,0,0,0,0,9,9,0,0,9,0,0,0,9,9,9,0,9,0,0,0,0,9,0,0,0,0,0,0,0,0,0,0,0,0,0,0,0,0,0,0,0,0
mmb-rcb-vs-gt-32.jpg,0,0,0,0,0,0,0,0,0,0,0,0,0,0,0,0,0,0,9,0,0,3,0,0,0,0,9,0,0,3,0,0,0,0,9,0,0,3,0,0,0,0,0,0,0,0,0,0,0,0,0,0,0,0,0,0,0,0,0,0,0,0,0,0
mmb-rcb-vs-gt-33.jpg,0,0,0,0,0,0,0,0,0,0,0,0,0,0,0,0,0,9,0,0,0,0,9,0,0,9,0,0,0,3,9,0,0,0,0,9,0,3,0,0,0,0,9,9,0,0,0,0,0,0,9,9,0,0,0,0,0,0,0,0,0,0,0,0
mmb-rcb-vs-gt-34.jpg,0,0,0,0,0,0,0,0,0,0,0,0,0,0,0,0,0,0,0,0,9,9,0,0,9,9,0,9,9,9,9,0,0,9,0,9,9,9,9,0,9,9,0,9,9,9,9,0,9,9,0,9,9,9,0,0,9,9,0,0,0,9,0,0
mmb-rcb-vs-gt-35.jpg,0,0,0,0,0,0,0,0,0,0,9,0,0,0,0,0,0,0,0,0,0,3,0,0,0,9,9,9,3,3,3,0,0,9,9,9,0,3,3,0,0,9,9,0,3,3,3,0,0,9,9,0,0,3,3,0,0,9,9,0,0,0,0,0
mmb-rcb-vs-gt-36.jpg,0,0,0,0,0,0,0,0,0,0,0,0,0,0,0,0,0,0,0,0,0,0,0,0,0,0,0,0,0,0,3,3,0,0,0,9,9,0,3,3,0,0,0,9,9,0,3,0,0,0,0,9,9,0,3,0,0,0,0,9,0,0,3,3
mmb-rcb-vs-gt-4.jpg,0,0,0,0,0,0,0,0,0,9,0,0,0,0,0,0,0,9,3,0,0,3,3,0,0,9,3,0,0,3,3,0,0,9,3,0,0,3,3,0,0,9,3,0,0,3,0,0,0,0,3,0,0,0,0,0,0,0,0,0,0,0,0,0
mmb-rcb-vs-gt-5.jpg,0,0,0,0,0,0,0,0,0,0,0,0,0,0,0,0,0,9,9,0,9,0,0,0,0,9,9,0,9,0,0,0,0,9,9,0,9,0,0,0,0,0,9,0,9,0,0,0,0,0,0,0,0,0,0,0,0,0,0,0,0,0,0,0
mmb-rcb-vs-gt-6.jpg,0,0,0,0,0,0,0,0,0,0,0,0,0,0,0,0,0,0,0,0,9,0,0,0,0,0,0,9,9,0,0,0,0,0,0,9,9,0,0,0,0,0,0,9,0,0,0,0,0,0,0,0,0,0,0,0,0,0,0,0,0,0,0,0
mmb-rcb-vs-gt-7.jpg,0,0,0,0,0,0,0,0,0,0,9,0,0,0,0,0,0,0,9,9,0,0,0,0,0,0,9,9,0,0,0,0,0,0,9,9,0,0,0,0,0,0,0,0,0,0,0,0,0,0,0,0,0,0,0,0,0,0,0,0,0,0,0,0
mmb-rcb-vs-gt-8.jpg,0,0,0,0,0,0,0,0,0,0,0,0,0,0,0,0,0,0,0,3,0,0,0,0,0,0,0,3,0,0,0,0,0,0,0,3,0,0,0,0,0,0,0,0,0,0,0,0,0,0,0,0,0,0,0,0,0,0,0,0,0,0,0,0
mmb-rcb-vs-gt-9.jpg,0,0,0,0,0,0,0,0,0,0,0,0,0,0,0,0,0,0,0,0,0,0,0,9,0,0,0,0,0,0,0,9,0,0,3,3,0,0,9,9,0,0,3,3,0,0,9,9,0,0,3,3,0,0,9,9,0,0,3,3,0,0,9,9
mmb-rcb-vs-lsg-1.jpg,0,0,0,0,0,0,0,0,0,0,0,0,9,0,0,0,0,0,0,0,9,0,0,0,0,0,0,0,9,0,0,0,0,0,0,0,9,0,0,0,0,0,0,0,9,0,0,0,0,0,0,0,0,0,0,0,0,0,0,0,0,0,0,0
mmb-rcb-vs-lsg-10.jpg,0,0,0,0,0,0,0,0,0,0,0,0,0,0,0,0,0,9,0,0,9,0,9,0,0,9,9,0,9,9,9,0,0,9,9,0,0,9,9,0,0,9,9,0,0,9,9,0,0,9,9,0,0,9,9,0,0,9,9,0,0,9,0,0
mmb-rcb-vs-lsg-11.jpg,0,0,9,0,0,9,0,0,0,9,9,0,9,9,0,0,0,9,9,0,9,9,0,0,0,9,9,0,9,9,0,0,0,9,9,0,9,9,0,0,0,9,9,9,9,9,0,0,0,0,9,9,0,9,0,0,0,0,0,0,0,0,0,0
mmb-rcb-vs-lsg-12.jpg,0,0,0,0,0,0,0,0,0,0,0,0,9,0,0,0,0,0,0,9,9,0,0,0,0,0,0,9,9,0,0,0,0,0,0,9,9,0,0,0,0,0,0,9,9,0,0,0,0,0,0,9,9,0,0,0,0,0,0,9,9,0,0,0
mmb-rcb-vs-lsg-13.jpg,0,0,0,0,0,0,0,0,0,0,0,0,0,0,0,0,0,0,9,9,0,0,0,0,0,9,9,0,0,9,9,0,0,9,0,0,9,9,9,0,0,9,9,9,0,0,9,0,9,0,9,0,0,9,9,9,0,0,0,9,9,0,9,0
mmb-rcb-vs-lsg-14.jpg,0,0,0,0,0,0,0,0,0,0,0,0,0,0,0,0,0,0,0,9,9,0,0,0,0,0,9,9,9,0,0,0,0,0,9,0,9,0,0,0,0,0,9,0,9,9,0,0,0,0,0,9,0,9,0,0,0,0,0,0,0,0,0,0
mmb-rcb-vs-lsg-15.jpg,0,0,0,0,0,0,0,0,0,0,0,0,0,0,0,0,0,0,0,0,0,0,0,0,0,0,0,9,0,0,0,0,0,0,0,9,0,5,0,0,0,0,0,9,0,5,0,0,0,0,0,9,0,0,0,0,0,0,0,0,0,0,0,0
mmb-rcb-vs-lsg-16.jpg,0,0,0,9,0,0,0,0,0,0,0,0,0,0,0,0,0,0,9,9,5,5,0,0,0,0,9,9,5,5,5,0,0,0,9,9,5,5,5,0,0,0,9,9,5,5,0,0,0,0,9,9,0,5,0,0,0,0,9,9,5,5,0,0
mmb-rcb-vs-lsg-17.jpg,0,0,0,0,0,0,0,0,0,0,0,0,0,0,0,0,0,9,9,0,0,5,0,0,0,9,9,0,5,5,5,0,0,9,9,0,5,5,5,0,0,9,9,0,5,5,5,0,0,9,9,0,5,5,5,0,0,0,0,0,5,5,5,0
mmb-rcb-vs-lsg-2.jpg,0,0,0,0,0,0,0,0,0,0,0,0,9,0,0,0,0,0,0,0,9,0,0,0,0,0,0,9,9,0,0,0,0,0,0,9,9,0,0,0,0,0,0,9,9,0,0,0,0,0,0,9,0,0,0,0,0,0,0,0,0,0,0,0
mmb-rcb-vs-lsg-3.jpg,0,0,0,0,0,0,0,0,0,0,0,0,0,0,0,0,0,0,0,0,0,0,0,0,0,0,0,9,9,0,0,0,0,0,0,9,0,0,0,0,0,0,0,9,9,0,0,0,0,0,0,9,9,0,0,0,0,0,0,9,9,0,0,0
mmb-rcb-vs-lsg-4.jpg,0,0,0,0,0,0,0,0,0,0,0,0,0,0,0,0,0,0,0,0,0,0,0,0,0,0,0,9,9,0,0,0,0,0,9,9,0,0,0,0,0,0,0,9,0,0,0,0,0,0,0,0,0,0,0,0,0,0,0,0,0,0,0,0
mmb-rcb-vs-lsg-5.jpg,0,0,0,0,0,0,0,0,0,0,0,0,0,0,0,0,0,0,0,9,0,0,0,0,0,0,0,9,0,0,0,0,0,0,0,9,9,0,0,0,0,0,0,0,9,0,0,0,0,0,0,0,0,0,0,0,0,0,0,0,0,0,0,0
mmb-rcb-vs-lsg-6.jpg,0,0,0,0,0,0,0,0,0,0,0,0,0,0,0,0,0,0,0,0,0,0,0,0,0,0,9,9,9,0,0,0,0,0,9,9,9,0,0,0,0,0,0,9,9,0,0,0,0,0,0,9,9,0,0,0,0,0,0,9,9,0,0,0
mmb-rcb-vs-lsg-7.jpg,0,0,0,0,0,0,0,0,0,0,0,0,0,0,0,0,0,0,0,0,0,0,0,0,0,0,0,0,9,0,0,0,0,0,0,9,9,9,0,0,0,0,0,0,0,0,0,0,0,0,0,0,0,9,0,0,0,0,0,0,0,0,0,0
mmb-rcb-vs-lsg-8.jpg,0,0,0,0,0,0,0,0,0,0,0,0,0,0,0,0,0,0,0,0,0,0,0,0,0,0,0,0,0,0,0,0,0,0,0,0,0,0,0,0,0,0,0,0,0,0,0,0,0,0,0,0,0,0,0,0,0,0,0,0,0,0,0,0
mmb-rcb-vs-lsg-9.jpg,0,0,0,0,0,0,0,0,0,0,0,9,9,0,0,0,0,0,0,0,9,0,0,0,0,0,0,0,0,0,0,0,0,0,0,0,9,9,0,0,0,0,0,0,9,9,0,0,0,0,0,9,9,9,0,0,0,0,0,9,9,0,0,0
mmb-rcb-vs-pbks-1.jpg,0,0,0,0,9,0,0,0,0,0,0,0,0,0,0,0,0,0,0,0,0,0,0,0,0,0,0,9,9,9,0,0,0,0,9,9,9,9,0,0,0,0,0,9,9,9,9,0,0,0,0,9,9,9,0,0,0,0,0,0,9,9,0,0
mmb-rcb-vs-pbks-10.jpg,0,0,0,0,0,0,0,0,0,0,0,0,0,0,0,0,0,0,0,0,0,0,0,0,0,0,0,9,9,0,0,0,0,0,0,0,9,9,0,0,0,0,0,0,9,9,0,0,0,0,0,9,0,0,0,0,0,0,0,9,9,0,0,0
mmb-rcb-vs-pbks-11.jpg,0,0,0,0,0,0,0,0,0,0,0,0,0,0,0,0,0,0,0,0,9,0,0,0,0,0,0,0,9,0,9,0,0,0,0,0,9,0,9,0,0,0,0,0,9,0,9,0,0,0,0,0,9,0,0,0,0,0,0,0,0,0,0,0
mmb-rcb-vs-pbks-12.jpg,0,0,0,0,0,0,0,0,0,0,0,0,0,0,0,0,0,0,0,0,0,0,0,0,0,0,0,9,0,0,0,0,0,0,0,0,0,0,0,0,0,0,9,9,0,0,0,0,0,0,9,9,9,0,0,0,0,0,9,9,0,0,0,0
mmb-rcb-vs-pbks-13.jpg,0,0,0,0,0,0,0,0,0,0,0,0,0,0,0,0,0,9,0,0,9,9,0,0,0,9,0,0,9,9,0,0,0,9,0,0,9,9,0,0,0,9,9,0,9,0,0,0,0,0,0,0,0,0,0,0,0,0,0,0,0,0,0,0
mmb-rcb-vs-pbks-14.jpg,0,0,0,0,0,0,0,0,0,0,0,0,0,0,0,0,0,0,0,0,0,0,0,0,0,9,0,9,9,9,9,0,9,9,0,9,9,0,9,0,9,9,0,9,9,9,9,0,9,9,0,9,9,9,9,0,9,9,0,9,9,9,9,0
mmb-rcb-vs-pbks-15.jpg,0,0,0,0,0,0,0,0,0,0,0,0,0,0,0,0,0,0,0,0,0,0,0,0,0,5,9,9,9,9,0,0,0,5,9,9,9,9,9,9,0,5,9,0,9,9,9,0,0,5,9,0,9,9,9,0,0,0,9,9,0,0,0,0
mmb-rcb-vs-pbks-16.jpg,0,0,0,0,0,0,0,0,0,0,0,0,0,0,0,0,0,0,0,9,9,0,0,0,0,0,9,9,0,0,0,0,0,0,9,9,0,0,0,0,0,0,9,9,0,0,0,0,0,0,9,9,9,0,0,0,0,0,0,0,0,0,0,0
mmb-rcb-vs-pbks-17.jpg,0,0,0,0,0,0,0,0,0,0,9,9,0,0,0,0,0,9,9,9,0,0,9,0,0,9,9,9,0,0,9,0,0,9,9,9,0,9,9,0,0,0,0,9,0,0,0,0,0,0,0,9,0,0,0,0,0,0,0,0,0,0,0,0
mmb-rcb-vs-pbks-18.jpg,0,0,0,0,0,0,0,0,0,0,0,0,0,0,0,0,0,0,0,0,0,0,0,0,0,0,9,0,0,0,0,0,0,0,9,0,0,0,0,0,0,0,9,0,0,0,0,0,0,0,9,0,0,0,0,0,0,0,9,0,0,0,0,0
mmb-rcb-vs-pbks-19.jpg,0,0,0,0,0,0,0,0,0,0,0,0,0,0,0,0,0,0,0,0,0,0,0,0,0,0,0,0,9,0,0,0,0,0,0,9,9,0,0,0,0,0,0,9,9,0,0,0,0,0,0,0,0,0,0,0,0,0,0,9,9,0,0,0
mmb-rcb-vs-pbks-2.jpg,0,0,0,0,0,0,0,0,0,0,0,9,0,0,0,0,0,0,0,9,0,0,0,0,0,0,0,9,9,0,0,0,0,0,0,9,9,0,0,0,0,0,0,0,0,0,0,0,0,0,0,0,0,0,0,0,0,0,0,0,0,0,0,0
mmb-rcb-vs-pbks-20.jpg,0,0,0,0,0,0,0,0,0,0,0,0,0,0,0,0,0,0,0,0,9,0,0,0,0,0,0,0,9,0,0,0,5,5,0,0,9,0,0,0,5,5,0,0,0,0,0,0,0,0,0,0,0,0,0,0,0,0,0,0,0,0,0,0
mmb-rcb-vs-pbks-21.jpg,0,0,0,0,0,0,0,0,0,0,0,0,0,0,0,0,0,0,9,9,0,0,0,0,0,0,9,9,0,0,0,0,0,0,9,0,0,0,0,0,0,0,9,9,0,0,0,0,0,0,0,0,0,0,0,0,0,0,0,0,0,0,0,0
mmb-rcb-vs-pbks-22.jpg,0,0,0,0,0,0,0,0,0,0,0,9,0,0,0,0,0,0,0,0,0,0,0,0,0,0,9,9,0,0,0,0,0,0,9,9,0,0,0,0,0,0,0,9,0,0,0,0,0,0,0,9,0,0,0,0,0,0,0,9,0,0,0,0
mmb-rcb-vs-pbks-23.jpg,0,0,0,0,0,0,0,0,0,9,0,0,0,0,0,0,0,9,0,0,0,0,0,0,0,9,0,0,0,0,0,0,0,9,9,0,0,0,0,0,0,9,0,0,0,0,0,0,0,0,0,0,0,0,0,0,0,0,0,0,0,0,0,0
mmb-rcb-vs-pbks-24.jpg,0,0,0,0,0,0,0,0,0,0,0,9,0,0,0,0,0,0,0,9,9,5,0,0,0,0,0,0,9,5,5,0,0,0,0,9,9,5,5,0,0,0,0,0,0,0,0,0,0,0,0,0,0,0,0,0,0,0,0,0,0,0,0,0
mmb-rcb-vs-pbks-25.jpg,0,0,0,0,0,0,0,0,0,0,0,0,0,9,0,0,0,0,0,0,0,9,0,0,0,0,0,0,9,9,0,0,0,0,0,0,9,9,0,0,0,0,0,0,9,0,0,0,0,0,0,0,0,0,0,0,0,0,0,0,0,0,0,0
mmb-rcb-vs-pbks-26.jpg,0,0,0,0,0,0,0,0,0,0,0,7,0,0,0,0,0,0,0,7,0,0,0,0,0,0,7,7,9,9,0,0,0,0,7,7,9,9,0,0,0,0,7,7,9,9,0,0,0,0,7,7,9,9,0,0,0,0,0,7,9,9,0,0
mmb-rcb-vs-pbks-27.jpg,0,0,0,0,0,0,0,0,0,0,7,0,0,9,0,0,0,0,7,0,0,0,0,0,0,7,7,0,0,9,9,0,0,7,7,0,0,9,9,0,0,7,7,0,0,9,9,0,0,7,7,0,0,9,9,0,0,7,7,0,0,9,9,0
mmb-rcb-vs-pbks-28.jpg,0,0,0,0,0,0,0,0,0,0,0,0,0,0,0,0,0,0,0,0,0,0,0,0,0,0,0,0,0,0,0,0,0,0,0,7,9,0,0,0,0,0,0,7,9,0,0,0,0,0,0,7,9,0,0,0,0,0,0,0,0,0,0,0
mmb-rcb-vs-pbks-3.jpg,0,0,0,0,0,0,0,0,0,0,0,0,0,0,0,0,0,0,9,0,0,0,0,0,0,0,9,0,0,0,0,0,0,0,9,0,0,0,0,0,0,0,9,0,0,0,0,0,0,0,0,0,0,0,0,0,0,0,0,0,0,0,0,0
mmb-rcb-vs-pbks-4.jpg,0,0,0,0,0,0,0,0,0,9,0,0,9,0,0,0,0,0,0,9,9,0,0,0,0,9,9,9,9,9,9,0,0,9,9,9,9,9,9,0,0,9,9,9,9,9,9,0,0,9,9,0,0,9,9,0,0,0,0,0,0,0,0,0
mmb-rcb-vs-pbks-5.jpg,0,0,0,0,0,0,0,0,0,0,0,0,0,0,0,0,0,0,0,0,0,0,0,0,0,0,0,0,0,9,0,0,0,9,9,0,0,9,0,0,0,9,9,9,9,9,0,0,0,9,9,9,9,9,0,0,0,9,9,9,9,9,0,0
mmb-rcb-vs-pbks-6.jpg,0,0,0,0,0,0,0,0,0,0,0,0,0,0,0,0,0,0,0,0,0,0,0,0,0,0,0,0,0,0,0,0,0,0,0,9,9,0,0,0,0,0,9,9,0,0,0,0,0,0,9,9,0,0,0,0,0,0,9,9,0,0,0,0
mmb-rcb-vs-pbks-7.jpg,0,0,0,0,0,0,0,0,0,0,0,0,0,0,0,0,0,0,0,0,0,0,0,0,0,0,9,9,0,0,0,0,0,0,9,9,0,0,0,0,0,9,9,0,0,0,0,0,0,0,0,0,0,0,0,0,0,0,0,0,0,0,0,0
mmb-rcb-vs-pbks-8.jpg,0,0,0,0,9,0,0,0,0,0,0,9,9,0,0,0,0,0,0,0,0,0,0,0,0,0,0,9,0,0,0,0,0,0,0,9,9,0,0,0,0,0,0,9,9,0,0,0,0,0,9,9,9,0,0,0,0,0,9,9,9,0,0,0
mmb-rcb-vs-pbks-9.jpg,0,0,0,0,0,0,0,0,0,0,0,0,0,0,0,0,0,0,0,0,0,0,0,0,9,9,0,9,9,9,9,9,9,9,0,9,9,9,9,9,0,0,0,0,0,0,0,0,0,0,0,0,0,0,0,0,0,0,0,0,0,0,0,0
mmb-srh-vs-rr-1.jpg,0,0,0,0,0,0,0,0,0,0,0,0,0,0,0,0,0,10,0,10,0,8,0,10,0,10,10,10,8,8,0,10,0,10,10,10,8,8,0,10,0,10,10,0,0,0,0,10,0,10,0,0,0,0,0,0,0,0,0,0,0,0,0,0
mmb-srh-vs-rr-10.jpg,0,0,0,0,0,0,0,0,0,0,10,0,0,8,0,0,0,0,10,0,0,8,0,0,0,0,10,0,0,8,8,0,0,0,10,0,0,8,8,0,0,0,0,0,0,8,8,0,0,0,0,0,0,0,0,0,0,0,0,0,0,0,0,0
mmb-srh-vs-rr-11.jpg,0,0,0,0,0,0,0,0,0,0,10,10,0,0,0,0,0,0,10,10,0,0,10,0,0,0,10,0,0,10,10,0,0,0,0,0,0,10,10,0,0,0,0,0,0,0,0,0,0,0,0,0,0,0,0,0,0,0,0,0,0,0,0,0
mmb-srh-vs-rr-12.jpg,0,0,8,0,0,0,0,0,0,0,0,0,0,0,0,0,0,0,8,0,10,0,0,0,0,0,8,0,10,0,0,0,0,8,8,0,10,0,0,0,0,8,8,0,10,0,0,0,0,0,0,0,10,0,0,0,0,0,0,0,0,0,0,0
mmb-srh-vs-rr-13.jpg,0,0,0,0,0,0,0,0,0,0,0,0,10,0,0,0,0,0,0,0,10,0,0,0,0,0,0,10,10,0,0,0,0,0,0,10,10,0,0,0,0,0,0,0,0,0,0,0,0,0,0,0,0,0,0,0,0,0,0,0,0,0,0,0
mmb-srh-vs-rr-14.jpg,0,0,0,0,0,0,0,0,0,0,0,0,0,10,0,0,0,0,10,10,10,10,10,0,0,10,10,10,10,10,10,0,0,0,10,10,10,10,0,0,0,0,0,10,10,10,0,0,0,0,0,10,0,10,0,0,0,0,0,0,0,0,0,0
mmb-srh-vs-rr-15.jpg,0,0,0,0,0,0,0,0,0,10,0,0,0,10,10,0,0,10,10,10,0,10,10,0,10,10,10,10,0,10,10,0,0,10,10,10,0,10,10,0,0,0,0,10,0,0,10,0,0,0,0,10,0,0,10,0,0,0,0,0,0,0,0,0
mmb-srh-vs-rr-16.jpg,0,0,0,0,0,0,0,0,0,0,0,10,10,0,0,0,0,0,0,10,10,0,0,0,0,0,0,10,10,0,0,0,0,0,0,10,10,0,0,0,0,0,0,10,0,0,0,0,0,0,10,0,0,0,0,0,0,0,0,0,0,0,0,0
mmb-srh-vs-rr-17.jpg,0,0,0,0,0,0,0,0,0,0,10,10,10,10,10,0,0,10,10,10,10,10,10,0,0,10,10,10,10,10,10,0,0,0,10,0,0,10,10,0,0,0,0,0,0,0,10,0,0,0,0,0,0,0,0,0,0,0,0,0,0,0,0,0
mmb-srh-vs-rr-18.jpg,0,0,0,0,0,0,0,0,0,0,0,10,0,10,0,0,0,0,0,10,0,10,10,0,0,0,0,10,0,10,10,0,0,0,0,10,0,0,10,0,0,0,0,0,0,0,10,0,0,0,0,0,0,0,0,0,0,0,0,0,0,0,0,0
mmb-srh-vs-rr-19.jpg,0,0,0,0,0,0,0,0,0,0,0,0,0,0,0,0,0,0,0,10,10,0,0,0,0,0,0,10,10,0,0,0,0,0,0,10,0,0,0,0,0,0,0,10,0,0,0,0,0,0,0,10,0,0,0,0,0,0,0,0,0,0,0,0
mmb-srh-vs-rr-2.jpg,0,0,0,0,0,0,0,0,0,0,8,0,0,0,0,0,0,0,8,0,0,0,0,0,0,0,8,0,10,10,0,0,0,0,8,0,10,10,0,0,0,0,8,0,0,10,0,0,0,0,8,0,10,0,0,0,0,0,0,0,0,0,0,0
mmb-srh-vs-rr-20.jpg,0,0,0,0,0,0,0,0,0,0,0,10,0,0,0,0,0,0,10,10,0,0,0,0,0,0,10,10,0,0,0,0,0,0,10,0,0,0,0,0,0,0,10,0,0,0,0,0,0,0,0,0,0,0,0,0,0,0,0,0,0,0,0,0
mmb-srh-vs-rr-21.jpg,0,0,0,0,0,0,0,0,0,0,0,10,0,0,0,0,0,0,0,10,0,0,0,0,0,0,0,10,0,0,0,0,0,0,0,0,0,0,0,0,0,0,0,0,0,0,0,0,0,0,0,0,0,0,0,0,0,0,0,0,0,0,0,0
mmb-srh-vs-rr-22.jpg,0,0,0,0,0,0,0,0,0,0,0,0,0,0,0,0,0,0,0,0,0,0,0,0,0,0,0,0,0,0,0,0,0,10,0,0,0,0,0,0,0,10,10,0,0,0,0,0,0,10,10,0,0,0,0,0,0,10,10,0,0,0,0,0
mmb-srh-vs-rr-23.jpg,0,0,0,0,0,0,0,0,0,0,0,0,0,0,0,0,0,0,0,10,0,0,0,0,0,8,8,10,10,0,0,0,0,8,0,0,10,0,0,0,0,8,8,0,10,0,0,0,8,0,8,0,0,0,0,0,0,0,0,0,0,0,0,0
mmb-srh-vs-rr-24.jpg,0,0,0,0,0,0,0,0,0,0,0,10,10,0,0,0,0,0,0,10,10,0,0,0,0,0,0,10,10,0,0,0,0,0,0,0,10,0,0,0,0,0,0,10,10,0,0,0,0,0,0,0,10,0,0,0,0,0,0,0,0,0,0,0
mmb-srh-vs-rr-25.jpg,0,0,0,10,0,0,0,0,0,0,0,10,10,0,0,0,0,0,0,10,10,10,0,0,0,0,10,0,10,10,0,0,0,0,10,10,0,10,0,0,0,0,0,0,0,0,0,0,0,0,0,0,0,0,0,0,0,0,0,0,0,0,0,0
mmb-srh-vs-rr-26.jpg,0,0,0,0,0,0,0,0,0,0,0,0,10,0,0,0,0,0,0,10,10,0,0,0,0,0,0,0,10,0,0,0,0,0,0,0,10,0,0,0,0,0,0,10,10,0,0,0,0,0,0,0,0,0,0,0,0,0,0,0,0,0,0,0
mmb-srh-vs-rr-27.jpg,0,0,0,0,0,0,0,0,0,0,0,0,0,0,0,0,0,0,0,0,10,0,0,0,0,0,0,0,10,0,0,0,0,0,0,10,10,0,0,0,0,0,0,10,0,0,0,0,0,0,0,0,0,0,0,0,0,0,0,0,0,0,0,0
mmb-srh-vs-rr-28.jpg,0,0,0,0,0,0,0,0,0,0,0,0,10,0,0,0,0,0,0,0,10,0,0,0,0,0,0,0,10,0,0,0,0,0,0,0,10,0,0,0,0,0,0,0,0,0,0,0,0,0,0,0,0,0,0,0,0,0,0,0,0,0,0,0
mmb-srh-vs-rr-29.jpg,0,0,0,0,0,0,0,0,0,0,0,0,0,0,0,0,10,0,0,0,10,10,0,0,10,10,10,10,10,10,8,8,10,0,10,10,10,10,8,8,0,0,10,10,10,10,8,8,0,0,10,10,10,10,8,8,0,0,0,0,0,0,8,8
mmb-srh-vs-rr-3.jpg,0,0,0,0,0,0,0,0,0,0,0,10,0,10,0,0,0,0,10,10,0,10,0,0,0,0,10,10,10,10,0,0,0,0,0,10,10,10,0,0,0,0,10,10,10,10,0,0,0,0,10,10,0,0,0,0,0,0,0,0,0,0,0,0
mmb-srh-vs-rr-30.jpg,0,0,0,0,0,0,0,0,10,0,10,0,10,0,0,0,10,10,10,10,10,10,10,0,10,10,10,10,10,10,10,0,10,10,10,0,10,10,10,0,10,10,10,10,10,10,10,0,10,10,10,0,0,10,0,0,0,0,10,0,0,0,0,0
mmb-srh-vs-rr-31.jpg,0,0,0,0,0,0,0,0,0,0,0,0,0,0,0,0,10,10,0,10,10,0,10,8,10,10,0,10,10,10,10,8,10,10,10,10,10,10,10,8,0,10,10,0,10,10,10,8,0,10,0,0,10,10,10,8,0,0,0,0,0,0,0,0
mmb-srh-vs-rr-32.jpg,0,0,0,0,0,0,0,0,0,0,10,0,0,0,0,0,10,10,10,10,8,10,10,10,10,0,0,10,8,10,0,10,10,0,0,10,8,10,8,10,10,0,0,10,8,0,8,10,10,10,0,10,8,0,0,10,0,0,0,0,0,0,0,0
mmb-srh-vs-rr-33.jpg,0,0,0,0,0,0,0,0,0,0,0,10,0,0,10,0,0,0,0,10,0,0,10,10,0,0,0,10,0,0,0,10,0,0,0,10,0,0,10,0,0,0,10,10,0,0,10,0,0,0,0,0,0,0,10,0,0,0,0,0,0,0,0,0
mmb-srh-vs-rr-34.jpg,0,0,0,0,0,0,0,0,0,10,0,10,0,8,0,0,10,10,10,10,0,8,0,0,10,10,10,10,0,8,0,0,0,0,10,0,10,8,0,0,0,0,10,0,10,8,0,0,0,0,0,0,0,8,8,0,0,0,0,0,0,0,0,0
mmb-srh-vs-rr-35.jpg,0,0,0,0,0,0,0,0,0,8,0,10,10,0,10,0,0,8,0,10,10,0,10,0,0,8,0,10,10,10,10,0,8,8,0,10,0,10,10,0,0,8,0,0,0,10,10,0,0,0,0,0,0,0,10,0,0,0,0,0,0,0,0,0
mmb-srh-vs-rr-36.jpg,0,0,0,0,0,0,0,0,8,8,0,0,0,0,10,10,8,8,0,0,10,10,10,10,8,8,0,0,10,10,10,0,8,8,0,0,0,10,10,10,8,8,0,0,0,0,10,0,0,0,0,0,0,0,0,0,0,0,0,0,0,0,0,0
mmb-srh-vs-rr-37.jpg,0,0,0,0,0,0,0,0,0,0,10,10,10,0,0,0,0,0,10,10,10,10,0,0,0,0,10,0,0,10,0,0,0,0,10,0,0,10,0,0,0,0,0,10,0,10,0,0,0,0,0,10,10,0,0,0,0,0,0,0,0,0,0,0
mmb-srh-vs-rr-38.jpg,0,0,0,0,0,0,0,0,0,0,0,0,0,0,0,0,0,0,0,0,0,0,0,0,0,0,0,10,10,0,0,0,0,0,10,10,10,0,0,10,0,0,10,0,0,0,0,0,0,0,0,0,0,0,0,0,0,0,0,0,0,0,0,0
mmb-srh-vs-rr-39.jpg,0,0,0,0,0,0,0,0,0,0,10,10,0,0,0,0,0,0,10,10,10,10,10,10,0,10,10,10,10,10,10,10,0,0,0,10,10,10,0,0,0,0,0,0,0,0,0,0,0,0,0,0,0,0,0,0,0,0,0,0,0,0,0,0
mmb-srh-vs-rr-4.jpg,0,0,0,0,0,0,0,0,0,0,0,0,0,0,0,0,0,10,0,0,0,0,8,8,10,10,10,0,0,0,8,8,10,10,10,0,0,0,8,8,0,10,10,0,0,0,8,0,0,10,10,0,0,0,8,8,0,0,0,0,0,0,0,0
mmb-srh-vs-rr-40.jpg,0,0,0,0,0,0,0,0,0,0,0,0,0,0,0,0,0,10,0,0,10,0,0,0,0,10,10,0,0,0,10,10,0,10,10,0,10,10,10,10,0,10,10,0,10,10,10,10,0,10,10,0,10,10,10,10,0,0,10,0,10,10,10,0
mmb-srh-vs-rr-41.jpg,0,0,0,0,0,0,0,0,0,0,10,0,0,0,0,0,0,0,0,0,0,0,0,0,0,0,10,10,0,0,0,0,0,0,10,10,0,0,0,0,0,10,10,10,0,0,0,0,0,10,10,10,0,0,0,0,0,10,10,0,0,0,0,0
mmb-srh-vs-rr-42.jpg,0,0,0,0,0,0,0,0,0,0,0,0,0,0,0,0,0,0,0,0,0,0,0,0,0,0,0,0,0,0,0,0,0,0,0,0,0,0,0,0,0,0,0,0,0,0,0,0,0,0,0,0,0,0,0,0,0,0,0,0,0,0,0,0
mmb-srh-vs-rr-43.jpg,0,0,0,0,0,0,0,0,0,0,0,0,0,0,0,0,0,0,0,0,0,0,0,0,0,0,0,0,0,0,0,0,0,0,0,0,0,0,0,0,0,0,0,0,0,0,0,0,0,0,0,0,0,0,0,0,0,0,0,0,0,0,0,0
mmb-srh-vs-rr-44.jpg,0,0,0,0,0,0,0,0,0,0,0,10,10,0,0,0,0,0,0,10,0,0,0,0,0,0,8,10,0,0,0,0,0,0,8,0,0,0,0,0,0,0,8,0,0,0,0,0,0,0,8,0,0,0,0,0,0,0,0,0,0,0,0,0
mmb-srh-vs-rr-45.jpg,0,0,0,0,0,0,0,0,0,0,0,0,0,0,0,0,0,0,0,0,10,10,0,0,0,0,0,0,10,0,0,0,0,0,8,10,10,0,0,0,0,0,8,10,0,0,0,0,0,0,0,0,0,0,0,0,0,0,0,0,0,0,0,0
mmb-srh-vs-rr-46.jpg,0,0,0,0,0,8,0,0,0,10,10,0,0,8,0,0,0,0,0,0,0,8,8,0,10,10,10,0,0,8,8,0,0,10,10,0,0,8,8,0,0,10,10,0,8,8,0,0,0,10,10,0,8,8,0,0,0,0,0,0,8,8,0,0
mmb-srh-vs-rr-47.jpg,0,0,0,0,8,0,0,0,0,0,10,10,0,0,0,0,0,0,0,0,8,8,0,0,0,0,10,10,8,8,0,0,0,0,10,10,8,8,0,0,0,0,10,10,8,8,0,0,0,0,10,10,8,0,0,0,0,0,0,0,0,0,0,0
mmb-srh-vs-rr-5.jpg,0,0,0,0,0,0,0,0,0,0,0,0,10,0,0,0,0,0,10,0,10,0,0,0,0,0,10,0,10,0,0,0,0,0,10,10,0,0,0,0,0,0,0,0,10,0,0,0,0,0,0,0,10,0,0,0,0,0,0,0,0,0,0,0
mmb-srh-vs-rr-6.jpg,0,0,0,0,0,0,0,0,0,10,0,0,0,10,0,0,0,10,10,10,10,10,10,10,0,10,10,10,10,10,10,10,0,10,10,10,10,10,10,0,0,0,0,0,0,0,0,0,0,0,0,0,0,0,0,0,0,0,0,0,0,0,0,0
mmb-srh-vs-rr-7.jpg,0,0,0,0,0,0,0,0,0,0,0,0,0,0,0,0,0,0,0,10,0,0,0,0,0,0,0,10,10,0,0,0,0,0,0,10,0,0,0,0,0,0,0,10,0,0,0,0,0,0,0,10,0,0,0,0,0,0,0,0,0,0,0,0
mmb-srh-vs-rr-8.jpg,0,0,0,0,0,0,0,0,0,0,0,0,10,10,0,0,0,0,0,10,10,0,0,0,0,0,0,10,0,0,0,0,0,0,10,10,0,0,0,0,0,0,0,0,0,0,0,0,0,0,0,0,0,0,0,0,0,0,0,0,0,0,0,0
mmb-srh-vs-rr-9.jpg,0,0,0,0,0,0,0,0,0,0,0,0,0,0,0,0,0,0,10,0,0,8,0,0,0,0,10,0,8,8,0,0,0,10,10,0,8,8,0,0,0,10,10,0,8,8,0,0,0,0,0,0,8,8,0,0,0,0,0,8,0,0,0,0
IPL-2026-CSK-DC-46-KSK.jpg,0,0,0,0,0,0,0,0,0,0,0,0,0,0,0,0,0,0,0,0,0,0,0,0,0,0,1,1,0,1,0,0,0,0,1,1,0,1,0,0,0,0,0,0,0,0,0,0,0,0,0,0,0,0,0,0,0,0,0,0,0,0,0,0
IPL-2026-CSK-DC-47-KSK.jpg,0,0,0,0,0,0,0,0,0,0,0,0,0,0,0,0,0,0,0,0,0,0,0,0,0,0,0,0,0,0,0,0,0,0,0,1,1,1,1,0,0,0,0,0,0,0,0,0,0,0,0,0,0,0,0,0,0,0,0,0,0,0,0,0
IPL-2026-CSK-DC-48-KSK.jpg,0,0,0,0,0,0,0,0,0,0,0,2,0,0,0,0,0,0,0,0,2,2,0,0,0,0,0,0,2,0,0,0,0,0,0,0,2,0,0,0,0,0,0,0,0,0,0,0,0,0,0,0,0,0,0,0,0,0,0,0,0,0,0,0
IPL-2026-CSK-DC-49-KSK.jpg,0,0,0,0,0,0,0,0,0,0,0,0,0,0,0,0,0,0,0,0,0,0,0,0,0,0,0,0,2,0,0,0,0,0,0,2,2,0,0,0,0,0,0,2,2,0,0,0,0,0,0,2,2,0,0,0,0,0,0,0,0,0,0,0
IPL-2026-CSK-DC-5-KSK.jpg,0,0,0,0,0,0,0,0,0,0,0,0,1,0,0,0,0,0,0,0,1,0,0,0,0,0,0,0,1,0,0,0,0,0,0,0,1,0,0,0,0,0,0,0,0,0,0,0,0,0,0,0,0,0,0,0,0,0,0,0,0,0,0,0
IPL-2026-CSK-DC-50-KSK.jpg,0,0,0,0,0,0,0,0,0,0,0,0,1,0,0,0,0,0,0,0,1,0,0,0,0,0,0,0,0,0,0,0,0,0,0,0,1,0,0,0,0,0,0,0,1,0,0,0,0,0,0,0,0,0,0,0,0,0,0,0,0,0,0,0
IPL-2026-CSK-DC-51-KSK.jpg,0,0,0,0,0,0,0,0,0,0,0,0,0,0,0,0,0,0,1,1,1,1,0,0,0,0,1,0,0,1,0,0,0,0,1,1,1,1,0,0,0,0,0,0,1,1,0,0,0,0,0,0,0,0,0,0,0,0,0,0,0,0,0,0
IPL-2026-CSK-DC-52-KSK.jpg,0,0,0,0,0,0,0,0,0,0,0,0,0,0,0,0,0,0,1,0,1,2,2,0,0,0,1,0,1,2,0,0,0,0,1,0,1,2,0,0,0,0,1,0,1,0,0,0,0,0,0,1,0,0,0,0,0,0,0,0,0,0,0,0
IPL-2026-CSK-DC-53-KSK.jpg,0,0,0,0,0,0,0,0,0,0,0,0,0,0,0,0,0,0,2,0,1,0,0,0,0,2,2,0,1,1,0,0,0,2,2,0,0,1,0,0,0,0,0,0,0,0,0,0,0,0,0,0,0,0,0,0,0,0,0,0,0,0,0,0
IPL-2026-CSK-DC-54-KSK.jpg,0,0,0,0,0,0,0,0,0,0,0,0,0,0,0,0,0,0,0,0,1,0,0,0,0,0,0,0,1,0,0,0,0,0,0,0,1,0,0,0,0,0,0,1,1,0,0,0,0,0,0,0,0,0,0,0,0,0,0,0,0,0,0,0
IPL-2026-CSK-DC-55-KSK.jpg,0,0,0,0,0,0,0,0,0,0,0,1,0,0,0,0,0,0,0,1,0,0,0,0,0,0,0,1,0,0,0,0,0,0,0,1,0,0,0,0,0,0,0,1,0,0,0,0,0,0,0,0,0,0,0,0,0,0,0,0,0,0,0,0
IPL-2026-CSK-DC-56-KSK.jpg,0,0,0,0,0,0,0,0,0,0,0,1,0,0,0,0,0,2,2,1,1,0,0,0,0,2,2,1,1,0,0,2,0,2,2,1,1,0,0,2,0,2,2,0,0,0,0,2,0,0,0,0,0,0,0,0,0,0,0,0,0,0,0,0
IPL-2026-CSK-DC-57-KSK.jpg,0,0,0,0,0,0,0,0,0,0,0,0,0,0,0,0,0,2,0,0,1,0,0,0,0,2,0,0,1,0,0,0,0,2,0,0,0,1,0,0,0,2,0,0,0,1,0,0,0,0,0,0,0,0,0,0,0,0,0,0,0,0,0,0
IPL-2026-CSK-DC-58-KSK.jpg,0,0,0,0,0,0,0,0,0,0,0,0,0,2,0,0,0,0,0,0,0,2,0,0,0,0,0,0,2,2,0,0,0,0,0,0,2,2,0,0,0,0,0,0,0,0,0,0,0,0,0,0,0,0,0,0,0,0,0,0,0,0,0,0
IPL-2026-CSK-DC-59-KSK.jpg,0,0,0,0,0,0,0,0,0,0,0,0,0,0,0,0,0,0,0,1,0,0,0,0,0,0,0,1,0,0,0,0,0,0,0,1,1,0,0,0,0,0,0,1,0,0,0,0,0,0,0,0,0,0,0,0,0,0,0,0,0,0,0,0
IPL-2026-CSK-DC-6-KSK.jpg,0,0,0,0,0,0,0,0,0,0,0,0,1,0,0,0,0,0,0,0,1,0,0,0,0,0,0,1,1,0,0,0,0,0,0,1,1,0,0,0,0,0,0,0,1,0,0,0,0,0,0,0,0,0,0,0,0,0,0,0,0,0,0,0
IPL-2026-CSK-DC-60-KSK.jpg,0,0,0,0,0,0,0,0,0,0,0,0,0,0,0,0,0,0,0,0,1,0,0,0,0,0,0,0,1,0,0,0,0,0,0,0,1,0,0,0,0,0,0,0,1,0,0,0,0,0,0,0,0,0,0,0,0,0,0,0,0,0,0,0
IPL-2026-CSK-DC-61-KSK.jpg,0,0,0,0,0,0,0,0,0,0,2,0,1,0,0,0,0,0,2,2,1,0,0,0,0,0,2,2,1,0,0,0,0,0,2,0,1,0,0,0,0,0,0,0,0,0,0,0,0,0,0,0,0,0,0,0,0,0,0,0,0,0,0,0
IPL-2026-CSK-DC-62-KSK.jpg,0,0,0,0,0,0,0,0,0,0,0,0,0,0,0,0,0,0,2,2,2,2,2,0,0,0,2,2,2,2,2,0,0,0,2,2,2,2,2,0,0,0,2,2,2,2,2,0,0,0,0,0,2,2,2,0,0,0,0,0,0,0,0,0
IPL-2026-CSK-DC-63-KSK.jpg,0,0,0,0,0,0,0,0,0,0,0,0,0,0,0,0,0,0,2,2,2,2,2,0,0,2,2,2,0,2,2,0,0,2,2,2,0,2,2,0,0,2,2,2,2,2,2,0,0,0,0,0,0,0,0,0,0,0,0,0,0,0,0,0
IPL-2026-CSK-DC-64-KSK.jpg,0,0,0,0,0,0,0,0,0,0,1,0,0,0,2,0,0,0,0,0,0,0,2,0,0,0,1,1,0,0,2,0,0,0,1,1,0,0,2,2,0,0,1,0,0,0,2,0,0,0,0,0,0,0,0,0,0,0,0,0,0,0,0,0
IPL-2026-CSK-DC-65-KSK.jpg,0,0,0,0,0,0,0,0,0,0,0,0,1,0,0,0,0,2,0,1,1,0,0,0,0,2,0,1,1,0,0,0,0,2,0,1,1,0,0,0,0,2,0,0,0,0,0,0,0,2,0,0,0,0,0,0,0,0,0,0,0,0,0,0
IPL-2026-CSK-DC-66-KSK.jpg,0,0,0,0,0,0,0,0,0,0,1,0,0,0,0,0,0,0,1,0,0,0,1,0,0,0,1,1,0,1,1,0,0,0,1,1,0,1,0,0,0,0,1,1,0,1,0,0,0,0,1,0,0,0,0,0,0,0,0,0,0,0,0,0
IPL-2026-CSK-DC-67-KSK.jpg,0,0,0,0,0,0,0,0,0,0,0,0,0,0,0,0,0,0,0,0,2,0,0,0,0,0,0,0,2,0,0,0,0,0,0,0,2,0,0,0,0,0,0,0,2,0,0,0,0,0,0,0,2,0,0,0,0,0,0,0,0,0,0,0
IPL-2026-CSK-DC-68-KSK.jpg,0,0,0,0,0,0,0,0,0,0,0,0,2,2,0,0,0,0,0,0,0,2,0,0,0,0,0,0,2,2,0,0,0,0,0,0,2,2,0,0,0,0,0,0,0,0,0,0,0,0,0,0,0,0,0,0,0,0,0,0,0,0,0,0
IPL-2026-CSK-DC-69-KSK.jpg,0,0,0,0,0,0,0,0,0,0,0,0,0,0,0,0,0,1,0,0,0,0,0,0,1,1,1,1,1,1,1,1,1,1,1,1,1,0,1,1,0,1,1,1,1,0,1,1,0,1,1,1,1,0,1,0,0,1,0,1,1,0,1,0
IPL-2026-CSK-DC-7-KSK.jpg,0,0,0,0,0,0,0,0,0,0,0,0,0,0,0,0,0,0,1,0,0,1,0,0,0,0,1,0,0,1,0,0,0,0,1,0,0,1,0,0,0,0,1,0,0,1,0,0,0,0,0,0,0,0,0,0,0,0,0,0,0,0,0,0
IPL-2026-CSK-DC-70-KSK.jpg,0,0,0,0,0,0,0,0,0,0,0,0,0,0,0,0,0,0,1,0,2,0,0,0,0,1,1,0,2,2,0,0,0,1,1,0,0,2,0,0,0,1,0,0,0,2,0,0,0,0,0,0,0,0,0,0,0,0,0,0,0,0,0,0
IPL-2026-CSK-DC-71-KSK.jpg,0,0,0,0,0,0,0,0,0,0,0,0,0,0,0,0,0,1,2,0,0,1,0,0,0,1,2,0,1,0,0,0,0,1,2,0,1,0,0,0,0,1,2,0,1,0,0,0,0,0,0,0,0,0,0,0,0,0,0,0,0,0,0,0
IPL-2026-CSK-DC-72-KSK.jpg,0,0,0,0,0,0,0,0,0,0,1,0,0,1,0,0,0,0,0,1,0,1,0,0,0,0,0,1,0,1,0,0,0,0,0,1,0,1,0,0,0,0,0,0,0,0,0,0,0,0,0,0,0,0,0,0,0,0,0,0,0,0,0,0
IPL-2026-CSK-DC-73-KSK.jpg,0,0,0,0,0,0,0,0,0,0,0,0,0,0,0,0,0,0,1,1,0,0,0,0,0,0,1,1,0,0,0,0,0,0,1,1,0,0,0,0,0,0,0,1,0,0,0,0,0,0,0,0,0,0,0,0,0,0,0,0,0,0,0,0
IPL-2026-CSK-DC-74-KSK.jpg,0,0,0,0,0,0,0,0,0,0,0,0,0,0,0,0,0,0,0,0,2,0,0,0,0,0,0,0,2,0,0,0,0,0,0,0,2,0,0,0,0,0,0,2,2,0,0,0,0,0,0,0,0,0,0,0,0,0,0,0,0,0,0,0
IPL-2026-CSK-DC-75-KSK.jpg,0,0,0,0,0,0,0,0,0,0,0,2,2,0,0,0,0,0,0,2,2,0,0,0,0,0,0,2,2,0,0,0,0,0,0,2,2,0,0,0,0,0,0,0,2,0,0,0,0,0,0,0,0,0,0,0,0,0,0,0,0,0,0,0
IPL-2026-CSK-DC-76-KSK.jpg,0,0,0,0,0,0,0,0,0,0,0,0,0,1,0,0,0,0,0,1,1,1,0,0,0,0,0,1,1,1,0,0,0,0,0,1,1,1,0,0,0,0,0,1,1,0,0,0,0,0,0,0,0,0,0,0,0,0,0,0,0,0,0,0
IPL-2026-CSK-DC-77-KSK.jpg,0,0,0,0,0,0,0,0,0,0,0,0,0,0,0,0,0,0,0,1,1,0,0,0,0,0,0,1,1,0,0,0,0,0,0,1,1,0,0,0,0,0,0,1,1,0,0,0,0,0,0,0,0,0,0,0,0,0,0,0,0,0,0,0
IPL-2026-CSK-DC-78-KSK.jpg,0,2,0,0,0,2,0,0,0,2,0,0,0,2,0,0,2,2,0,2,2,2,2,0,0,2,0,2,2,2,2,0,0,2,0,2,0,2,2,0,0,2,0,2,2,0,2,0,0,2,2,2,2,0,0,0,0,0,0,0,0,0,0,0
IPL-2026-CSK-DC-79-KSK.jpg,0,0,0,0,0,0,0,0,0,0,0,0,0,0,0,0,0,0,0,0,0,0,0,0,0,0,0,0,0,0,0,0,0,1,0,2,0,0,0,0,0,1,0,2,0,0,0,0,0,1,0,2,0,0,0,0,0,0,0,0,0,0,0,0
IPL-2026-CSK-DC-8-KSK.jpg,0,0,0,0,0,0,0,0,0,0,0,0,0,2,0,0,0,0,0,2,0,2,0,0,0,0,2,2,0,2,0,0,0,0,2,2,0,2,0,0,0,0,0,0,0,0,0,0,0,0,0,0,0,0,0,0,0,0,0,0,0,0,0,0
IPL-2026-CSK-DC-80-KSK.jpg,0,0,0,0,0,0,0,0,0,0,0,0,0,0,0,0,0,0,0,0,0,0,0,0,0,0,2,0,1,0,0,0,0,0,2,0,1,0,0,0,0,0,2,0,1,1,0,0,0,0,0,0,0,0,0,0,0,0,0,0,0,0,0,0
IPL-2026-CSK-DC-81-KSK.jpg,0,0,0,0,0,0,0,0,0,0,0,0,0,0,0,0,0,0,0,0,0,0,0,0,0,1,0,0,0,0,1,0,0,1,0,0,0,1,1,0,0,1,0,0,0,0,1,0,0,0,0,0,0,0,0,0,0,0,0,0,0,0,0,0
IPL-2026-CSK-DC-82-KSK.jpg,0,0,0,0,0,0,0,0,0,0,0,0,0,0,0,2,0,1,0,0,0,0,0,2,0,1,0,0,0,0,0,2,0,1,1,0,0,0,0,2,0,1,1,0,0,0,0,2,0,0,0,0,0,0,0,0,0,0,0,0,0,0,0,0
IPL-2026-CSK-DC-83-KSK.jpg,0,0,0,0,0,0,0,0,0,0,0,1,0,0,0,0,0,0,0,1,1,0,0,0,0,0,0,1,1,0,0,0,0,0,0,1,1,0,0,0,0,0,0,1,1,0,0,0,0,0,0,0,0,0,0,0,0,0,0,0,0,0,0,0
IPL-2026-CSK-DC-84-KSK.jpg,0,0,0,0,0,0,0,0,0,0,0,0,0,0,0,0,0,0,0,0,1,0,0,0,0,0,0,0,1,0,0,0,0,0,0,1,1,0,0,0,0,0,0,0,0,0,0,0,0,0,0,0,0,0,0,0,0,0,0,0,0,0,0,0
IPL-2026-CSK-DC-85-KSK.jpg,0,0,0,0,0,0,0,0,0,0,0,1,0,0,0,0,0,0,0,1,2,2,0,0,0,0,1,1,2,2,0,0,0,0,1,1,2,2,0,0,0,0,1,1,2,2,0,0,0,0,1,1,2,2,0,0,0,0,1,1,2,2,0,0
IPL-2026-CSK-DC-86-KSK.jpg,0,0,0,0,0,0,0,0,0,0,0,2,0,0,1,0,0,0,0,1,0,0,1,0,0,0,0,0,0,0,0,0,0,0,0,0,2,0,0,0,0,0,0,0,0,0,0,0,0,0,0,0,0,0,0,0,0,0,0,0,0,0,0,0
IPL-2026-CSK-DC-87-KSK.jpg,0,0,0,0,0,0,0,0,0,0,0,2,0,0,0,0,0,0,0,2,0,0,0,0,0,0,0,2,2,0,0,0,0,0,0,2,2,0,0,0,0,0,0,0,0,0,0,0,0,0,0,0,0,0,0,0,0,0,0,0,0,0,0,0
IPL-2026-CSK-DC-88-KSK.jpg,0,0,0,0,0,0,0,0,0,0,0,0,2,0,0,0,0,0,0,1,0,0,0,0,0,0,0,1,1,0,0,0,0,0,0,0,1,0,0,0,0,0,0,1,0,0,0,0,0,0,0,0,0,0,0,0,0,0,0,0,0,0,0,0
IPL-2026-CSK-DC-89-KSK.jpg,0,0,0,0,0,0,0,0,0,0,2,0,2,0,0,0,0,0,2,0,2,0,1,1,0,0,2,0,2,0,1,0,0,0,2,0,2,0,1,0,0,0,0,0,0,0,1,0,0,0,0,0,0,0,0,0,0,0,0,0,0,0,0,0
IPL-2026-CSK-DC-9-KSK.jpg,0,0,0,0,0,0,0,0,0,1,0,0,0,0,0,0,0,1,0,0,2,0,0,0,0,1,0,0,2,0,0,0,0,1,1,0,2,0,0,0,0,1,1,0,2,0,0,0,0,0,0,0,0,0,0,0,0,0,0,0,0,0,0,0
IPL-2026-CSK-DC-90-KSK.jpg,0,0,0,0,0,0,0,0,0,0,0,0,0,0,0,0,0,1,0,0,1,1,1,0,0,1,0,1,1,1,1,0,0,1,1,1,1,1,1,0,0,1,1,1,1,1,1,0,0,1,1,1,1,1,1,1,0,0,0,0,0,0,0,0
IPL-2026-CSK-DC-91-KSK.jpg,0,0,0,0,0,0,0,0,0,0,0,0,0,0,0,0,0,0,0,0,0,0,0,0,0,0,0,0,0,0,0,0,0,0,0,0,0,0,0,0,0,0,0,0,0,0,0,0,0,0,0,0,0,0,0,0,0,0,0,0,0,0,0,0
IPL-2026-CSK-DC-92-KSK.jpg,0,0,0,0,0,0,0,0,0,0,0,0,0,0,0,0,0,0,0,0,2,0,0,0,0,0,2,2,2,0,0,0,0,2,2,0,0,0,0,0,0,0,0,0,0,0,0,0,0,0,0,0,0,0,0,0,0,0,0,0,0,0,0,0
IPL-2026-CSK-DC-93-KSK.jpg,0,0,0,0,0,0,0,0,0,0,0,0,0,0,0,0,0,0,0,1,1,0,0,0,0,0,0,0,1,0,0,0,0,0,0,0,0,0,0,0,0,0,0,0,0,0,0,0,0,0,0,0,0,0,0,0,0,0,0,0,0,0,0,0
IPL-2026-CSK-DC-94-KSK.jpg,0,0,0,0,0,0,0,0,0,0,0,0,1,0,0,0,0,0,0,0,1,0,0,0,0,0,0,0,1,0,0,0,0,0,0,0,1,0,0,0,0,0,0,1,1,0,0,0,0,0,0,0,0,0,0,0,0,0,0,0,0,0,0,0
IPL-2026-CSK-DC-95-KSK.jpg,0,0,0,0,0,0,0,0,0,0,0,0,0,0,0,0,0,0,0,0,0,1,0,0,0,1,1,1,0,0,0,1,0,1,1,0,0,1,1,1,0,1,1,0,0,0,1,1,0,0,1,1,0,1,1,0,0,0,1,1,0,1,1,1
IPL-2026-CSK-DC-96-KSK.jpg,0,0,0,0,0,0,0,0,0,1,0,0,0,0,0,0,1,1,1,1,1,1,1,1,1,1,1,1,1,0,1,0,1,1,1,1,1,0,1,0,1,1,1,1,1,1,1,0,1,1,1,1,1,0,1,0,0,0,0,0,0,0,0,0
IPL-2026-CSK-DC-97-KSK.jpg,0,0,0,0,0,0,0,0,0,0,0,0,0,0,0,0,0,0,0,0,2,0,0,0,0,0,0,0,2,0,0,0,0,0,0,2,2,0,0,0,0,0,0,2,2,0,0,0,0,0,0,0,0,0,0,0,0,0,0,0,0,0,0,0
IPL-2026-CSK-DC-98-KSK.jpg,0,0,0,0,0,0,0,0,0,0,0,0,0,0,0,0,0,0,0,0,0,1,0,0,0,1,1,1,1,1,1,1,0,1,1,1,1,1,1,1,0,1,1,1,1,1,1,1,0,1,0,1,1,0,1,0,0,1,1,1,1,1,1,1
IPL-2026-CSK-DC-99-KSK.jpg,0,0,0,0,0,0,0,0,0,0,0,0,0,0,0,0,0,0,0,1,0,0,0,0,0,0,0,1,1,0,0,0,0,0,0,1,1,0,0,0,0,0,0,1,0,0,0,0,0,0,0,0,0,0,0,0,0,0,0,0,0,0,0,0
IPL-2026-GT-CSK-1-KSK.jpg,0,0,0,0,0,0,0,0,0,3,0,0,0,0,0,0,0,3,0,0,0,1,0,0,0,3,0,0,0,1,0,0,0,3,0,0,0,1,0,0,3,3,0,0,0,1,0,0,3,3,0,0,0,0,0,0,0,0,0,0,0,0,0,0
IPL-2026-GT-CSK-10-KSK.jpg,0,0,3,0,0,0,0,0,0,0,0,0,0,0,0,0,0,3,0,3,3,0,0,0,0,3,3,3,3,3,3,0,0,3,3,3,3,3,3,0,0,3,3,3,3,3,3,0,0,0,3,3,3,3,3,0,0,0,3,3,3,3,3,0
IPL-2026-GT-CSK-11-KSK.jpg,0,0,3,0,3,3,3,0,3,3,3,0,0,3,3,0,3,3,0,0,0,3,3,3,3,3,0,0,0,0,3,3,3,3,0,0,0,0,3,3,3,0,0,3,0,0,3,3,3,0,3,0,0,3,3,0,3,3,3,3,3,3,3,3
IPL-2026-GT-CSK-12-KSK.jpg,0,0,0,0,0,0,0,0,0,0,0,0,0,0,0,0,0,0,0,3,0,0,0,0,0,0,0,3,0,0,0,0,0,0,0,3,0,0,0,0,0,0,3,3,0,0,0,0,0,0,0,3,0,0,0,0,0,0,0,0,0,0,0,0
IPL-2026-GT-CSK-13-KSK.jpg,0,0,0,0,0,0,0,0,0,0,3,3,0,0,0,0,0,0,3,3,0,0,0,0,0,0,3,3,3,0,0,0,0,0,3,3,3,0,0,0,0,0,3,3,3,0,0,0,0,0,3,3,0,0,0,0,0,0,0,3,3,0,0,0
IPL-2026-GT-CSK-14-KSK.jpg,0,0,0,0,0,0,0,0,0,0,0,0,0,0,0,0,0,0,0,0,0,0,0,0,0,0,0,0,0,0,0,0,0,0,0,0,0,0,0,0,0,0,0,0,0,0,0,0,0,0,0,0,0,0,0,0,0,0,0,0,0,0,0,0
IPL-2026-GT-CSK-15-KSK.jpg,0,0,0,0,0,0,0,0,0,0,0,0,0,0,0,0,0,0,0,0,0,0,0,0,0,0,0,0,0,0,0,0,0,0,0,0,0,0,0,0,0,0,0,0,0,0,0,0,0,0,0,0,0,0,0,0,0,0,0,0,0,0,0,0
IPL-2026-GT-CSK-16-KSK.jpg,0,0,0,0,0,0,0,0,0,0,0,0,0,0,0,0,0,0,0,3,3,0,0,0,0,0,0,3,3,0,0,0,0,0,0,0,3,0,0,0,0,0,0,0,3,0,0,0,0,0,0,0,3,0,0,0,0,0,0,0,3,0,0,0
IPL-2026-GT-CSK-17-KSK.jpg,0,0,0,0,0,0,0,0,0,0,0,0,0,0,0,0,0,0,0,0,0,0,0,0,0,0,0,0,0,0,0,0,0,0,0,0,0,0,0,0,0,0,0,0,0,0,0,0,0,0,0,0,0,0,0,0,0,0,0,0,0,0,0,0
IPL-2026-GT-CSK-18-KSK.jpg,0,0,0,0,0,0,0,0,0,0,0,0,0,0,0,0,0,0,0,0,0,0,0,0,3,0,0,3,0,0,0,0,3,0,0,3,0,0,0,0,3,0,0,3,0,0,0,0,3,0,0,3,0,0,0,0,0,0,0,0,0,0,0,0
IPL-2026-GT-CSK-19-KSK.jpg,0,0,0,0,0,0,0,0,0,0,0,0,0,0,0,0,0,0,3,3,0,0,0,0,0,0,0,0,0,0,0,0,0,0,3,3,0,0,0,0,0,0,3,0,0,0,0,0,0,0,3,3,0,0,0,0,0,0,3,3,0,0,0,0
IPL-2026-GT-CSK-2-KSK.jpg,0,0,0,0,0,0,0,0,0,0,0,0,0,0,0,0,0,0,0,0,0,0,0,0,0,0,0,0,0,0,0,0,0,0,0,0,0,0,0,0,0,0,0,0,0,0,0,0,0,0,0,0,0,0,0,0,0,0,0,0,0,0,0,0
IPL-2026-GT-CSK-20-KSK.jpg,0,0,0,0,0,0,0,0,3,0,0,0,0,0,0,0,3,0,3,3,3,3,3,0,3,0,3,3,3,3,3,0,3,0,3,3,3,3,3,0,0,3,3,3,3,3,3,0,3,0,3,3,3,3,3,0,0,0,0,0,0,0,0,0
IPL-2026-GT-CSK-21-KSK.jpg,0,0,0,0,0,0,0,0,0,0,0,3,0,0,0,0,0,0,0,3,0,0,0,0,0,0,0,3,0,0,0,0,0,0,3,3,0,0,0,0,0,0,0,0,0,0,0,0,0,0,0,0,0,0,0,0,0,0,0,0,0,0,0,0
IPL-2026-GT-CSK-22-KSK.jpg,0,0,0,0,0,0,0,0,0,0,0,0,0,0,0,0,0,0,0,0,0,0,0,0,0,0,0,0,0,0,0,0,0,0,0,0,0,0,0,0,0,0,0,0,0,0,0,0,0,0,0,0,0,0,0,0,0,0,0,0,0,0,0,0
IPL-2026-GT-CSK-23-KSK.jpg,0,0,0,0,0,0,0,0,0,0,0,0,0,0,0,0,0,0,0,0,0,0,0,0,0,0,3,0,0,1,0,0,3,3,0,0,1,1,0,0,3,3,0,0,1,1,0,0,3,0,0,0,0,0,0,0,0,0,0,0,0,0,0,0
IPL-2026-GT-CSK-24-KSK.jpg,0,0,0,0,0,0,0,0,0,0,0,0,0,0,0,0,3,3,0,3,3,0,0,1,3,3,3,3,0,0,3,1,3,3,3,3,3,0,3,1,3,3,3,3,3,0,0,1,3,3,3,3,0,0,0,0,0,0,0,0,0,0,0,0
.DS_Store,0,0,0,0,0,0,0,0,0,0,0,0,0,0,0,0,0,0,0,0,0,0,0,0,0,0,0,0,0,0,0,0,0,0,0,0,0,0,0,0,0,0,0,0,0,0,0,0,0,0,0,0,0,0,0,0,0,0,0,0,0,0,0,0
IPL-2026-GT-CSK-25-KSK.jpg,0,0,0,0,0,0,0,0,0,0,0,0,0,0,0,0,0,0,0,0,0,0,0,0,0,3,0,0,3,0,0,0,0,3,3,0,3,3,0,0,0,3,3,0,3,3,0,0,0,3,3,0,3,3,0,0,0,3,3,0,3,3,0,0
IPL-2026-GT-CSK-26-KSK.jpg,0,0,0,0,0,0,0,0,0,0,0,0,0,0,0,0,0,0,0,0,0,0,0,0,0,0,0,0,0,0,0,0,0,0,0,3,1,0,0,0,0,0,0,3,1,0,0,0,0,0,0,3,1,0,0,0,0,0,0,0,0,0,0,0
IPL-2026-GT-CSK-27-KSK.jpg,0,0,0,0,0,0,0,0,0,0,0,3,0,0,0,0,0,0,0,3,3,0,0,0,0,0,0,3,3,0,0,0,0,0,0,3,3,0,0,0,0,0,0,0,0,0,0,0,0,0,0,0,0,0,0,0,0,0,0,0,0,0,0,0
IPL-2026-GT-CSK-28-KSK.jpg,0,0,0,0,0,0,0,0,0,0,1,0,1,1,0,0,0,0,1,1,0,0,0,0,0,0,0,1,1,0,0,0,0,0,0,1,1,0,0,0,0,0,0,1,1,0,0,0,0,0,0,1,1,0,0,0,0,0,0,1,1,0,0,0
IPL-2026-GT-CSK-29-KSK.jpg,0,0,0,0,0,0,0,0,0,0,0,0,0,0,0,0,0,0,0,0,0,0,0,0,0,0,0,0,0,0,0,0,0,3,0,0,0,0,0,0,3,3,0,0,0,0,0,0,3,3,0,0,0,0,0,0,3,3,0,0,0,0,0,0
IPL-2026-GT-CSK-3-KSK.jpg,0,0,0,0,0,0,0,0,0,0,0,0,0,0,0,0,0,0,0,0,0,0,0,0,0,0,3,3,0,0,0,0,0,0,0,3,3,3,0,0,0,0,0,0,0,3,0,0,0,0,0,0,0,0,0,0,0,0,0,0,0,0,0,0
IPL-2026-GT-CSK-30-KSK.jpg,0,0,0,0,0,0,0,0,0,0,0,0,0,0,0,0,0,0,0,0,0,0,0,0,0,0,0,0,0,0,0,0,0,0,0,0,0,0,0,0,0,0,0,0,0,0,0,0,0,0,1,0,0,0,0,0,0,0,1,0,0,0,0,0
IPL-2026-GT-CSK-31-KSK.jpg,0,0,0,0,0,0,0,0,0,0,0,0,1,1,0,0,0,0,0,0,1,1,0,0,0,0,0,0,1,1,0,0,0,0,0,0,1,1,1,0,0,0,0,0,1,0,1,0,0,0,0,1,0,0,0,0,0,0,0,0,0,0,0,0
IPL-2026-GT-CSK-32-KSK.jpg,0,0,0,0,0,0,0,0,0,0,0,0,0,0,0,0,0,0,0,0,0,0,0,0,0,0,0,0,0,0,0,0,0,0,0,0,0,0,0,0,0,0,0,0,0,0,0,0,0,0,0,0,0,0,0,0,0,0,0,0,0,0,0,0
IPL-2026-GT-CSK-33-KSK.jpg,0,0,0,0,0,0,0,0,0,0,0,0,0,0,0,0,0,0,0,0,0,0,0,0,0,0,0,0,0,0,0,0,0,0,0,3,0,0,0,0,0,0,0,3,3,0,0,0,0,0,0,3,3,0,0,0,0,0,0,0,3,0,0,0
IPL-2026-GT-CSK-34-KSK.jpg,0,0,0,0,0,0,0,0,0,0,0,0,0,0,0,0,0,0,0,0,3,0,0,0,0,0,0,0,3,0,0,0,0,0,0,0,3,0,0,0,0,0,0,3,3,3,0,0,0,0,0,3,0,0,0,0,0,0,0,0,0,0,0,0
IPL-2026-GT-CSK-35-KSK.jpg,0,0,0,0,0,0,0,0,0,0,0,0,0,0,0,0,0,3,0,3,3,0,3,3,3,3,3,3,3,3,3,3,3,3,3,3,3,0,3,3,3,3,3,3,3,0,3,3,3,3,3,3,0,0,3,0,0,0,0,0,0,0,0,0
IPL-2026-GT-CSK-36-KSK.jpg,0,3,0,0,0,0,0,0,0,0,0,0,0,0,3,0,0,3,3,3,0,0,0,0,3,3,3,3,0,3,3,3,3,3,3,3,0,3,3,3,3,3,3,3,3,3,3,3,3,3,3,3,3,3,3,3,3,3,3,3,0,3,3,3
IPL-2026-GT-CSK-37-KSK.jpg,0,0,0,0,1,0,0,0,0,0,0,0,0,0,0,0,0,0,3,3,1,1,0,0,0,0,3,0,1,1,0,0,0,0,3,0,1,1,0,0,0,0,3,3,1,1,0,0,0,0,3,3,1,1,0,0,0,0,3,3,1,1,0,0
IPL-2026-GT-CSK-38-KSK.jpg,0,0,0,0,0,0,0,0,0,0,0,3,0,0,0,0,0,0,0,0,1,0,0,0,0,0,3,1,1,0,0,0,0,0,3,1,1,0,0,0,0,0,3,1,1,0,0,0,0,3,3,1,1,0,0,0,0,0,3,1,1,0,0,0
IPL-2026-GT-CSK-39-KSK.jpg,0,0,0,0,0,0,0,0,0,0,0,0,0,0,0,0,0,0,0,0,0,0,0,0,0,0,0,0,0,0,0,0,0,0,0,0,0,0,0,0,0,0,0,0,0,0,0,0,0,0,0,0,0,0,0,0,0,0,0,0,0,0,0,0
IPL-2026-GT-CSK-4-KSK.jpg,0,0,0,0,0,0,0,0,0,0,0,0,0,0,0,0,1,1,0,0,0,0,0,0,0,1,1,1,1,1,0,0,0,0,1,1,1,1,0,0,0,0,0,0,1,1,0,0,0,0,0,0,1,0,0,0,0,0,0,0,0,0,0,0
IPL-2026-GT-CSK-40-KSK.jpg,0,0,0,0,0,0,0,0,0,0,0,0,3,3,0,0,0,0,0,0,3,3,0,0,0,0,0,0,3,3,0,0,0,0,0,0,3,0,0,0,0,1,0,0,1,0,0,0,0,0,1,1,1,0,0,0,0,0,0,0,0,0,0,0
IPL-2026-GT-CSK-41-KSK.jpg,0,0,0,0,0,0,0,0,0,0,0,0,0,0,0,0,0,0,3,3,0,0,0,0,0,0,0,0,0,0,0,0,0,0,3,3,0,0,0,0,0,0,0,3,0,0,0,0,0,0,0,3,0,0,0,0,0,0,0,3,0,0,0,0
IPL-2026-GT-CSK-42-KSK.jpg,0,0,0,0,0,0,0,0,0,0,0,0,0,0,0,0,0,0,0,0,0,0,0,0,0,0,0,0,0,0,0,0,0,0,0,0,0,0,0,0,0,0,0,0,0,0,0,0,0,0,0,0,0,0,0,0,0,0,0,0,0,0,0,0
IPL-2026-GT-CSK-43-KSK.jpg,0,0,0,0,0,0,0,0,0,0,0,0,0,0,0,0,0,0,0,0,0,0,0,0,0,0,0,0,0,0,0,0,0,0,0,0,3,0,0,0,0,0,0,3,0,0,0,0,0,0,0,0,0,0,0,0,0,0,0,0,0,0,0,0
IPL-2026-GT-CSK-44-KSK.jpg,0,0,0,0,1,0,0,0,0,0,0,0,1,0,0,0,0,0,0,3,3,0,0,0,0,0,0,3,3,0,0,0,0,0,0,3,3,0,0,0,0,0,0,3,3,0,0,0,0,0,0,3,3,0,0,0,0,0,0,3,3,0,0,0
IPL-2026-GT-CSK-45-KSK.jpg,0,0,0,0,0,0,0,0,0,0,0,1,0,0,0,0,0,0,0,0,0,0,0,0,0,0,0,0,0,0,0,0,0,0,0,0,0,0,1,0,1,0,0,0,0,0,1,0,0,0,0,0,0,0,0,0,0,0,0,0,0,0,0,0
IPL-2026-GT-CSK-46-KSK.jpg,0,0,0,0,0,0,0,0,0,0,0,0,0,0,0,0,0,0,0,0,0,0,0,0,0,0,0,3,3,0,0,0,0,0,0,3,3,0,0,0,0,0,0,3,3,0,0,0,0,0,0,3,3,0,0,0,0,0,0,3,3,0,0,0
IPL-2026-GT-CSK-47-KSK.jpg,0,0,0,0,0,0,0,0,0,0,0,3,0,3,0,0,0,0,0,3,0,3,0,0,0,0,0,3,0,3,0,0,0,0,0,3,3,3,0,0,0,0,0,3,3,3,0,0,0,0,0,0,0,0,0,0,0,0,0,0,0,0,0,0
IPL-2026-GT-CSK-48-KSK.jpg,0,0,0,0,0,0,0,0,0,0,0,0,0,0,0,0,0,0,0,0,0,0,0,0,0,0,0,0,3,3,0,0,0,0,0,0,3,3,0,0,0,0,0,0,3,3,0,0,0,0,0,0,3,0,0,0,0,0,0,0,3,0,0,0
IPL-2026-GT-CSK-49-KSK.jpg,0,0,0,0,0,0,0,0,0,0,0,0,0,0,0,0,0,0,0,0,0,0,0,0,0,0,0,1,1,0,0,0,0,0,0,1,1,1,0,0,0,0,0,1,1,1,0,0,0,0,0,1,0,1,0,0,0,0,0,0,0,0,0,0
IPL-2026-GT-CSK-5-KSK.jpg,0,0,0,0,0,0,0,0,0,0,0,0,0,0,0,0,0,0,0,0,0,0,0,0,0,0,0,0,0,0,0,0,0,0,0,0,0,0,0,0,0,0,0,0,0,0,0,0,0,0,0,0,0,0,0,0,0,0,0,0,0,0,0,0
IPL-2026-GT-CSK-50-KSK.jpg,0,0,0,0,0,0,0,0,0,0,0,0,0,0,0,0,0,0,0,0,0,0,0,0,0,0,0,0,0,0,0,0,0,0,0,0,0,0,0,0,0,0,0,0,0,0,0,0,0,0,0,0,0,0,0,0,0,0,0,0,0,0,0,0
IPL-2026-GT-CSK-51-KSK.jpg,0,0,0,0,0,0,0,0,0,0,0,0,0,0,0,0,0,0,0,0,0,0,1,1,0,3,3,3,0,0,1,1,0,0,3,3,0,0,1,1,0,0,3,3,0,0,1,1,0,0,3,3,0,0,1,1,0,0,3,3,0,0,1,1
IPL-2026-GT-CSK-52-KSK.jpg,0,0,0,0,0,0,0,0,0,0,0,0,0,0,0,0,0,0,0,0,0,0,0,0,0,0,0,0,0,0,0,0,0,0,3,3,3,3,3,0,0,0,3,3,3,3,0,0,0,3,0,0,0,0,0,0,0,0,0,0,0,0,0,0
IPL-2026-GT-CSK-6-KSK.jpg,0,0,0,0,0,0,0,0,0,0,0,3,3,0,0,0,0,0,3,3,3,0,0,0,0,0,3,3,3,0,0,0,0,0,3,3,3,0,0,0,0,0,0,0,0,0,0,0,0,0,0,0,0,0,0,0,0,0,0,0,0,0,0,0
IPL-2026-GT-CSK-7-KSK.jpg,0,0,0,0,0,0,0,0,0,0,0,0,3,3,0,0,0,0,0,0,3,3,0,0,0,0,0,0,3,3,0,0,0,0,0,0,3,3,0,0,0,0,0,0,0,0,0,0,0,0,0,0,0,0,0,0,0,0,0,0,0,0,0,0
IPL-2026-GT-CSK-8-KSK.jpg,0,0,0,0,0,0,0,0,0,0,0,3,0,0,0,0,0,0,0,0,3,0,0,0,0,0,0,0,3,0,0,0,0,0,0,0,3,3,0,0,0,0,0,0,0,0,0,0,0,0,0,0,0,0,0,0,0,0,0,0,0,0,0,0
IPL-2026-GT-CSK-9-KSK.jpg,0,0,0,3,0,0,0,0,0,0,0,0,0,0,0,0,0,0,0,3,0,0,0,0,0,0,0,3,0,0,0,0,0,0,0,3,0,0,0,0,0,0,0,3,0,0,0,0,0,0,0,0,0,0,0,0,0,0,0,0,0,0,0,0
